出願番号,出願日,発明の名称,要約,請求の範囲,出願人,発明者,IPC,ステータス
特願2023-100763,2023/11/07,乾式電極成形プロセス及びその製造方法,本発明は、乾式電極成形プロセスに関する。従来技術では積層時に層間に空隙が残り抵抗が増えるという課題があった。本発明では、ロールプレスの線圧条件を段階制御することにより、製造コストを削減する。これにより全固体リチウムイオン二次電池の実用化に寄与する。,乾式電極成形プロセスを備え、ロールプレスの線圧条件を段階制御することを特徴とする全固体電池。,蒼海自動車,林 由美;林 浩二;森 香織,H01M10/0585;H01M4/04,審査中
特願2016-100014,2016/11/19,アルジロダイト型硫化物及びその製造方法,本発明は、アルジロダイト型硫化物に関する。従来技術ではイオン伝導度が実用水準に届かないという課題があった。本発明では、表面を酸化物系保護層で被覆することにより、充放電サイクル特性を改善する。これにより全固体リチウムイオン二次電池の実用化に寄与する。,アルジロダイト型硫化物を備え、表面を酸化物系保護層で被覆することを特徴とする全固体電池。,蒼海自動車,鈴木 修平;鈴木 拓也;中村 香織,C01B17/22;H01M10/0562,登録
特願2022-100514,2022/04/12,複合正極合材及びその製造方法,本発明は、複合正極合材に関する。従来技術では充放電に伴う体積変化で界面が剥離するという課題があった。本発明では、スラリー混練条件を制御し均一分散させることにより、電極内の利用率を向上する。これにより全固体リチウムイオン二次電池の実用化に寄与する。,複合正極合材を備え、スラリー混練条件を制御し均一分散させることを特徴とする全固体電池。,北斗モータース,山本 裕子;鈴木 健一;林 真一,H01M10/0562;H01M4/62,公開
特願2020-100805,2020/08/14,バイポーラ型全固体電池及びその製造方法,本発明は、バイポーラ型全固体電池に関する。従来技術ではセル拘束圧の維持と軽量化が両立しないという課題があった。本発明では、バイポーラ集電体で直列接続を内蔵化することにより、温度分布を均一化し寿命を延ばす。これにより全固体リチウムイオン二次電池の実用化に寄与する。,バイポーラ型全固体電池を備え、バイポーラ集電体で直列接続を内蔵化することを特徴とする全固体電池。,燕岳鉱業,森 大輔;木村 浩二;小林 太郎,H01M50/20;H01M50/509,登録
特願2016-100829,2016/08/11,電池モジュール筐体及びその製造方法,本発明は、電池モジュール筐体に関する。従来技術では端子部の接触抵抗が大きいという課題があった。本発明では、バイポーラ集電体で直列接続を内蔵化することにより、部品点数を削減する。これにより全固体リチウムイオン二次電池の実用化に寄与する。,電池モジュール筐体を備え、バイポーラ集電体で直列接続を内蔵化することを特徴とする全固体電池。,九曜電子,吉田 恵;田中 真一,H01M50/509,拒絶
特願2022-100568,2022/12/04,リチウム金属負極及びその製造方法,本発明は、リチウム金属負極に関する。従来技術では負極と電解質の界面で副反応が進行するという課題があった。本発明では、集電体表面に親リチウム性シード層を設けることにより、エネルギー密度を大幅に向上する。これにより全固体リチウムイオン二次電池の実用化に寄与する。,リチウム金属負極を備え、集電体表面に親リチウム性シード層を設けることを特徴とする全固体電池。,北斗モータース,木村 健一,H01M10/052;H01M4/134,公開
特願2024-100629,2024/06/13,無負極型集電体構造及びその製造方法,本発明は、無負極型集電体構造に関する。従来技術ではリチウムの不均一析出で容量が劣化するという課題があった。本発明では、析出溶解を均一化する拘束圧構造を採用することにより、エネルギー密度を大幅に向上する。これにより全固体リチウムイオン二次電池の実用化に寄与する。,無負極型集電体構造を備え、析出溶解を均一化する拘束圧構造を採用することを特徴とする全固体電池。,常盤田精機,森 大輔;吉田 裕子;吉田 修平,H01M10/052;H01M4/38,公開
特願2024-100557,2024/07/02,リチウム析出制御層及びその製造方法,本発明は、リチウム析出制御層に関する。従来技術では充電時にデンドライトが成長し短絡に至るという課題があった。本発明では、析出溶解を均一化する拘束圧構造を採用することにより、クーロン効率を改善する。これにより全固体リチウムイオン二次電池の実用化に寄与する。,リチウム析出制御層を備え、析出溶解を均一化する拘束圧構造を採用することを特徴とする全固体電池。,瀬戸内硝子,清水 誠;渡辺 恵,H01M4/134;H01M4/38,審査中
特願2021-100618,2021/10/04,リチウム金属負極を用いた全固体電池,本発明は、リチウム金属負極に関する。従来技術では充電時にデンドライトが成長し短絡に至るという課題があった。本発明では、固体電解質との界面に緩衝層を挿入することにより、エネルギー密度を大幅に向上する。これにより全固体リチウムイオン二次電池の実用化に寄与する。,リチウム金属負極を備え、固体電解質との界面に緩衝層を挿入することを特徴とする全固体電池。,蒼海自動車,加藤 拓也,H01M10/052;H01M4/38,登録
特願2019-100676,2019/01/11,加圧焼結積層工程及びその製造方法,本発明は、加圧焼結積層工程に関する。従来技術では積層時に層間に空隙が残り抵抗が増えるという課題があった。本発明では、等方加圧により積層界面を密着させることにより、層間密着性を高め内部抵抗を低減する。これにより全固体リチウムイオン二次電池の実用化に寄与する。,加圧焼結積層工程を備え、等方加圧により積層界面を密着させることを特徴とする全固体電池。,白樺電工,中村 亮;伊藤 裕子,B32B37/00;H01M10/0585,審査中
特願2015-100844,2015/12/21,バイポーラ型全固体電池及びその製造方法,本発明は、バイポーラ型全固体電池に関する。従来技術では端子部の接触抵抗が大きいという課題があった。本発明では、冷却流路をモジュール内に一体成形することにより、部品点数を削減する。これにより全固体リチウムイオン二次電池の実用化に寄与する。,バイポーラ型全固体電池を備え、冷却流路をモジュール内に一体成形することを特徴とする全固体電池。,燕岳鉱業,斎藤 美咲;林 拓也;山口 香織,H01M10/613;H01M50/509,登録
特願2015-100795,2015/04/26,バイポーラ型全固体電池を用いた全固体電池,本発明は、バイポーラ型全固体電池に関する。従来技術では直列積層時の熱分布が不均一になるという課題があった。本発明では、弾性部材を介した均一拘束構造とすることにより、温度分布を均一化し寿命を延ばす。これにより全固体リチウムイオン二次電池の実用化に寄与する。,バイポーラ型全固体電池を備え、弾性部材を介した均一拘束構造とすることを特徴とする全固体電池。,北斗モータース,高橋 大輔;吉田 裕子,H01M10/613;H01M50/509,登録
特願2022-100550,2022/06/02,無負極型集電体構造及びその製造方法,本発明は、無負極型集電体構造に関する。従来技術では負極と電解質の界面で副反応が進行するという課題があった。本発明では、集電体表面に親リチウム性シード層を設けることにより、デンドライト発生を抑制し安全性を高める。これにより全固体リチウムイオン二次電池の実用化に寄与する。,無負極型集電体構造を備え、集電体表面に親リチウム性シード層を設けることを特徴とする全固体電池。,常盤田精機,鈴木 修平,H01M4/134,審査中
特願2019-100098,2019/07/01,Li2S-P2S5系ガラスセラミックス及びその製造方法,本発明は、Li2S-P2S5系ガラスセラミックスに関する。従来技術では電極との界面抵抗が増大するという課題があった。本発明では、ハロゲン元素を部分置換した組成とすることにより、硫化水素の発生量を大幅に抑制する。これにより全固体リチウムイオン二次電池の実用化に寄与する。,Li2S-P2S5系ガラスセラミックスを備え、ハロゲン元素を部分置換した組成とすることを特徴とする全固体電池。,白鳳電機産業,高橋 太郎;林 大輔,H01M10/0562,公開
特願2017-100360,2017/02/15,架橋ゲルポリマー電解質を用いた全固体電池,本発明は、架橋ゲルポリマー電解質に関する。従来技術では電位窓が狭く高電圧正極に適用できないという課題があった。本発明では、可塑剤と無機フィラーを複合化することにより、薄膜大面積化を容易にする。これにより全固体リチウムイオン二次電池の実用化に寄与する。,架橋ゲルポリマー電解質を備え、可塑剤と無機フィラーを複合化することを特徴とする全固体電池。,蒼海自動車,山田 修平;林 太郎,C08J5/22,取下
特願2016-100320,2016/07/05,有機無機ハイブリッド電解質膜及びその製造方法,本発明は、有機無機ハイブリッド電解質膜に関する。従来技術では機械的強度と柔軟性の両立が難しいという課題があった。本発明では、ブロック共重合体で相分離構造を制御することにより、柔軟性と伝導度を両立する。これにより全固体リチウムイオン二次電池の実用化に寄与する。,有機無機ハイブリッド電解質膜を備え、ブロック共重合体で相分離構造を制御することを特徴とする全固体電池。,常盤田精機,中村 真一;山田 直樹;加藤 直樹,C08J5/22,拒絶
特願2023-100743,2023/10/18,電極シート成形装置及びその製造方法,本発明は、電極シート成形装置に関する。従来技術では積層時に層間に空隙が残り抵抗が増えるという課題があった。本発明では、ロールプレスの線圧条件を段階制御することにより、量産タクトを短縮する。これにより全固体リチウムイオン二次電池の実用化に寄与する。,電極シート成形装置を備え、ロールプレスの線圧条件を段階制御することを特徴とする全固体電池。,若草セラミックス,田中 彩,B32B37/00;H01M10/0585,登録
特願2015-100156,2015/07/21,硫化物系固体電解質を用いた全固体電池,本発明は、硫化物系固体電解質に関する。従来技術ではイオン伝導度が実用水準に届かないという課題があった。本発明では、表面を酸化物系保護層で被覆することにより、充放電サイクル特性を改善する。これにより全固体リチウムイオン二次電池の実用化に寄与する。,硫化物系固体電解質を備え、表面を酸化物系保護層で被覆することを特徴とする全固体電池。,北斗モータース,井上 花子;伊藤 大輔;田中 修平,C01B17/22,登録
特願2020-100704,2020/02/12,加圧焼結積層工程及びその製造方法,本発明は、加圧焼結積層工程に関する。従来技術では大面積化すると均一な加圧が難しいという課題があった。本発明では、乾式成膜により無溶媒で電極層を形成することにより、量産タクトを短縮する。これにより全固体リチウムイオン二次電池の実用化に寄与する。,加圧焼結積層工程を備え、乾式成膜により無溶媒で電極層を形成することを特徴とする全固体電池。,汐留マテリアル,小林 恵,H01M4/04,登録
特願2015-100788,2015/07/27,拘束圧付与機構及びその製造方法,本発明は、拘束圧付与機構に関する。従来技術では直列積層時の熱分布が不均一になるという課題があった。本発明では、冷却流路をモジュール内に一体成形することにより、部品点数を削減する。これにより全固体リチウムイオン二次電池の実用化に寄与する。,拘束圧付与機構を備え、冷却流路をモジュール内に一体成形することを特徴とする全固体電池。,白鳳電機産業,森 健一;伊藤 真一,H01M50/20;H01M50/509,登録
特願2021-100941,2021/10/23,Li2S-P2S5系ガラスセラミックス及びその製造方法,本発明は、Li2S-P2S5系ガラスセラミックスに関する。従来技術ではイオン伝導度が実用水準に届かないという課題があった。本発明では、表面を酸化物系保護層で被覆することにより、量産タクトを短縮する。これにより全固体リチウムイオン二次電池の実用化に寄与する。,Li2S-P2S5系ガラスセラミックスを備え、表面を酸化物系保護層で被覆することを特徴とする全固体電池。,みなと化学工業,田中 裕子;山田 美咲,C01B17/22,登録
特願2017-100361,2017/07/27,ポリエチレンオキシド系ポリマー電解質及びその製造方法,本発明は、ポリエチレンオキシド系ポリマー電解質に関する。従来技術では電位窓が狭く高電圧正極に適用できないという課題があった。本発明では、紫外線架橋により三次元網目構造を形成することにより、柔軟性と伝導度を両立する。これにより全固体リチウムイオン二次電池の実用化に寄与する。,ポリエチレンオキシド系ポリマー電解質を備え、紫外線架橋により三次元網目構造を形成することを特徴とする全固体電池。,九曜電子,田中 修平,H01M10/0565,登録
特願2017-100172,2017/10/04,硫化物系固体電解質及びその製造方法,本発明は、硫化物系固体電解質に関する。従来技術では大気中の水分と反応して硫化水素が発生するという課題があった。本発明では、ハロゲン元素を部分置換した組成とすることにより、室温で高いリチウムイオン伝導度を実現する。これにより全固体リチウムイオン二次電池の実用化に寄与する。,硫化物系固体電解質を備え、ハロゲン元素を部分置換した組成とすることを特徴とする全固体電池。,九曜電子,加藤 健一;森 直樹,C01B17/22;H01M10/0562,登録
特願2019-100074,2019/06/11,硫化物系固体電解質及びその製造方法,本発明は、硫化物系固体電解質に関する。従来技術では粒界での抵抗が大きいという課題があった。本発明では、ガラスセラミックス化の熱処理条件を最適化することにより、充放電サイクル特性を改善する。これにより全固体リチウムイオン二次電池の実用化に寄与する。,硫化物系固体電解質を備え、ガラスセラミックス化の熱処理条件を最適化することを特徴とする全固体電池。,白鳳電機産業,中村 裕子;高橋 望,H01B1/06;H01M10/0562,登録
特願2018-100023,2018/06/28,アルジロダイト型硫化物及びその製造方法,本発明は、アルジロダイト型硫化物に関する。従来技術では大気中の水分と反応して硫化水素が発生するという課題があった。本発明では、ガラスセラミックス化の熱処理条件を最適化することにより、充放電サイクル特性を改善する。これにより全固体リチウムイオン二次電池の実用化に寄与する。,アルジロダイト型硫化物を備え、ガラスセラミックス化の熱処理条件を最適化することを特徴とする全固体電池。,蒼海自動車,佐藤 望;鈴木 美咲;渡辺 修平,H01B1/06;H01M10/0562,拒絶
特願2018-100449,2018/04/21,複合正極合材及びその製造方法,本発明は、複合正極合材に関する。従来技術では充放電に伴う体積変化で界面が剥離するという課題があった。本発明では、導電助剤と電解質の配合比を最適化することにより、電極内の利用率を向上する。これにより全固体リチウムイオン二次電池の実用化に寄与する。,複合正極合材を備え、導電助剤と電解質の配合比を最適化することを特徴とする全固体電池。,常盤田精機,林 拓也;山口 健一,H01M10/0562,登録
特願2021-100295,2021/03/03,ペロブスカイト型酸化物電解質及びその製造方法,本発明は、ペロブスカイト型酸化物電解質に関する。従来技術では粒界抵抗がイオン伝導を阻害するという課題があった。本発明では、粒界に非晶質層を導入することにより、低温プロセスでの量産性を高める。これにより全固体リチウムイオン二次電池の実用化に寄与する。,ペロブスカイト型酸化物電解質を備え、粒界に非晶質層を導入することを特徴とする全固体電池。,蒼海自動車,井上 大輔;清水 真一;清水 大輔,C04B35/486;H01M10/0562,登録
特願2025-100620,2025/05/01,リチウム金属負極及びその製造方法,本発明は、リチウム金属負極に関する。従来技術ではリチウムの不均一析出で容量が劣化するという課題があった。本発明では、固体電解質との界面に緩衝層を挿入することにより、デンドライト発生を抑制し安全性を高める。これにより全固体リチウムイオン二次電池の実用化に寄与する。,リチウム金属負極を備え、固体電解質との界面に緩衝層を挿入することを特徴とする全固体電池。,汐留マテリアル,森 浩二;加藤 修平;小林 香織,H01M10/052;H01M4/38,審査中
特願2024-100510,2024/12/17,NCM系正極と固体電解質の複合体を用いた全固体電池,本発明は、NCM系正極と固体電解質の複合体に関する。従来技術では充放電に伴う体積変化で界面が剥離するという課題があった。本発明では、スラリー混練条件を制御し均一分散させることにより、サイクル後の容量維持率を改善する。これにより全固体リチウムイオン二次電池の実用化に寄与する。,NCM系正極と固体電解質の複合体を備え、スラリー混練条件を制御し均一分散させることを特徴とする全固体電池。,燕岳鉱業,林 香織;渡辺 望,H01M10/0562;H01M4/62,公開
特願2015-100322,2015/05/13,ポリエチレンオキシド系ポリマー電解質及びその製造方法,本発明は、ポリエチレンオキシド系ポリマー電解質に関する。従来技術では機械的強度と柔軟性の両立が難しいという課題があった。本発明では、紫外線架橋により三次元網目構造を形成することにより、柔軟性と伝導度を両立する。これにより全固体リチウムイオン二次電池の実用化に寄与する。,ポリエチレンオキシド系ポリマー電解質を備え、紫外線架橋により三次元網目構造を形成することを特徴とする全固体電池。,蓬莱新能源,小林 大輔;中村 彩,C08J5/22;H01B1/12,登録
特願2022-100541,2022/11/20,リチウム金属負極及びその製造方法,本発明は、リチウム金属負極に関する。従来技術では負極と電解質の界面で副反応が進行するという課題があった。本発明では、析出溶解を均一化する拘束圧構造を採用することにより、クーロン効率を改善する。これにより全固体リチウムイオン二次電池の実用化に寄与する。,リチウム金属負極を備え、析出溶解を均一化する拘束圧構造を採用することを特徴とする全固体電池。,蒼海自動車,松本 望;鈴木 恵,H01M10/052;H01M4/38,公開
特願2022-100910,2022/06/25,乾式電極成形プロセス及びその製造方法,本発明は、乾式電極成形プロセスに関する。従来技術では積層時に層間に空隙が残り抵抗が増えるという課題があった。本発明では、等方加圧により積層界面を密着させることにより、量産タクトを短縮する。これにより全固体リチウムイオン二次電池の実用化に寄与する。,乾式電極成形プロセスを備え、等方加圧により積層界面を密着させることを特徴とする全固体電池。,汐留マテリアル,木村 彩;高橋 美咲;森 美咲,B32B37/00,審査中
特願2020-100443,2020/10/21,正極-電解質界面被覆層及びその製造方法,本発明は、正極-電解質界面被覆層に関する。従来技術では正極活物質と硫化物電解質の界面で高抵抗層が形成されるという課題があった。本発明では、導電助剤と電解質の配合比を最適化することにより、電極内の利用率を向上する。これにより全固体リチウムイオン二次電池の実用化に寄与する。,正極-電解質界面被覆層を備え、導電助剤と電解質の配合比を最適化することを特徴とする全固体電池。,みなと化学工業,清水 望;山口 誠,H01M10/0562;H01M4/525,取下
特願2022-100754,2022/08/15,電極シート成形装置及びその製造方法,本発明は、電極シート成形装置に関する。従来技術では積層時に層間に空隙が残り抵抗が増えるという課題があった。本発明では、等方加圧により積層界面を密着させることにより、量産タクトを短縮する。これにより全固体リチウムイオン二次電池の実用化に寄与する。,電極シート成形装置を備え、等方加圧により積層界面を密着させることを特徴とする全固体電池。,北斗モータース,斎藤 由美;松本 裕子;斎藤 望,H01M10/0585,審査中
特願2016-100173,2016/09/21,アルジロダイト型硫化物及びその製造方法,本発明は、アルジロダイト型硫化物に関する。従来技術では粒界での抵抗が大きいという課題があった。本発明では、表面を酸化物系保護層で被覆することにより、硫化水素の発生量を大幅に抑制する。これにより全固体リチウムイオン二次電池の実用化に寄与する。,アルジロダイト型硫化物を備え、表面を酸化物系保護層で被覆することを特徴とする全固体電池。,常盤田精機,清水 静香;清水 望,H01B1/06,登録
特願2018-100832,2018/08/26,バイポーラ型全固体電池及びその製造方法,本発明は、バイポーラ型全固体電池に関する。従来技術ではセル拘束圧の維持と軽量化が両立しないという課題があった。本発明では、バイポーラ集電体で直列接続を内蔵化することにより、体積エネルギー密度を高める。これにより全固体リチウムイオン二次電池の実用化に寄与する。,バイポーラ型全固体電池を備え、バイポーラ集電体で直列接続を内蔵化することを特徴とする全固体電池。,ソルグリーンエナジー,清水 大輔,H01M50/509,拒絶
特願2022-100675,2022/04/28,乾式電極成形プロセスを用いた全固体電池,本発明は、乾式電極成形プロセスに関する。従来技術では溶媒系プロセスが電解質を劣化させるという課題があった。本発明では、ロールプレスの線圧条件を段階制御することにより、層間密着性を高め内部抵抗を低減する。これにより全固体リチウムイオン二次電池の実用化に寄与する。,乾式電極成形プロセスを備え、ロールプレスの線圧条件を段階制御することを特徴とする全固体電池。,九曜電子,佐藤 隆;清水 隆,B32B37/00;H01M4/04,公開
特願2020-100269,2020/12/15,NASICON型リン酸系酸化物及びその製造方法,本発明は、NASICON型リン酸系酸化物に関する。従来技術では薄膜化すると機械的強度が不足するという課題があった。本発明では、粒界に非晶質層を導入することにより、粒界抵抗を低減し伝導度を向上する。これにより全固体リチウムイオン二次電池の実用化に寄与する。,NASICON型リン酸系酸化物を備え、粒界に非晶質層を導入することを特徴とする全固体電池。,九曜電子,清水 修平;清水 望;中村 香織,H01M10/0562,拒絶
特願2020-100171,2020/05/15,Li6PS5Cl固体電解質を用いた全固体電池,本発明は、Li6PS5Cl固体電解質に関する。従来技術では電極との界面抵抗が増大するという課題があった。本発明では、表面を酸化物系保護層で被覆することにより、硫化水素の発生量を大幅に抑制する。これにより全固体リチウムイオン二次電池の実用化に寄与する。,Li6PS5Cl固体電解質を備え、表面を酸化物系保護層で被覆することを特徴とする全固体電池。,みなと化学工業,渡辺 大輔;清水 花子,H01M10/0562,公開
特願2018-100013,2018/04/12,硫化物系固体電解質及びその製造方法,本発明は、硫化物系固体電解質に関する。従来技術ではイオン伝導度が実用水準に届かないという課題があった。本発明では、表面を酸化物系保護層で被覆することにより、充放電サイクル特性を改善する。これにより全固体リチウムイオン二次電池の実用化に寄与する。,硫化物系固体電解質を備え、表面を酸化物系保護層で被覆することを特徴とする全固体電池。,みなと化学工業,鈴木 彩,H01B1/06;H01M10/0562,登録
特願2023-100181,2023/11/02,NASICON型リン酸系酸化物及びその製造方法,本発明は、NASICON型リン酸系酸化物に関する。従来技術では焼結温度が高くエネルギーコストが大きいという課題があった。本発明では、テープ成形により薄膜シート化することにより、粒界抵抗を低減し伝導度を向上する。これにより全固体リチウムイオン二次電池の実用化に寄与する。,NASICON型リン酸系酸化物を備え、テープ成形により薄膜シート化することを特徴とする全固体電池。,常盤田精機,山本 彩,C04B35/486;H01M10/0562,公開
特願2018-100706,2018/10/20,電極シート成形装置及びその製造方法,本発明は、電極シート成形装置に関する。従来技術では積層時に層間に空隙が残り抵抗が増えるという課題があった。本発明では、等方加圧により積層界面を密着させることにより、製造コストを削減する。これにより全固体リチウムイオン二次電池の実用化に寄与する。,電極シート成形装置を備え、等方加圧により積層界面を密着させることを特徴とする全固体電池。,北斗モータース,鈴木 拓也,B32B37/00;H01M4/04,登録
特願2019-100052,2019/01/17,硫化物系固体電解質及びその製造方法,本発明は、硫化物系固体電解質に関する。従来技術では大気中の水分と反応して硫化水素が発生するという課題があった。本発明では、表面を酸化物系保護層で被覆することにより、硫化水素の発生量を大幅に抑制する。これにより全固体リチウムイオン二次電池の実用化に寄与する。,硫化物系固体電解質を備え、表面を酸化物系保護層で被覆することを特徴とする全固体電池。,蒼海自動車,林 健一,C01B17/22;H01M10/0562,登録
特願2019-100585,2019/05/07,リチウム合金負極を用いた全固体電池,本発明は、リチウム合金負極に関する。従来技術では負極と電解質の界面で副反応が進行するという課題があった。本発明では、析出溶解を均一化する拘束圧構造を採用することにより、エネルギー密度を大幅に向上する。これにより全固体リチウムイオン二次電池の実用化に寄与する。,リチウム合金負極を備え、析出溶解を均一化する拘束圧構造を採用することを特徴とする全固体電池。,九曜電子,森 香織;清水 浩二,H01M4/38,登録
特願2021-100207,2021/03/26,酸化物系固体電解質焼結体を用いた全固体電池,本発明は、酸化物系固体電解質焼結体に関する。従来技術では焼結温度が高くエネルギーコストが大きいという課題があった。本発明では、焼結助剤を添加して低温焼結を可能にすることにより、デンドライト耐性を改善する。これにより全固体リチウムイオン二次電池の実用化に寄与する。,酸化物系固体電解質焼結体を備え、焼結助剤を添加して低温焼結を可能にすることを特徴とする全固体電池。,北斗モータース,木村 浩二;林 静香,C04B35/486,拒絶
特願2023-100151,2023/12/22,Li2S-P2S5系ガラスセラミックス及びその製造方法,本発明は、Li2S-P2S5系ガラスセラミックスに関する。従来技術では粒界での抵抗が大きいという課題があった。本発明では、ガラスセラミックス化の熱処理条件を最適化することにより、充放電サイクル特性を改善する。これにより全固体リチウムイオン二次電池の実用化に寄与する。,Li2S-P2S5系ガラスセラミックスを備え、ガラスセラミックス化の熱処理条件を最適化することを特徴とする全固体電池。,北斗モータース,林 太郎;清水 浩二,C01B17/22;H01B1/06,公開
特願2018-100802,2018/11/22,積層セルパッケージ及びその製造方法,本発明は、積層セルパッケージに関する。従来技術ではセル拘束圧の維持と軽量化が両立しないという課題があった。本発明では、冷却流路をモジュール内に一体成形することにより、温度分布を均一化し寿命を延ばす。これにより全固体リチウムイオン二次電池の実用化に寄与する。,積層セルパッケージを備え、冷却流路をモジュール内に一体成形することを特徴とする全固体電池。,若草セラミックス,山本 恵,H01M10/613;H01M50/509,登録
特願2018-100416,2018/05/06,NCM系正極と固体電解質の複合体及びその製造方法,本発明は、NCM系正極と固体電解質の複合体に関する。従来技術では充放電に伴う体積変化で界面が剥離するという課題があった。本発明では、活物質表面に酸化物ナノ被覆層を形成することにより、電極内の利用率を向上する。これにより全固体リチウムイオン二次電池の実用化に寄与する。,NCM系正極と固体電解質の複合体を備え、活物質表面に酸化物ナノ被覆層を形成することを特徴とする全固体電池。,蒼海自動車,加藤 望;清水 健一;加藤 修平,H01M4/62,取下
特願2021-100655,2021/06/26,電極シート成形装置及びその製造方法,本発明は、電極シート成形装置に関する。従来技術では溶媒系プロセスが電解質を劣化させるという課題があった。本発明では、ロールプレスの線圧条件を段階制御することにより、製造コストを削減する。これにより全固体リチウムイオン二次電池の実用化に寄与する。,電極シート成形装置を備え、ロールプレスの線圧条件を段階制御することを特徴とする全固体電池。,東都工業大学,井上 隆;加藤 由美,B32B37/00;H01M4/04,登録
特願2021-100191,2021/11/20,酸化物系固体電解質焼結体及びその製造方法,本発明は、酸化物系固体電解質焼結体に関する。従来技術ではリチウムデンドライトが粒界を伝播するという課題があった。本発明では、テープ成形により薄膜シート化することにより、デンドライト耐性を改善する。これにより全固体リチウムイオン二次電池の実用化に寄与する。,酸化物系固体電解質焼結体を備え、テープ成形により薄膜シート化することを特徴とする全固体電池。,暁化成,渡辺 大輔;中村 直樹;渡辺 花子,C04B35/486,公開
特願2023-100942,2023/03/19,ニオブ酸リチウム被覆正極活物質を用いた全固体電池,本発明は、ニオブ酸リチウム被覆正極活物質に関する。従来技術では複合正極内のイオン伝導経路が不連続になるという課題があった。本発明では、スラリー混練条件を制御し均一分散させることにより、サイクル後の容量維持率を改善する。これにより全固体リチウムイオン二次電池の実用化に寄与する。,ニオブ酸リチウム被覆正極活物質を備え、スラリー混練条件を制御し均一分散させることを特徴とする全固体電池。,常盤田精機,木村 静香,H01M10/0562;H01M4/525,公開
特願2024-100414,2024/01/10,ニオブ酸リチウム被覆正極活物質を用いた全固体電池,本発明は、ニオブ酸リチウム被覆正極活物質に関する。従来技術では複合正極内のイオン伝導経路が不連続になるという課題があった。本発明では、活物質表面に酸化物ナノ被覆層を形成することにより、界面抵抗を低減し出力特性を高める。これにより全固体リチウムイオン二次電池の実用化に寄与する。,ニオブ酸リチウム被覆正極活物質を備え、活物質表面に酸化物ナノ被覆層を形成することを特徴とする全固体電池。,九曜電子,高橋 直樹;斎藤 誠;山田 誠,H01M4/525;H01M4/62,公開
特願2021-100053,2021/12/16,アルジロダイト型硫化物及びその製造方法,本発明は、アルジロダイト型硫化物に関する。従来技術では粒界での抵抗が大きいという課題があった。本発明では、ハロゲン元素を部分置換した組成とすることにより、硫化水素の発生量を大幅に抑制する。これにより全固体リチウムイオン二次電池の実用化に寄与する。,アルジロダイト型硫化物を備え、ハロゲン元素を部分置換した組成とすることを特徴とする全固体電池。,北斗モータース,松本 直樹,C01B17/22;H01M10/0562,登録
特願2019-100481,2019/06/10,ニオブ酸リチウム被覆正極活物質及びその製造方法,本発明は、ニオブ酸リチウム被覆正極活物質に関する。従来技術では充放電に伴う体積変化で界面が剥離するという課題があった。本発明では、活物質表面に酸化物ナノ被覆層を形成することにより、界面抵抗を低減し出力特性を高める。これにより全固体リチウムイオン二次電池の実用化に寄与する。,ニオブ酸リチウム被覆正極活物質を備え、活物質表面に酸化物ナノ被覆層を形成することを特徴とする全固体電池。,燕岳鉱業,清水 誠;井上 静香;吉田 太郎,H01M10/0562;H01M4/62,登録
特願2017-100037,2017/08/18,Li6PS5Cl固体電解質及びその製造方法,本発明は、Li6PS5Cl固体電解質に関する。従来技術では大気中の水分と反応して硫化水素が発生するという課題があった。本発明では、微粒子化と加圧成形条件を制御することにより、室温で高いリチウムイオン伝導度を実現する。これにより全固体リチウムイオン二次電池の実用化に寄与する。,Li6PS5Cl固体電解質を備え、微粒子化と加圧成形条件を制御することを特徴とする全固体電池。,暁化成,山本 香織;鈴木 直樹,C01B17/22;H01B1/06,登録
特願2021-100072,2021/10/16,硫化物系固体電解質を用いた全固体電池,本発明は、硫化物系固体電解質に関する。従来技術では電極との界面抵抗が増大するという課題があった。本発明では、ハロゲン元素を部分置換した組成とすることにより、室温で高いリチウムイオン伝導度を実現する。これにより全固体リチウムイオン二次電池の実用化に寄与する。,硫化物系固体電解質を備え、ハロゲン元素を部分置換した組成とすることを特徴とする全固体電池。,みなと化学工業,松本 由美,H01B1/06;H01M10/0562,登録
特願2020-100006,2020/08/02,Li6PS5Cl固体電解質を用いた全固体電池,本発明は、Li6PS5Cl固体電解質に関する。従来技術では大気中の水分と反応して硫化水素が発生するという課題があった。本発明では、ハロゲン元素を部分置換した組成とすることにより、充放電サイクル特性を改善する。これにより全固体リチウムイオン二次電池の実用化に寄与する。,Li6PS5Cl固体電解質を備え、ハロゲン元素を部分置換した組成とすることを特徴とする全固体電池。,蓬莱新能源,伊藤 花子;松本 由美;松本 花子,C01B17/22,登録
特願2021-100435,2021/05/01,正極-電解質界面被覆層を用いた全固体電池,本発明は、正極-電解質界面被覆層に関する。従来技術では正極活物質と硫化物電解質の界面で高抵抗層が形成されるという課題があった。本発明では、スラリー混練条件を制御し均一分散させることにより、界面抵抗を低減し出力特性を高める。これにより全固体リチウムイオン二次電池の実用化に寄与する。,正極-電解質界面被覆層を備え、スラリー混練条件を制御し均一分散させることを特徴とする全固体電池。,常盤田精機,木村 誠;小林 彩,H01M4/525,登録
特願2022-100645,2022/01/08,リチウム金属負極を用いた全固体電池,本発明は、リチウム金属負極に関する。従来技術ではリチウムの不均一析出で容量が劣化するという課題があった。本発明では、固体電解質との界面に緩衝層を挿入することにより、クーロン効率を改善する。これにより全固体リチウムイオン二次電池の実用化に寄与する。,リチウム金属負極を備え、固体電解質との界面に緩衝層を挿入することを特徴とする全固体電池。,みなと化学工業,佐藤 亮,H01M4/134;H01M4/38,審査中
特願2024-100687,2024/10/01,加圧焼結積層工程を用いた全固体電池,本発明は、加圧焼結積層工程に関する。従来技術では溶媒系プロセスが電解質を劣化させるという課題があった。本発明では、乾式成膜により無溶媒で電極層を形成することにより、量産タクトを短縮する。これにより全固体リチウムイオン二次電池の実用化に寄与する。,加圧焼結積層工程を備え、乾式成膜により無溶媒で電極層を形成することを特徴とする全固体電池。,高千穂金属,山田 香織,B32B37/00;H01M10/0585,審査中
特願2020-100382,2020/02/09,複合正極合材及びその製造方法,本発明は、複合正極合材に関する。従来技術では正極活物質と硫化物電解質の界面で高抵抗層が形成されるという課題があった。本発明では、スラリー混練条件を制御し均一分散させることにより、界面抵抗を低減し出力特性を高める。これにより全固体リチウムイオン二次電池の実用化に寄与する。,複合正極合材を備え、スラリー混練条件を制御し均一分散させることを特徴とする全固体電池。,北斗モータース,吉田 修平,H01M4/525;H01M4/62,公開
特願2022-100236,2022/03/23,酸化物系固体電解質焼結体及びその製造方法,本発明は、酸化物系固体電解質焼結体に関する。従来技術では粒界抵抗がイオン伝導を阻害するという課題があった。本発明では、焼結助剤を添加して低温焼結を可能にすることにより、低温プロセスでの量産性を高める。これにより全固体リチウムイオン二次電池の実用化に寄与する。,酸化物系固体電解質焼結体を備え、焼結助剤を添加して低温焼結を可能にすることを特徴とする全固体電池。,白鳳電機産業,鈴木 由美,C04B35/486;H01B1/08,公開
特願2019-100587,2019/10/12,リチウム合金負極及びその製造方法,本発明は、リチウム合金負極に関する。従来技術では負極と電解質の界面で副反応が進行するという課題があった。本発明では、析出溶解を均一化する拘束圧構造を採用することにより、クーロン効率を改善する。これにより全固体リチウムイオン二次電池の実用化に寄与する。,リチウム合金負極を備え、析出溶解を均一化する拘束圧構造を採用することを特徴とする全固体電池。,瀬戸内硝子,斎藤 誠;中村 香織,H01M4/134;H01M4/38,拒絶
特願2019-100132,2019/04/13,アルジロダイト型硫化物を用いた全固体電池,本発明は、アルジロダイト型硫化物に関する。従来技術では粒界での抵抗が大きいという課題があった。本発明では、ガラスセラミックス化の熱処理条件を最適化することにより、硫化水素の発生量を大幅に抑制する。これにより全固体リチウムイオン二次電池の実用化に寄与する。,アルジロダイト型硫化物を備え、ガラスセラミックス化の熱処理条件を最適化することを特徴とする全固体電池。,東雲重工業,井上 裕子;中村 香織;斎藤 由美,H01B1/06,登録
特願2023-100423,2023/05/13,ニオブ酸リチウム被覆正極活物質を用いた全固体電池,本発明は、ニオブ酸リチウム被覆正極活物質に関する。従来技術では正極活物質と硫化物電解質の界面で高抵抗層が形成されるという課題があった。本発明では、活物質表面に酸化物ナノ被覆層を形成することにより、界面抵抗を低減し出力特性を高める。これにより全固体リチウムイオン二次電池の実用化に寄与する。,ニオブ酸リチウム被覆正極活物質を備え、活物質表面に酸化物ナノ被覆層を形成することを特徴とする全固体電池。,みなと化学工業,小林 恵;鈴木 浩二,H01M10/0562;H01M4/525,審査中
特願2025-100517,2025/07/10,ニオブ酸リチウム被覆正極活物質及びその製造方法,本発明は、ニオブ酸リチウム被覆正極活物質に関する。従来技術では複合正極内のイオン伝導経路が不連続になるという課題があった。本発明では、スラリー混練条件を制御し均一分散させることにより、電極内の利用率を向上する。これにより全固体リチウムイオン二次電池の実用化に寄与する。,ニオブ酸リチウム被覆正極活物質を備え、スラリー混練条件を制御し均一分散させることを特徴とする全固体電池。,常盤田精機,山本 修平;加藤 大輔;山本 浩二,H01M10/0562;H01M4/62,公開
特願2023-100784,2023/07/14,全固体電池の積層体及びその製造方法,本発明は、全固体電池の積層体に関する。従来技術では大面積化すると均一な加圧が難しいという課題があった。本発明では、乾式成膜により無溶媒で電極層を形成することにより、層間密着性を高め内部抵抗を低減する。これにより全固体リチウムイオン二次電池の実用化に寄与する。,全固体電池の積層体を備え、乾式成膜により無溶媒で電極層を形成することを特徴とする全固体電池。,白鳳電機産業,鈴木 大輔,B32B37/00;H01M10/0585,公開
特願2017-100798,2017/12/16,電池モジュール筐体を用いた全固体電池,本発明は、電池モジュール筐体に関する。従来技術では端子部の接触抵抗が大きいという課題があった。本発明では、冷却流路をモジュール内に一体成形することにより、部品点数を削減する。これにより全固体リチウムイオン二次電池の実用化に寄与する。,電池モジュール筐体を備え、冷却流路をモジュール内に一体成形することを特徴とする全固体電池。,常盤田精機,林 亮;森 花子;斎藤 太郎,H01M50/20;H01M50/509,拒絶
特願2018-100008,2018/09/07,アルジロダイト型硫化物及びその製造方法,本発明は、アルジロダイト型硫化物に関する。従来技術では粒界での抵抗が大きいという課題があった。本発明では、表面を酸化物系保護層で被覆することにより、硫化水素の発生量を大幅に抑制する。これにより全固体リチウムイオン二次電池の実用化に寄与する。,アルジロダイト型硫化物を備え、表面を酸化物系保護層で被覆することを特徴とする全固体電池。,白鳳電機産業,木村 静香,C01B17/22,登録
特願2020-100397,2020/04/14,ニオブ酸リチウム被覆正極活物質及びその製造方法,本発明は、ニオブ酸リチウム被覆正極活物質に関する。従来技術では正極活物質と硫化物電解質の界面で高抵抗層が形成されるという課題があった。本発明では、導電助剤と電解質の配合比を最適化することにより、電極内の利用率を向上する。これにより全固体リチウムイオン二次電池の実用化に寄与する。,ニオブ酸リチウム被覆正極活物質を備え、導電助剤と電解質の配合比を最適化することを特徴とする全固体電池。,九曜電子,吉田 隆,H01M10/0562;H01M4/62,公開
特願2018-100796,2018/08/17,拘束圧付与機構及びその製造方法,本発明は、拘束圧付与機構に関する。従来技術では端子部の接触抵抗が大きいという課題があった。本発明では、バイポーラ集電体で直列接続を内蔵化することにより、部品点数を削減する。これにより全固体リチウムイオン二次電池の実用化に寄与する。,拘束圧付与機構を備え、バイポーラ集電体で直列接続を内蔵化することを特徴とする全固体電池。,九曜電子,森 彩;佐藤 裕子;斎藤 大輔,H01M50/20;H01M50/509,登録
特願2024-100452,2024/05/17,NCM系正極と固体電解質の複合体及びその製造方法,本発明は、NCM系正極と固体電解質の複合体に関する。従来技術では複合正極内のイオン伝導経路が不連続になるという課題があった。本発明では、活物質表面に酸化物ナノ被覆層を形成することにより、電極内の利用率を向上する。これにより全固体リチウムイオン二次電池の実用化に寄与する。,NCM系正極と固体電解質の複合体を備え、活物質表面に酸化物ナノ被覆層を形成することを特徴とする全固体電池。,東都工業大学,鈴木 香織;森 直樹;佐藤 拓也,H01M10/0562;H01M4/62,公開
特願2018-100224,2018/01/01,ガーネット型LLZO酸化物及びその製造方法,本発明は、ガーネット型LLZO酸化物に関する。従来技術では薄膜化すると機械的強度が不足するという課題があった。本発明では、ドーパント元素で結晶構造を安定化することにより、粒界抵抗を低減し伝導度を向上する。これにより全固体リチウムイオン二次電池の実用化に寄与する。,ガーネット型LLZO酸化物を備え、ドーパント元素で結晶構造を安定化することを特徴とする全固体電池。,遠州電池,山本 直樹,H01B1/08,登録
特願2016-100297,2016/11/28,ペロブスカイト型酸化物電解質を用いた全固体電池,本発明は、ペロブスカイト型酸化物電解質に関する。従来技術では粒界抵抗がイオン伝導を阻害するという課題があった。本発明では、焼結助剤を添加して低温焼結を可能にすることにより、デンドライト耐性を改善する。これにより全固体リチウムイオン二次電池の実用化に寄与する。,ペロブスカイト型酸化物電解質を備え、焼結助剤を添加して低温焼結を可能にすることを特徴とする全固体電池。,蒼海自動車,加藤 直樹,H01B1/08;H01M10/0562,拒絶
特願2022-100046,2022/07/22,アルジロダイト型硫化物及びその製造方法,本発明は、アルジロダイト型硫化物に関する。従来技術では大気中の水分と反応して硫化水素が発生するという課題があった。本発明では、ハロゲン元素を部分置換した組成とすることにより、充放電サイクル特性を改善する。これにより全固体リチウムイオン二次電池の実用化に寄与する。,アルジロダイト型硫化物を備え、ハロゲン元素を部分置換した組成とすることを特徴とする全固体電池。,汐留マテリアル,山田 誠;渡辺 恵,C01B17/22;H01M10/0562,公開
特願2021-100761,2021/12/08,乾式電極成形プロセス及びその製造方法,本発明は、乾式電極成形プロセスに関する。従来技術では溶媒系プロセスが電解質を劣化させるという課題があった。本発明では、等方加圧により積層界面を密着させることにより、製造コストを削減する。これにより全固体リチウムイオン二次電池の実用化に寄与する。,乾式電極成形プロセスを備え、等方加圧により積層界面を密着させることを特徴とする全固体電池。,白鳳電機産業,森 真一,B32B37/00;H01M4/04,審査中
特願2016-100378,2016/12/03,架橋ゲルポリマー電解質を用いた全固体電池,本発明は、架橋ゲルポリマー電解質に関する。従来技術では機械的強度と柔軟性の両立が難しいという課題があった。本発明では、紫外線架橋により三次元網目構造を形成することにより、薄膜大面積化を容易にする。これにより全固体リチウムイオン二次電池の実用化に寄与する。,架橋ゲルポリマー電解質を備え、紫外線架橋により三次元網目構造を形成することを特徴とする全固体電池。,蒼海自動車,小林 隆;松本 香織;林 美咲,C08J5/22;H01M10/0565,拒絶
特願2018-100657,2018/10/06,全固体電池の積層体を用いた全固体電池,本発明は、全固体電池の積層体に関する。従来技術では積層時に層間に空隙が残り抵抗が増えるという課題があった。本発明では、ロールプレスの線圧条件を段階制御することにより、量産タクトを短縮する。これにより全固体リチウムイオン二次電池の実用化に寄与する。,全固体電池の積層体を備え、ロールプレスの線圧条件を段階制御することを特徴とする全固体電池。,燕岳鉱業,伊藤 修平,B32B37/00;H01M4/04,登録
特願2020-100602,2020/10/22,無負極型集電体構造及びその製造方法,本発明は、無負極型集電体構造に関する。従来技術ではリチウムの不均一析出で容量が劣化するという課題があった。本発明では、集電体表面に親リチウム性シード層を設けることにより、クーロン効率を改善する。これにより全固体リチウムイオン二次電池の実用化に寄与する。,無負極型集電体構造を備え、集電体表面に親リチウム性シード層を設けることを特徴とする全固体電池。,若草セラミックス,吉田 恵,H01M4/134;H01M4/38,取下
特願2019-100358,2019/10/10,有機無機ハイブリッド電解質膜及びその製造方法,本発明は、有機無機ハイブリッド電解質膜に関する。従来技術では機械的強度と柔軟性の両立が難しいという課題があった。本発明では、可塑剤と無機フィラーを複合化することにより、柔軟性と伝導度を両立する。これにより全固体リチウムイオン二次電池の実用化に寄与する。,有機無機ハイブリッド電解質膜を備え、可塑剤と無機フィラーを複合化することを特徴とする全固体電池。,白鳳電機産業,小林 香織,H01M10/0565,登録
特願2017-100051,2017/04/25,Li6PS5Cl固体電解質を用いた全固体電池,本発明は、Li6PS5Cl固体電解質に関する。従来技術ではイオン伝導度が実用水準に届かないという課題があった。本発明では、微粒子化と加圧成形条件を制御することにより、充放電サイクル特性を改善する。これにより全固体リチウムイオン二次電池の実用化に寄与する。,Li6PS5Cl固体電解質を備え、微粒子化と加圧成形条件を制御することを特徴とする全固体電池。,北斗モータース,鈴木 亮,C01B17/22;H01B1/06,登録
特願2022-100413,2022/10/19,ニオブ酸リチウム被覆正極活物質及びその製造方法,本発明は、ニオブ酸リチウム被覆正極活物質に関する。従来技術では正極活物質と硫化物電解質の界面で高抵抗層が形成されるという課題があった。本発明では、活物質表面に酸化物ナノ被覆層を形成することにより、電極内の利用率を向上する。これにより全固体リチウムイオン二次電池の実用化に寄与する。,ニオブ酸リチウム被覆正極活物質を備え、活物質表面に酸化物ナノ被覆層を形成することを特徴とする全固体電池。,暁化成,木村 健一;木村 真一,H01M10/0562;H01M4/62,審査中
特願2015-100364,2015/02/10,ポリエチレンオキシド系ポリマー電解質及びその製造方法,本発明は、ポリエチレンオキシド系ポリマー電解質に関する。従来技術では室温でのイオン伝導度が低いという課題があった。本発明では、紫外線架橋により三次元網目構造を形成することにより、界面追従性を高める。これにより全固体リチウムイオン二次電池の実用化に寄与する。,ポリエチレンオキシド系ポリマー電解質を備え、紫外線架橋により三次元網目構造を形成することを特徴とする全固体電池。,ソルグリーンエナジー,井上 修平,C08J5/22;H01M10/0565,登録
特願2017-100808,2017/07/10,積層セルパッケージ及びその製造方法,本発明は、積層セルパッケージに関する。従来技術ではセル拘束圧の維持と軽量化が両立しないという課題があった。本発明では、弾性部材を介した均一拘束構造とすることにより、部品点数を削減する。これにより全固体リチウムイオン二次電池の実用化に寄与する。,積層セルパッケージを備え、弾性部材を介した均一拘束構造とすることを特徴とする全固体電池。,九曜電子,斎藤 拓也,H01M10/613;H01M50/509,登録
特願2021-100885,2021/06/02,ペロブスカイト型酸化物電解質を用いた全固体電池,本発明は、ペロブスカイト型酸化物電解質に関する。従来技術ではリチウムデンドライトが粒界を伝播するという課題があった。本発明では、ドーパント元素で結晶構造を安定化することにより、部品点数を削減する。これにより全固体リチウムイオン二次電池の実用化に寄与する。,ペロブスカイト型酸化物電解質を備え、ドーパント元素で結晶構造を安定化することを特徴とする全固体電池。,常盤田精機,田中 直樹;木村 香織,C04B35/486;H01M10/0562,公開
特願2025-100948,2025/03/01,電極シート成形装置を用いた全固体電池,本発明は、電極シート成形装置に関する。従来技術では積層時に層間に空隙が残り抵抗が増えるという課題があった。本発明では、等方加圧により積層界面を密着させることにより、デンドライト発生を抑制し安全性を高める。これにより全固体リチウムイオン二次電池の実用化に寄与する。,電極シート成形装置を備え、等方加圧により積層界面を密着させることを特徴とする全固体電池。,東雲重工業,斎藤 花子,H01M10/0585,審査中
特願2020-100589,2020/05/27,リチウム金属負極及びその製造方法,本発明は、リチウム金属負極に関する。従来技術では負極と電解質の界面で副反応が進行するという課題があった。本発明では、集電体表面に親リチウム性シード層を設けることにより、クーロン効率を改善する。これにより全固体リチウムイオン二次電池の実用化に寄与する。,リチウム金属負極を備え、集電体表面に親リチウム性シード層を設けることを特徴とする全固体電池。,蒼海自動車,木村 香織;清水 太郎,H01M10/052;H01M4/38,登録
特願2025-100495,2025/06/15,NCM系正極と固体電解質の複合体を用いた全固体電池,本発明は、NCM系正極と固体電解質の複合体に関する。従来技術では正極活物質と硫化物電解質の界面で高抵抗層が形成されるという課題があった。本発明では、活物質表面に酸化物ナノ被覆層を形成することにより、界面抵抗を低減し出力特性を高める。これにより全固体リチウムイオン二次電池の実用化に寄与する。,NCM系正極と固体電解質の複合体を備え、活物質表面に酸化物ナノ被覆層を形成することを特徴とする全固体電池。,蒼海自動車,鈴木 望;松本 大輔,H01M4/525;H01M4/62,公開
特願2022-100162,2022/12/04,硫化物系固体電解質を用いた全固体電池,本発明は、硫化物系固体電解質に関する。従来技術ではイオン伝導度が実用水準に届かないという課題があった。本発明では、ハロゲン元素を部分置換した組成とすることにより、室温で高いリチウムイオン伝導度を実現する。これにより全固体リチウムイオン二次電池の実用化に寄与する。,硫化物系固体電解質を備え、ハロゲン元素を部分置換した組成とすることを特徴とする全固体電池。,みなと化学工業,伊藤 裕子,C01B17/22;H01B1/06,審査中
特願2023-100571,2023/05/17,リチウム金属負極及びその製造方法,本発明は、リチウム金属負極に関する。従来技術では充電時にデンドライトが成長し短絡に至るという課題があった。本発明では、固体電解質との界面に緩衝層を挿入することにより、エネルギー密度を大幅に向上する。これにより全固体リチウムイオン二次電池の実用化に寄与する。,リチウム金属負極を備え、固体電解質との界面に緩衝層を挿入することを特徴とする全固体電池。,蒼海自動車,鈴木 香織;伊藤 拓也,H01M4/38,公開
特願2017-100305,2017/06/24,有機無機ハイブリッド電解質膜及びその製造方法,本発明は、有機無機ハイブリッド電解質膜に関する。従来技術では機械的強度と柔軟性の両立が難しいという課題があった。本発明では、可塑剤と無機フィラーを複合化することにより、薄膜大面積化を容易にする。これにより全固体リチウムイオン二次電池の実用化に寄与する。,有機無機ハイブリッド電解質膜を備え、可塑剤と無機フィラーを複合化することを特徴とする全固体電池。,九曜電子,林 望;加藤 彩,C08J5/22;H01B1/12,拒絶
特願2017-100857,2017/10/08,積層セルパッケージ及びその製造方法,本発明は、積層セルパッケージに関する。従来技術ではセル拘束圧の維持と軽量化が両立しないという課題があった。本発明では、弾性部材を介した均一拘束構造とすることにより、温度分布を均一化し寿命を延ばす。これにより全固体リチウムイオン二次電池の実用化に寄与する。,積層セルパッケージを備え、弾性部材を介した均一拘束構造とすることを特徴とする全固体電池。,常盤田精機,渡辺 恵,H01M10/613;H01M50/20,登録
特願2019-100672,2019/05/17,電極シート成形装置を用いた全固体電池,本発明は、電極シート成形装置に関する。従来技術では大面積化すると均一な加圧が難しいという課題があった。本発明では、ロールプレスの線圧条件を段階制御することにより、製造コストを削減する。これにより全固体リチウムイオン二次電池の実用化に寄与する。,電極シート成形装置を備え、ロールプレスの線圧条件を段階制御することを特徴とする全固体電池。,みなと化学工業,高橋 真一;渡辺 香織;森 亮,B32B37/00;H01M4/04,取下
特願2020-100716,2020/03/08,全固体電池の積層体及びその製造方法,本発明は、全固体電池の積層体に関する。従来技術では大面積化すると均一な加圧が難しいという課題があった。本発明では、等方加圧により積層界面を密着させることにより、量産タクトを短縮する。これにより全固体リチウムイオン二次電池の実用化に寄与する。,全固体電池の積層体を備え、等方加圧により積層界面を密着させることを特徴とする全固体電池。,燕岳鉱業,佐藤 香織;佐藤 恵;伊藤 美咲,H01M10/0585;H01M4/04,審査中
特願2020-100470,2020/10/15,正極-電解質界面被覆層及びその製造方法,本発明は、正極-電解質界面被覆層に関する。従来技術では充放電に伴う体積変化で界面が剥離するという課題があった。本発明では、スラリー混練条件を制御し均一分散させることにより、電極内の利用率を向上する。これにより全固体リチウムイオン二次電池の実用化に寄与する。,正極-電解質界面被覆層を備え、スラリー混練条件を制御し均一分散させることを特徴とする全固体電池。,白鳳電機産業,山本 太郎;井上 拓也;田中 真一,H01M4/525,登録
特願2017-100158,2017/01/08,硫化物系固体電解質及びその製造方法,本発明は、硫化物系固体電解質に関する。従来技術では粒界での抵抗が大きいという課題があった。本発明では、表面を酸化物系保護層で被覆することにより、室温で高いリチウムイオン伝導度を実現する。これにより全固体リチウムイオン二次電池の実用化に寄与する。,硫化物系固体電解質を備え、表面を酸化物系保護層で被覆することを特徴とする全固体電池。,常盤田精機,松本 誠,H01B1/06,取下
特願2015-100308,2015/09/05,ポリエチレンオキシド系ポリマー電解質及びその製造方法,本発明は、ポリエチレンオキシド系ポリマー電解質に関する。従来技術では室温でのイオン伝導度が低いという課題があった。本発明では、ブロック共重合体で相分離構造を制御することにより、柔軟性と伝導度を両立する。これにより全固体リチウムイオン二次電池の実用化に寄与する。,ポリエチレンオキシド系ポリマー電解質を備え、ブロック共重合体で相分離構造を制御することを特徴とする全固体電池。,燕岳鉱業,森 亮,H01B1/12;H01M10/0565,登録
特願2018-100293,2018/04/27,ガーネット型LLZO酸化物及びその製造方法,本発明は、ガーネット型LLZO酸化物に関する。従来技術では粒界抵抗がイオン伝導を阻害するという課題があった。本発明では、テープ成形により薄膜シート化することにより、低温プロセスでの量産性を高める。これにより全固体リチウムイオン二次電池の実用化に寄与する。,ガーネット型LLZO酸化物を備え、テープ成形により薄膜シート化することを特徴とする全固体電池。,ハンビット電池,吉田 由美,H01M10/0562,取下
特願2024-100924,2024/06/10,リチウム析出制御層を用いた全固体電池,本発明は、リチウム析出制御層に関する。従来技術では充電時にデンドライトが成長し短絡に至るという課題があった。本発明では、固体電解質との界面に緩衝層を挿入することにより、クーロン効率を改善する。これにより全固体リチウムイオン二次電池の実用化に寄与する。,リチウム析出制御層を備え、固体電解質との界面に緩衝層を挿入することを特徴とする全固体電池。,九曜電子,佐藤 望;清水 直樹;林 美咲,H01M10/052;H01M4/38,公開
特願2017-100271,2017/02/15,NASICON型リン酸系酸化物及びその製造方法,本発明は、NASICON型リン酸系酸化物に関する。従来技術では薄膜化すると機械的強度が不足するという課題があった。本発明では、粒界に非晶質層を導入することにより、低温プロセスでの量産性を高める。これにより全固体リチウムイオン二次電池の実用化に寄与する。,NASICON型リン酸系酸化物を備え、粒界に非晶質層を導入することを特徴とする全固体電池。,東雲重工業,山口 隆,C04B35/486;H01B1/08,登録
特願2020-100858,2020/01/26,拘束圧付与機構を用いた全固体電池,本発明は、拘束圧付与機構に関する。従来技術では直列積層時の熱分布が不均一になるという課題があった。本発明では、冷却流路をモジュール内に一体成形することにより、体積エネルギー密度を高める。これにより全固体リチウムイオン二次電池の実用化に寄与する。,拘束圧付与機構を備え、冷却流路をモジュール内に一体成形することを特徴とする全固体電池。,蓬莱新能源,佐藤 望;井上 亮,H01M10/613,登録
特願2017-100521,2017/02/13,正極-電解質界面被覆層及びその製造方法,本発明は、正極-電解質界面被覆層に関する。従来技術では正極活物質と硫化物電解質の界面で高抵抗層が形成されるという課題があった。本発明では、導電助剤と電解質の配合比を最適化することにより、サイクル後の容量維持率を改善する。これにより全固体リチウムイオン二次電池の実用化に寄与する。,正極-電解質界面被覆層を備え、導電助剤と電解質の配合比を最適化することを特徴とする全固体電池。,常盤田精機,中村 健一;松本 修平;山口 由美,H01M10/0562;H01M4/62,登録
特願2018-100198,2018/12/23,酸化物系固体電解質焼結体を用いた全固体電池,本発明は、酸化物系固体電解質焼結体に関する。従来技術では粒界抵抗がイオン伝導を阻害するという課題があった。本発明では、テープ成形により薄膜シート化することにより、デンドライト耐性を改善する。これにより全固体リチウムイオン二次電池の実用化に寄与する。,酸化物系固体電解質焼結体を備え、テープ成形により薄膜シート化することを特徴とする全固体電池。,九曜電子,小林 美咲,H01M10/0562,登録
特願2023-100632,2023/05/18,リチウム析出制御層及びその製造方法,本発明は、リチウム析出制御層に関する。従来技術では負極と電解質の界面で副反応が進行するという課題があった。本発明では、析出溶解を均一化する拘束圧構造を採用することにより、デンドライト発生を抑制し安全性を高める。これにより全固体リチウムイオン二次電池の実用化に寄与する。,リチウム析出制御層を備え、析出溶解を均一化する拘束圧構造を採用することを特徴とする全固体電池。,北斗モータース,林 直樹;高橋 彩;高橋 香織,H01M10/052;H01M4/134,公開
特願2025-100554,2025/04/09,無負極型集電体構造及びその製造方法,本発明は、無負極型集電体構造に関する。従来技術ではリチウムの不均一析出で容量が劣化するという課題があった。本発明では、析出溶解を均一化する拘束圧構造を採用することにより、クーロン効率を改善する。これにより全固体リチウムイオン二次電池の実用化に寄与する。,無負極型集電体構造を備え、析出溶解を均一化する拘束圧構造を採用することを特徴とする全固体電池。,白鳳電機産業,木村 隆,H01M10/052;H01M4/134,公開
特願2021-100437,2021/02/22,複合正極合材及びその製造方法,本発明は、複合正極合材に関する。従来技術では複合正極内のイオン伝導経路が不連続になるという課題があった。本発明では、活物質表面に酸化物ナノ被覆層を形成することにより、電極内の利用率を向上する。これにより全固体リチウムイオン二次電池の実用化に寄与する。,複合正極合材を備え、活物質表面に酸化物ナノ被覆層を形成することを特徴とする全固体電池。,白鳳電機産業,山本 静香,H01M4/525;H01M4/62,公開
特願2018-100803,2018/08/19,バイポーラ型全固体電池及びその製造方法,本発明は、バイポーラ型全固体電池に関する。従来技術では直列積層時の熱分布が不均一になるという課題があった。本発明では、弾性部材を介した均一拘束構造とすることにより、体積エネルギー密度を高める。これにより全固体リチウムイオン二次電池の実用化に寄与する。,バイポーラ型全固体電池を備え、弾性部材を介した均一拘束構造とすることを特徴とする全固体電池。,ハンビット電池,吉田 真一;渡辺 花子;山口 由美,H01M10/613,登録
特願2015-100785,2015/06/12,加圧焼結積層工程及びその製造方法,本発明は、加圧焼結積層工程に関する。従来技術では大面積化すると均一な加圧が難しいという課題があった。本発明では、ロールプレスの線圧条件を段階制御することにより、量産タクトを短縮する。これにより全固体リチウムイオン二次電池の実用化に寄与する。,加圧焼結積層工程を備え、ロールプレスの線圧条件を段階制御することを特徴とする全固体電池。,常盤田精機,森 裕子;鈴木 直樹;山田 修平,B32B37/00;H01M4/04,登録
特願2023-100914,2023/12/14,有機無機ハイブリッド電解質膜及びその製造方法,本発明は、有機無機ハイブリッド電解質膜に関する。従来技術では機械的強度と柔軟性の両立が難しいという課題があった。本発明では、紫外線架橋により三次元網目構造を形成することにより、粒界抵抗を低減し伝導度を向上する。これにより全固体リチウムイオン二次電池の実用化に寄与する。,有機無機ハイブリッド電解質膜を備え、紫外線架橋により三次元網目構造を形成することを特徴とする全固体電池。,北斗モータース,渡辺 彩;中村 誠;伊藤 修平,C08J5/22;H01M10/0565,審査中
特願2018-100090,2018/07/21,アルジロダイト型硫化物を用いた全固体電池,本発明は、アルジロダイト型硫化物に関する。従来技術ではイオン伝導度が実用水準に届かないという課題があった。本発明では、表面を酸化物系保護層で被覆することにより、硫化水素の発生量を大幅に抑制する。これにより全固体リチウムイオン二次電池の実用化に寄与する。,アルジロダイト型硫化物を備え、表面を酸化物系保護層で被覆することを特徴とする全固体電池。,東都工業大学,山田 美咲;小林 直樹,H01B1/06;H01M10/0562,登録
特願2020-100865,2020/08/19,拘束圧付与機構及びその製造方法,本発明は、拘束圧付与機構に関する。従来技術ではセル拘束圧の維持と軽量化が両立しないという課題があった。本発明では、冷却流路をモジュール内に一体成形することにより、部品点数を削減する。これにより全固体リチウムイオン二次電池の実用化に寄与する。,拘束圧付与機構を備え、冷却流路をモジュール内に一体成形することを特徴とする全固体電池。,九曜電子,山田 拓也,H01M10/613;H01M50/509,登録
特願2020-100100,2020/03/17,硫化物系固体電解質及びその製造方法,本発明は、硫化物系固体電解質に関する。従来技術では大気中の水分と反応して硫化水素が発生するという課題があった。本発明では、ガラスセラミックス化の熱処理条件を最適化することにより、室温で高いリチウムイオン伝導度を実現する。これにより全固体リチウムイオン二次電池の実用化に寄与する。,硫化物系固体電解質を備え、ガラスセラミックス化の熱処理条件を最適化することを特徴とする全固体電池。,蒼海自動車,山口 真一,C01B17/22;H01M10/0562,登録
特願2018-100801,2018/01/26,バイポーラ型全固体電池を用いた全固体電池,本発明は、バイポーラ型全固体電池に関する。従来技術では端子部の接触抵抗が大きいという課題があった。本発明では、冷却流路をモジュール内に一体成形することにより、体積エネルギー密度を高める。これにより全固体リチウムイオン二次電池の実用化に寄与する。,バイポーラ型全固体電池を備え、冷却流路をモジュール内に一体成形することを特徴とする全固体電池。,白鳳電機産業,高橋 亮,H01M50/509,登録
特願2024-100385,2024/10/21,ニオブ酸リチウム被覆正極活物質及びその製造方法,本発明は、ニオブ酸リチウム被覆正極活物質に関する。従来技術では複合正極内のイオン伝導経路が不連続になるという課題があった。本発明では、スラリー混練条件を制御し均一分散させることにより、サイクル後の容量維持率を改善する。これにより全固体リチウムイオン二次電池の実用化に寄与する。,ニオブ酸リチウム被覆正極活物質を備え、スラリー混練条件を制御し均一分散させることを特徴とする全固体電池。,みなと化学工業,渡辺 彩;中村 香織,H01M10/0562;H01M4/525,審査中
特願2015-100342,2015/10/02,架橋ゲルポリマー電解質を用いた全固体電池,本発明は、架橋ゲルポリマー電解質に関する。従来技術では機械的強度と柔軟性の両立が難しいという課題があった。本発明では、可塑剤と無機フィラーを複合化することにより、柔軟性と伝導度を両立する。これにより全固体リチウムイオン二次電池の実用化に寄与する。,架橋ゲルポリマー電解質を備え、可塑剤と無機フィラーを複合化することを特徴とする全固体電池。,遠州電池,井上 大輔;中村 拓也,H01B1/12,登録
特願2015-100670,2015/12/02,全固体電池の積層体及びその製造方法,本発明は、全固体電池の積層体に関する。従来技術では大面積化すると均一な加圧が難しいという課題があった。本発明では、乾式成膜により無溶媒で電極層を形成することにより、製造コストを削減する。これにより全固体リチウムイオン二次電池の実用化に寄与する。,全固体電池の積層体を備え、乾式成膜により無溶媒で電極層を形成することを特徴とする全固体電池。,桔梗精密,木村 誠,B32B37/00,登録
特願2021-100324,2021/01/15,ポリエチレンオキシド系ポリマー電解質を用いた全固体電池,本発明は、ポリエチレンオキシド系ポリマー電解質に関する。従来技術では室温でのイオン伝導度が低いという課題があった。本発明では、可塑剤と無機フィラーを複合化することにより、柔軟性と伝導度を両立する。これにより全固体リチウムイオン二次電池の実用化に寄与する。,ポリエチレンオキシド系ポリマー電解質を備え、可塑剤と無機フィラーを複合化することを特徴とする全固体電池。,遠州電池,林 由美;山田 彩;鈴木 真一,C08J5/22;H01B1/12,公開
特願2020-100333,2020/06/12,架橋ゲルポリマー電解質を用いた全固体電池,本発明は、架橋ゲルポリマー電解質に関する。従来技術では電位窓が狭く高電圧正極に適用できないという課題があった。本発明では、ブロック共重合体で相分離構造を制御することにより、界面追従性を高める。これにより全固体リチウムイオン二次電池の実用化に寄与する。,架橋ゲルポリマー電解質を備え、ブロック共重合体で相分離構造を制御することを特徴とする全固体電池。,白鳳電機産業,山田 太郎;山口 拓也;山口 由美,H01B1/12;H01M10/0565,登録
特願2023-100949,2023/04/09,酸化物系固体電解質焼結体及びその製造方法,本発明は、酸化物系固体電解質焼結体に関する。従来技術ではリチウムデンドライトが粒界を伝播するという課題があった。本発明では、焼結助剤を添加して低温焼結を可能にすることにより、薄膜大面積化を容易にする。これにより全固体リチウムイオン二次電池の実用化に寄与する。,酸化物系固体電解質焼結体を備え、焼結助剤を添加して低温焼結を可能にすることを特徴とする全固体電池。,蓬莱新能源,山本 花子;高橋 由美,C04B35/486;H01M10/0562,登録
特願2018-100093,2018/11/07,Li6PS5Cl固体電解質を用いた全固体電池,本発明は、Li6PS5Cl固体電解質に関する。従来技術では粒界での抵抗が大きいという課題があった。本発明では、表面を酸化物系保護層で被覆することにより、硫化水素の発生量を大幅に抑制する。これにより全固体リチウムイオン二次電池の実用化に寄与する。,Li6PS5Cl固体電解質を備え、表面を酸化物系保護層で被覆することを特徴とする全固体電池。,蒼海自動車,加藤 裕子;山田 静香,C01B17/22;H01B1/06,登録
特願2015-100032,2015/07/03,アルジロダイト型硫化物及びその製造方法,本発明は、アルジロダイト型硫化物に関する。従来技術ではイオン伝導度が実用水準に届かないという課題があった。本発明では、ガラスセラミックス化の熱処理条件を最適化することにより、室温で高いリチウムイオン伝導度を実現する。これにより全固体リチウムイオン二次電池の実用化に寄与する。,アルジロダイト型硫化物を備え、ガラスセラミックス化の熱処理条件を最適化することを特徴とする全固体電池。,蒼海自動車,中村 恵,C01B17/22;H01B1/06,登録
特願2020-100145,2020/10/24,Li6PS5Cl固体電解質及びその製造方法,本発明は、Li6PS5Cl固体電解質に関する。従来技術では粒界での抵抗が大きいという課題があった。本発明では、微粒子化と加圧成形条件を制御することにより、充放電サイクル特性を改善する。これにより全固体リチウムイオン二次電池の実用化に寄与する。,Li6PS5Cl固体電解質を備え、微粒子化と加圧成形条件を制御することを特徴とする全固体電池。,ハンビット電池,加藤 健一;高橋 浩二,C01B17/22;H01B1/06,登録
特願2020-100135,2020/01/17,Li2S-P2S5系ガラスセラミックスを用いた全固体電池,本発明は、Li2S-P2S5系ガラスセラミックスに関する。従来技術では電極との界面抵抗が増大するという課題があった。本発明では、ガラスセラミックス化の熱処理条件を最適化することにより、充放電サイクル特性を改善する。これにより全固体リチウムイオン二次電池の実用化に寄与する。,Li2S-P2S5系ガラスセラミックスを備え、ガラスセラミックス化の熱処理条件を最適化することを特徴とする全固体電池。,白鳳電機産業,山田 美咲,C01B17/22,審査中
特願2020-100738,2020/10/21,加圧焼結積層工程を用いた全固体電池,本発明は、加圧焼結積層工程に関する。従来技術では溶媒系プロセスが電解質を劣化させるという課題があった。本発明では、乾式成膜により無溶媒で電極層を形成することにより、量産タクトを短縮する。これにより全固体リチウムイオン二次電池の実用化に寄与する。,加圧焼結積層工程を備え、乾式成膜により無溶媒で電極層を形成することを特徴とする全固体電池。,九曜電子,林 修平,H01M10/0585;H01M4/04,登録
特願2020-100124,2020/10/06,硫化物系固体電解質及びその製造方法,本発明は、硫化物系固体電解質に関する。従来技術では粒界での抵抗が大きいという課題があった。本発明では、ハロゲン元素を部分置換した組成とすることにより、室温で高いリチウムイオン伝導度を実現する。これにより全固体リチウムイオン二次電池の実用化に寄与する。,硫化物系固体電解質を備え、ハロゲン元素を部分置換した組成とすることを特徴とする全固体電池。,暁化成,中村 裕子;佐藤 美咲;井上 太郎,H01M10/0562,登録
特願2020-100255,2020/04/12,NASICON型リン酸系酸化物を用いた全固体電池,本発明は、NASICON型リン酸系酸化物に関する。従来技術では焼結温度が高くエネルギーコストが大きいという課題があった。本発明では、ドーパント元素で結晶構造を安定化することにより、粒界抵抗を低減し伝導度を向上する。これにより全固体リチウムイオン二次電池の実用化に寄与する。,NASICON型リン酸系酸化物を備え、ドーパント元素で結晶構造を安定化することを特徴とする全固体電池。,蒼海自動車,中村 美咲;山口 真一,C04B35/486,登録
特願2021-100762,2021/08/19,電極シート成形装置を用いた全固体電池,本発明は、電極シート成形装置に関する。従来技術では大面積化すると均一な加圧が難しいという課題があった。本発明では、乾式成膜により無溶媒で電極層を形成することにより、層間密着性を高め内部抵抗を低減する。これにより全固体リチウムイオン二次電池の実用化に寄与する。,電極シート成形装置を備え、乾式成膜により無溶媒で電極層を形成することを特徴とする全固体電池。,東雲重工業,木村 修平;井上 浩二,H01M10/0585;H01M4/04,公開
特願2021-100020,2021/12/15,アルジロダイト型硫化物及びその製造方法,本発明は、アルジロダイト型硫化物に関する。従来技術では電極との界面抵抗が増大するという課題があった。本発明では、ハロゲン元素を部分置換した組成とすることにより、室温で高いリチウムイオン伝導度を実現する。これにより全固体リチウムイオン二次電池の実用化に寄与する。,アルジロダイト型硫化物を備え、ハロゲン元素を部分置換した組成とすることを特徴とする全固体電池。,みなと化学工業,森 直樹;伊藤 修平,H01B1/06;H01M10/0562,取下
特願2016-100870,2016/05/02,積層セルパッケージを用いた全固体電池,本発明は、積層セルパッケージに関する。従来技術では直列積層時の熱分布が不均一になるという課題があった。本発明では、バイポーラ集電体で直列接続を内蔵化することにより、部品点数を削減する。これにより全固体リチウムイオン二次電池の実用化に寄与する。,積層セルパッケージを備え、バイポーラ集電体で直列接続を内蔵化することを特徴とする全固体電池。,蒼海自動車,木村 浩二;松本 隆;田中 浩二,H01M10/613;H01M50/509,登録
特願2022-100730,2022/03/28,全固体電池の積層体及びその製造方法,本発明は、全固体電池の積層体に関する。従来技術では溶媒系プロセスが電解質を劣化させるという課題があった。本発明では、乾式成膜により無溶媒で電極層を形成することにより、層間密着性を高め内部抵抗を低減する。これにより全固体リチウムイオン二次電池の実用化に寄与する。,全固体電池の積層体を備え、乾式成膜により無溶媒で電極層を形成することを特徴とする全固体電池。,葵テクノロジーズ,山本 亮;斎藤 大輔;松本 亮,H01M10/0585;H01M4/04,登録
特願2018-100208,2018/03/02,ペロブスカイト型酸化物電解質及びその製造方法,本発明は、ペロブスカイト型酸化物電解質に関する。従来技術ではリチウムデンドライトが粒界を伝播するという課題があった。本発明では、ドーパント元素で結晶構造を安定化することにより、低温プロセスでの量産性を高める。これにより全固体リチウムイオン二次電池の実用化に寄与する。,ペロブスカイト型酸化物電解質を備え、ドーパント元素で結晶構造を安定化することを特徴とする全固体電池。,暁化成,松本 裕子;高橋 由美;斎藤 真一,H01B1/08;H01M10/0562,拒絶
特願2015-100311,2015/04/18,リチウム塩含有ポリマー膜及びその製造方法,本発明は、リチウム塩含有ポリマー膜に関する。従来技術では室温でのイオン伝導度が低いという課題があった。本発明では、ブロック共重合体で相分離構造を制御することにより、柔軟性と伝導度を両立する。これにより全固体リチウムイオン二次電池の実用化に寄与する。,リチウム塩含有ポリマー膜を備え、ブロック共重合体で相分離構造を制御することを特徴とする全固体電池。,蒼海自動車,中村 美咲,C08J5/22;H01B1/12,取下
特願2024-100564,2024/11/07,リチウム合金負極を用いた全固体電池,本発明は、リチウム合金負極に関する。従来技術では負極と電解質の界面で副反応が進行するという課題があった。本発明では、固体電解質との界面に緩衝層を挿入することにより、デンドライト発生を抑制し安全性を高める。これにより全固体リチウムイオン二次電池の実用化に寄与する。,リチウム合金負極を備え、固体電解質との界面に緩衝層を挿入することを特徴とする全固体電池。,中央先端科学研究所,伊藤 恵;吉田 誠,H01M10/052,登録
特願2019-100245,2019/04/06,ペロブスカイト型酸化物電解質及びその製造方法,本発明は、ペロブスカイト型酸化物電解質に関する。従来技術では薄膜化すると機械的強度が不足するという課題があった。本発明では、ドーパント元素で結晶構造を安定化することにより、デンドライト耐性を改善する。これにより全固体リチウムイオン二次電池の実用化に寄与する。,ペロブスカイト型酸化物電解質を備え、ドーパント元素で結晶構造を安定化することを特徴とする全固体電池。,常盤田精機,山田 修平;林 静香,C04B35/486;H01M10/0562,審査中
特願2019-100787,2019/12/22,積層セルパッケージ及びその製造方法,本発明は、積層セルパッケージに関する。従来技術では直列積層時の熱分布が不均一になるという課題があった。本発明では、弾性部材を介した均一拘束構造とすることにより、体積エネルギー密度を高める。これにより全固体リチウムイオン二次電池の実用化に寄与する。,積層セルパッケージを備え、弾性部材を介した均一拘束構造とすることを特徴とする全固体電池。,蓬莱新能源,山本 隆;吉田 大輔;渡辺 由美,H01M10/613;H01M50/20,拒絶
特願2020-100210,2020/05/03,酸化物系固体電解質焼結体を用いた全固体電池,本発明は、酸化物系固体電解質焼結体に関する。従来技術ではリチウムデンドライトが粒界を伝播するという課題があった。本発明では、テープ成形により薄膜シート化することにより、デンドライト耐性を改善する。これにより全固体リチウムイオン二次電池の実用化に寄与する。,酸化物系固体電解質焼結体を備え、テープ成形により薄膜シート化することを特徴とする全固体電池。,東都工業大学,山田 修平;山本 恵,H01B1/08;H01M10/0562,拒絶
特願2022-100212,2022/09/23,NASICON型リン酸系酸化物及びその製造方法,本発明は、NASICON型リン酸系酸化物に関する。従来技術では薄膜化すると機械的強度が不足するという課題があった。本発明では、焼結助剤を添加して低温焼結を可能にすることにより、デンドライト耐性を改善する。これにより全固体リチウムイオン二次電池の実用化に寄与する。,NASICON型リン酸系酸化物を備え、焼結助剤を添加して低温焼結を可能にすることを特徴とする全固体電池。,中央先端科学研究所,林 大輔;田中 隆,C04B35/486,公開
特願2020-100192,2020/01/20,酸化物系固体電解質焼結体を用いた全固体電池,本発明は、酸化物系固体電解質焼結体に関する。従来技術では焼結温度が高くエネルギーコストが大きいという課題があった。本発明では、テープ成形により薄膜シート化することにより、粒界抵抗を低減し伝導度を向上する。これにより全固体リチウムイオン二次電池の実用化に寄与する。,酸化物系固体電解質焼結体を備え、テープ成形により薄膜シート化することを特徴とする全固体電池。,蒼海自動車,森 健一;渡辺 健一;森 真一,C04B35/486;H01B1/08,審査中
特願2018-100700,2018/03/16,乾式電極成形プロセス及びその製造方法,本発明は、乾式電極成形プロセスに関する。従来技術では積層時に層間に空隙が残り抵抗が増えるという課題があった。本発明では、乾式成膜により無溶媒で電極層を形成することにより、製造コストを削減する。これにより全固体リチウムイオン二次電池の実用化に寄与する。,乾式電極成形プロセスを備え、乾式成膜により無溶媒で電極層を形成することを特徴とする全固体電池。,みなと化学工業,中村 由美,B32B37/00;H01M4/04,登録
特願2019-100390,2019/11/01,正極-電解質界面被覆層を用いた全固体電池,本発明は、正極-電解質界面被覆層に関する。従来技術では複合正極内のイオン伝導経路が不連続になるという課題があった。本発明では、活物質表面に酸化物ナノ被覆層を形成することにより、電極内の利用率を向上する。これにより全固体リチウムイオン二次電池の実用化に寄与する。,正極-電解質界面被覆層を備え、活物質表面に酸化物ナノ被覆層を形成することを特徴とする全固体電池。,白鳳電機産業,林 直樹,H01M4/525,公開
特願2021-100640,2021/02/06,リチウム析出制御層及びその製造方法,本発明は、リチウム析出制御層に関する。従来技術では負極と電解質の界面で副反応が進行するという課題があった。本発明では、集電体表面に親リチウム性シード層を設けることにより、デンドライト発生を抑制し安全性を高める。これにより全固体リチウムイオン二次電池の実用化に寄与する。,リチウム析出制御層を備え、集電体表面に親リチウム性シード層を設けることを特徴とする全固体電池。,みなと化学工業,清水 拓也,H01M10/052;H01M4/134,拒絶
特願2016-100319,2016/09/02,リチウム塩含有ポリマー膜及びその製造方法,本発明は、リチウム塩含有ポリマー膜に関する。従来技術では電位窓が狭く高電圧正極に適用できないという課題があった。本発明では、紫外線架橋により三次元網目構造を形成することにより、柔軟性と伝導度を両立する。これにより全固体リチウムイオン二次電池の実用化に寄与する。,リチウム塩含有ポリマー膜を備え、紫外線架橋により三次元網目構造を形成することを特徴とする全固体電池。,葵テクノロジーズ,伊藤 健一;加藤 拓也,C08J5/22,登録
特願2020-100777,2020/08/10,乾式電極成形プロセスを用いた全固体電池,本発明は、乾式電極成形プロセスに関する。従来技術では積層時に層間に空隙が残り抵抗が増えるという課題があった。本発明では、等方加圧により積層界面を密着させることにより、量産タクトを短縮する。これにより全固体リチウムイオン二次電池の実用化に寄与する。,乾式電極成形プロセスを備え、等方加圧により積層界面を密着させることを特徴とする全固体電池。,汐留マテリアル,加藤 花子;木村 由美;吉田 誠,B32B37/00;H01M4/04,審査中
特願2018-100282,2018/04/19,NASICON型リン酸系酸化物を用いた全固体電池,本発明は、NASICON型リン酸系酸化物に関する。従来技術では焼結温度が高くエネルギーコストが大きいという課題があった。本発明では、テープ成形により薄膜シート化することにより、低温プロセスでの量産性を高める。これにより全固体リチウムイオン二次電池の実用化に寄与する。,NASICON型リン酸系酸化物を備え、テープ成形により薄膜シート化することを特徴とする全固体電池。,ハンビット電池,佐藤 真一;松本 裕子,H01B1/08;H01M10/0562,登録
特願2016-100169,2016/11/12,Li6PS5Cl固体電解質及びその製造方法,本発明は、Li6PS5Cl固体電解質に関する。従来技術ではイオン伝導度が実用水準に届かないという課題があった。本発明では、ハロゲン元素を部分置換した組成とすることにより、室温で高いリチウムイオン伝導度を実現する。これにより全固体リチウムイオン二次電池の実用化に寄与する。,Li6PS5Cl固体電解質を備え、ハロゲン元素を部分置換した組成とすることを特徴とする全固体電池。,白鳳電機産業,木村 彩;加藤 修平;中村 彩,H01B1/06;H01M10/0562,登録
特願2017-100880,2017/01/01,電池モジュール筐体及びその製造方法,本発明は、電池モジュール筐体に関する。従来技術では直列積層時の熱分布が不均一になるという課題があった。本発明では、冷却流路をモジュール内に一体成形することにより、部品点数を削減する。これにより全固体リチウムイオン二次電池の実用化に寄与する。,電池モジュール筐体を備え、冷却流路をモジュール内に一体成形することを特徴とする全固体電池。,九曜電子,山田 静香;清水 香織,H01M50/20;H01M50/509,登録
特願2020-100493,2020/12/08,ニオブ酸リチウム被覆正極活物質及びその製造方法,本発明は、ニオブ酸リチウム被覆正極活物質に関する。従来技術では正極活物質と硫化物電解質の界面で高抵抗層が形成されるという課題があった。本発明では、導電助剤と電解質の配合比を最適化することにより、電極内の利用率を向上する。これにより全固体リチウムイオン二次電池の実用化に寄与する。,ニオブ酸リチウム被覆正極活物質を備え、導電助剤と電解質の配合比を最適化することを特徴とする全固体電池。,菫マテリアルズ,中村 裕子;中村 由美,H01M4/525;H01M4/62,登録
特願2021-100021,2021/05/17,Li2S-P2S5系ガラスセラミックスを用いた全固体電池,本発明は、Li2S-P2S5系ガラスセラミックスに関する。従来技術ではイオン伝導度が実用水準に届かないという課題があった。本発明では、表面を酸化物系保護層で被覆することにより、硫化水素の発生量を大幅に抑制する。これにより全固体リチウムイオン二次電池の実用化に寄与する。,Li2S-P2S5系ガラスセラミックスを備え、表面を酸化物系保護層で被覆することを特徴とする全固体電池。,白鳳電機産業,鈴木 花子;森 恵;渡辺 浩二,H01B1/06,登録
特願2022-100244,2022/07/07,NASICON型リン酸系酸化物及びその製造方法,本発明は、NASICON型リン酸系酸化物に関する。従来技術では粒界抵抗がイオン伝導を阻害するという課題があった。本発明では、ドーパント元素で結晶構造を安定化することにより、低温プロセスでの量産性を高める。これにより全固体リチウムイオン二次電池の実用化に寄与する。,NASICON型リン酸系酸化物を備え、ドーパント元素で結晶構造を安定化することを特徴とする全固体電池。,若草セラミックス,木村 浩二,C04B35/486,公開
特願2022-100026,2022/10/18,硫化物系固体電解質及びその製造方法,本発明は、硫化物系固体電解質に関する。従来技術ではイオン伝導度が実用水準に届かないという課題があった。本発明では、ガラスセラミックス化の熱処理条件を最適化することにより、硫化水素の発生量を大幅に抑制する。これにより全固体リチウムイオン二次電池の実用化に寄与する。,硫化物系固体電解質を備え、ガラスセラミックス化の熱処理条件を最適化することを特徴とする全固体電池。,九曜電子,山口 大輔;山本 彩,C01B17/22;H01B1/06,審査中
特願2018-100789,2018/07/08,積層セルパッケージを用いた全固体電池,本発明は、積層セルパッケージに関する。従来技術ではセル拘束圧の維持と軽量化が両立しないという課題があった。本発明では、バイポーラ集電体で直列接続を内蔵化することにより、部品点数を削減する。これにより全固体リチウムイオン二次電池の実用化に寄与する。,積層セルパッケージを備え、バイポーラ集電体で直列接続を内蔵化することを特徴とする全固体電池。,蒼海自動車,山田 大輔,H01M10/613;H01M50/20,登録
特願2015-100366,2015/06/14,ポリエチレンオキシド系ポリマー電解質を用いた全固体電池,本発明は、ポリエチレンオキシド系ポリマー電解質に関する。従来技術では電位窓が狭く高電圧正極に適用できないという課題があった。本発明では、可塑剤と無機フィラーを複合化することにより、柔軟性と伝導度を両立する。これにより全固体リチウムイオン二次電池の実用化に寄与する。,ポリエチレンオキシド系ポリマー電解質を備え、可塑剤と無機フィラーを複合化することを特徴とする全固体電池。,常盤田精機,森 望,C08J5/22;H01M10/0565,登録
特願2020-100357,2020/11/24,リチウム塩含有ポリマー膜を用いた全固体電池,本発明は、リチウム塩含有ポリマー膜に関する。従来技術では電位窓が狭く高電圧正極に適用できないという課題があった。本発明では、ブロック共重合体で相分離構造を制御することにより、薄膜大面積化を容易にする。これにより全固体リチウムイオン二次電池の実用化に寄与する。,リチウム塩含有ポリマー膜を備え、ブロック共重合体で相分離構造を制御することを特徴とする全固体電池。,蒼海自動車,林 彩;山本 彩;中村 静香,H01B1/12,拒絶
特願2017-100822,2017/06/20,バイポーラ型全固体電池を用いた全固体電池,本発明は、バイポーラ型全固体電池に関する。従来技術ではセル拘束圧の維持と軽量化が両立しないという課題があった。本発明では、弾性部材を介した均一拘束構造とすることにより、温度分布を均一化し寿命を延ばす。これにより全固体リチウムイオン二次電池の実用化に寄与する。,バイポーラ型全固体電池を備え、弾性部材を介した均一拘束構造とすることを特徴とする全固体電池。,若草セラミックス,清水 修平,H01M50/20;H01M50/509,拒絶
特願2020-100254,2020/06/25,NASICON型リン酸系酸化物及びその製造方法,本発明は、NASICON型リン酸系酸化物に関する。従来技術では粒界抵抗がイオン伝導を阻害するという課題があった。本発明では、ドーパント元素で結晶構造を安定化することにより、デンドライト耐性を改善する。これにより全固体リチウムイオン二次電池の実用化に寄与する。,NASICON型リン酸系酸化物を備え、ドーパント元素で結晶構造を安定化することを特徴とする全固体電池。,桔梗精密,木村 直樹;高橋 直樹,H01B1/08;H01M10/0562,登録
特願2024-100606,2024/12/10,リチウム析出制御層を用いた全固体電池,本発明は、リチウム析出制御層に関する。従来技術では負極と電解質の界面で副反応が進行するという課題があった。本発明では、固体電解質との界面に緩衝層を挿入することにより、クーロン効率を改善する。これにより全固体リチウムイオン二次電池の実用化に寄与する。,リチウム析出制御層を備え、固体電解質との界面に緩衝層を挿入することを特徴とする全固体電池。,蒼海自動車,吉田 真一;伊藤 恵;渡辺 浩二,H01M10/052;H01M4/134,登録
特願2016-100204,2016/06/16,ペロブスカイト型酸化物電解質を用いた全固体電池,本発明は、ペロブスカイト型酸化物電解質に関する。従来技術では焼結温度が高くエネルギーコストが大きいという課題があった。本発明では、テープ成形により薄膜シート化することにより、低温プロセスでの量産性を高める。これにより全固体リチウムイオン二次電池の実用化に寄与する。,ペロブスカイト型酸化物電解質を備え、テープ成形により薄膜シート化することを特徴とする全固体電池。,ハンビット電池,中村 誠,H01B1/08;H01M10/0562,登録
特願2024-100562,2024/06/14,リチウム析出制御層及びその製造方法,本発明は、リチウム析出制御層に関する。従来技術ではリチウムの不均一析出で容量が劣化するという課題があった。本発明では、集電体表面に親リチウム性シード層を設けることにより、エネルギー密度を大幅に向上する。これにより全固体リチウムイオン二次電池の実用化に寄与する。,リチウム析出制御層を備え、集電体表面に親リチウム性シード層を設けることを特徴とする全固体電池。,白鳳電機産業,井上 隆;山本 由美;清水 香織,H01M10/052;H01M4/38,公開
特願2018-100840,2018/08/12,バイポーラ型全固体電池を用いた全固体電池,本発明は、バイポーラ型全固体電池に関する。従来技術では端子部の接触抵抗が大きいという課題があった。本発明では、バイポーラ集電体で直列接続を内蔵化することにより、温度分布を均一化し寿命を延ばす。これにより全固体リチウムイオン二次電池の実用化に寄与する。,バイポーラ型全固体電池を備え、バイポーラ集電体で直列接続を内蔵化することを特徴とする全固体電池。,東都工業大学,井上 直樹;林 拓也;斎藤 浩二,H01M10/613;H01M50/509,取下
特願2017-100166,2017/08/06,硫化物系固体電解質及びその製造方法,本発明は、硫化物系固体電解質に関する。従来技術では大気中の水分と反応して硫化水素が発生するという課題があった。本発明では、表面を酸化物系保護層で被覆することにより、充放電サイクル特性を改善する。これにより全固体リチウムイオン二次電池の実用化に寄与する。,硫化物系固体電解質を備え、表面を酸化物系保護層で被覆することを特徴とする全固体電池。,燕岳鉱業,高橋 裕子;田中 亮,C01B17/22;H01M10/0562,登録
特願2017-100772,2017/04/06,乾式電極成形プロセス及びその製造方法,本発明は、乾式電極成形プロセスに関する。従来技術では大面積化すると均一な加圧が難しいという課題があった。本発明では、ロールプレスの線圧条件を段階制御することにより、量産タクトを短縮する。これにより全固体リチウムイオン二次電池の実用化に寄与する。,乾式電極成形プロセスを備え、ロールプレスの線圧条件を段階制御することを特徴とする全固体電池。,九曜電子,渡辺 静香;木村 隆,H01M10/0585;H01M4/04,拒絶
特願2019-100448,2019/08/02,NCM系正極と固体電解質の複合体及びその製造方法,本発明は、NCM系正極と固体電解質の複合体に関する。従来技術では充放電に伴う体積変化で界面が剥離するという課題があった。本発明では、活物質表面に酸化物ナノ被覆層を形成することにより、サイクル後の容量維持率を改善する。これにより全固体リチウムイオン二次電池の実用化に寄与する。,NCM系正極と固体電解質の複合体を備え、活物質表面に酸化物ナノ被覆層を形成することを特徴とする全固体電池。,燕岳鉱業,渡辺 誠;井上 香織;斎藤 真一,H01M4/62,登録
特願2020-100741,2020/01/24,加圧焼結積層工程を用いた全固体電池,本発明は、加圧焼結積層工程に関する。従来技術では大面積化すると均一な加圧が難しいという課題があった。本発明では、乾式成膜により無溶媒で電極層を形成することにより、層間密着性を高め内部抵抗を低減する。これにより全固体リチウムイオン二次電池の実用化に寄与する。,加圧焼結積層工程を備え、乾式成膜により無溶媒で電極層を形成することを特徴とする全固体電池。,汐留マテリアル,田中 健一;井上 大輔;高橋 太郎,B32B37/00;H01M4/04,審査中
特願2022-100485,2022/05/02,複合正極合材及びその製造方法,本発明は、複合正極合材に関する。従来技術では充放電に伴う体積変化で界面が剥離するという課題があった。本発明では、活物質表面に酸化物ナノ被覆層を形成することにより、電極内の利用率を向上する。これにより全固体リチウムイオン二次電池の実用化に寄与する。,複合正極合材を備え、活物質表面に酸化物ナノ被覆層を形成することを特徴とする全固体電池。,九曜電子,佐藤 彩;伊藤 由美;小林 誠,H01M10/0562;H01M4/525,公開
特願2021-100732,2021/11/16,電極シート成形装置を用いた全固体電池,本発明は、電極シート成形装置に関する。従来技術では大面積化すると均一な加圧が難しいという課題があった。本発明では、等方加圧により積層界面を密着させることにより、層間密着性を高め内部抵抗を低減する。これにより全固体リチウムイオン二次電池の実用化に寄与する。,電極シート成形装置を備え、等方加圧により積層界面を密着させることを特徴とする全固体電池。,蒼海自動車,森 亮,H01M4/04,拒絶
特願2019-100201,2019/12/08,ガーネット型LLZO酸化物を用いた全固体電池,本発明は、ガーネット型LLZO酸化物に関する。従来技術では粒界抵抗がイオン伝導を阻害するという課題があった。本発明では、粒界に非晶質層を導入することにより、低温プロセスでの量産性を高める。これにより全固体リチウムイオン二次電池の実用化に寄与する。,ガーネット型LLZO酸化物を備え、粒界に非晶質層を導入することを特徴とする全固体電池。,葵テクノロジーズ,井上 望;山田 由美,H01M10/0562,登録
特願2018-100326,2018/09/27,リチウム塩含有ポリマー膜及びその製造方法,本発明は、リチウム塩含有ポリマー膜に関する。従来技術では電位窓が狭く高電圧正極に適用できないという課題があった。本発明では、紫外線架橋により三次元網目構造を形成することにより、界面追従性を高める。これにより全固体リチウムイオン二次電池の実用化に寄与する。,リチウム塩含有ポリマー膜を備え、紫外線架橋により三次元網目構造を形成することを特徴とする全固体電池。,燕岳鉱業,吉田 裕子;山本 恵,H01B1/12;H01M10/0565,登録
特願2020-100270,2020/09/03,ガーネット型LLZO酸化物を用いた全固体電池,本発明は、ガーネット型LLZO酸化物に関する。従来技術ではリチウムデンドライトが粒界を伝播するという課題があった。本発明では、粒界に非晶質層を導入することにより、粒界抵抗を低減し伝導度を向上する。これにより全固体リチウムイオン二次電池の実用化に寄与する。,ガーネット型LLZO酸化物を備え、粒界に非晶質層を導入することを特徴とする全固体電池。,東都工業大学,木村 美咲;吉田 浩二,H01B1/08,登録
特願2021-100200,2021/09/25,ペロブスカイト型酸化物電解質及びその製造方法,本発明は、ペロブスカイト型酸化物電解質に関する。従来技術では焼結温度が高くエネルギーコストが大きいという課題があった。本発明では、テープ成形により薄膜シート化することにより、低温プロセスでの量産性を高める。これにより全固体リチウムイオン二次電池の実用化に寄与する。,ペロブスカイト型酸化物電解質を備え、テープ成形により薄膜シート化することを特徴とする全固体電池。,九曜電子,鈴木 浩二,H01M10/0562,公開
特願2019-100227,2019/07/12,酸化物系固体電解質焼結体及びその製造方法,本発明は、酸化物系固体電解質焼結体に関する。従来技術では焼結温度が高くエネルギーコストが大きいという課題があった。本発明では、ドーパント元素で結晶構造を安定化することにより、低温プロセスでの量産性を高める。これにより全固体リチウムイオン二次電池の実用化に寄与する。,酸化物系固体電解質焼結体を備え、ドーパント元素で結晶構造を安定化することを特徴とする全固体電池。,みなと化学工業,松本 拓也,C04B35/486;H01B1/08,登録
特願2020-100853,2020/05/05,積層セルパッケージ及びその製造方法,本発明は、積層セルパッケージに関する。従来技術ではセル拘束圧の維持と軽量化が両立しないという課題があった。本発明では、バイポーラ集電体で直列接続を内蔵化することにより、体積エネルギー密度を高める。これにより全固体リチウムイオン二次電池の実用化に寄与する。,積層セルパッケージを備え、バイポーラ集電体で直列接続を内蔵化することを特徴とする全固体電池。,蒼海自動車,高橋 亮,H01M50/509,審査中
特願2023-100689,2023/02/16,電極シート成形装置及びその製造方法,本発明は、電極シート成形装置に関する。従来技術では大面積化すると均一な加圧が難しいという課題があった。本発明では、乾式成膜により無溶媒で電極層を形成することにより、量産タクトを短縮する。これにより全固体リチウムイオン二次電池の実用化に寄与する。,電極シート成形装置を備え、乾式成膜により無溶媒で電極層を形成することを特徴とする全固体電池。,九曜電子,伊藤 直樹;林 恵,H01M10/0585;H01M4/04,公開
特願2019-100137,2019/02/05,硫化物系固体電解質及びその製造方法,本発明は、硫化物系固体電解質に関する。従来技術では粒界での抵抗が大きいという課題があった。本発明では、微粒子化と加圧成形条件を制御することにより、室温で高いリチウムイオン伝導度を実現する。これにより全固体リチウムイオン二次電池の実用化に寄与する。,硫化物系固体電解質を備え、微粒子化と加圧成形条件を制御することを特徴とする全固体電池。,白鳳電機産業,山本 花子;井上 恵;田中 真一,C01B17/22;H01B1/06,公開
特願2022-100702,2022/03/08,加圧焼結積層工程を用いた全固体電池,本発明は、加圧焼結積層工程に関する。従来技術では積層時に層間に空隙が残り抵抗が増えるという課題があった。本発明では、乾式成膜により無溶媒で電極層を形成することにより、層間密着性を高め内部抵抗を低減する。これにより全固体リチウムイオン二次電池の実用化に寄与する。,加圧焼結積層工程を備え、乾式成膜により無溶媒で電極層を形成することを特徴とする全固体電池。,蒼海自動車,田中 拓也;井上 太郎,H01M4/04,公開
特願2020-100845,2020/03/10,電池モジュール筐体及びその製造方法,本発明は、電池モジュール筐体に関する。従来技術では直列積層時の熱分布が不均一になるという課題があった。本発明では、バイポーラ集電体で直列接続を内蔵化することにより、部品点数を削減する。これにより全固体リチウムイオン二次電池の実用化に寄与する。,電池モジュール筐体を備え、バイポーラ集電体で直列接続を内蔵化することを特徴とする全固体電池。,みなと化学工業,中村 大輔,H01M10/613;H01M50/509,登録
特願2020-100731,2020/10/09,全固体電池の積層体及びその製造方法,本発明は、全固体電池の積層体に関する。従来技術では大面積化すると均一な加圧が難しいという課題があった。本発明では、ロールプレスの線圧条件を段階制御することにより、層間密着性を高め内部抵抗を低減する。これにより全固体リチウムイオン二次電池の実用化に寄与する。,全固体電池の積層体を備え、ロールプレスの線圧条件を段階制御することを特徴とする全固体電池。,蒼海自動車,鈴木 太郎;鈴木 裕子,B32B37/00;H01M10/0585,登録
特願2017-100286,2017/12/12,酸化物系固体電解質焼結体及びその製造方法,本発明は、酸化物系固体電解質焼結体に関する。従来技術ではリチウムデンドライトが粒界を伝播するという課題があった。本発明では、焼結助剤を添加して低温焼結を可能にすることにより、デンドライト耐性を改善する。これにより全固体リチウムイオン二次電池の実用化に寄与する。,酸化物系固体電解質焼結体を備え、焼結助剤を添加して低温焼結を可能にすることを特徴とする全固体電池。,白鳳電機産業,林 亮,C04B35/486;H01B1/08,登録
特願2015-100059,2015/01/03,硫化物系固体電解質及びその製造方法,本発明は、硫化物系固体電解質に関する。従来技術では粒界での抵抗が大きいという課題があった。本発明では、表面を酸化物系保護層で被覆することにより、硫化水素の発生量を大幅に抑制する。これにより全固体リチウムイオン二次電池の実用化に寄与する。,硫化物系固体電解質を備え、表面を酸化物系保護層で被覆することを特徴とする全固体電池。,蓬莱新能源,木村 亮,H01B1/06;H01M10/0562,拒絶
特願2021-100680,2021/11/10,乾式電極成形プロセス及びその製造方法,本発明は、乾式電極成形プロセスに関する。従来技術では溶媒系プロセスが電解質を劣化させるという課題があった。本発明では、乾式成膜により無溶媒で電極層を形成することにより、量産タクトを短縮する。これにより全固体リチウムイオン二次電池の実用化に寄与する。,乾式電極成形プロセスを備え、乾式成膜により無溶媒で電極層を形成することを特徴とする全固体電池。,蒼海自動車,林 亮;小林 静香;木村 真一,B32B37/00;H01M4/04,登録
特願2025-100678,2025/02/28,全固体電池の積層体を用いた全固体電池,本発明は、全固体電池の積層体に関する。従来技術では溶媒系プロセスが電解質を劣化させるという課題があった。本発明では、ロールプレスの線圧条件を段階制御することにより、層間密着性を高め内部抵抗を低減する。これにより全固体リチウムイオン二次電池の実用化に寄与する。,全固体電池の積層体を備え、ロールプレスの線圧条件を段階制御することを特徴とする全固体電池。,蒼海自動車,鈴木 誠;加藤 亮;山本 恵,B32B37/00,公開
特願2022-100719,2022/11/08,全固体電池の積層体及びその製造方法,本発明は、全固体電池の積層体に関する。従来技術では積層時に層間に空隙が残り抵抗が増えるという課題があった。本発明では、乾式成膜により無溶媒で電極層を形成することにより、層間密着性を高め内部抵抗を低減する。これにより全固体リチウムイオン二次電池の実用化に寄与する。,全固体電池の積層体を備え、乾式成膜により無溶媒で電極層を形成することを特徴とする全固体電池。,白鳳電機産業,加藤 大輔;松本 由美;松本 彩,B32B37/00;H01M10/0585,公開
特願2022-100003,2022/12/20,Li6PS5Cl固体電解質を用いた全固体電池,本発明は、Li6PS5Cl固体電解質に関する。従来技術では粒界での抵抗が大きいという課題があった。本発明では、微粒子化と加圧成形条件を制御することにより、硫化水素の発生量を大幅に抑制する。これにより全固体リチウムイオン二次電池の実用化に寄与する。,Li6PS5Cl固体電解質を備え、微粒子化と加圧成形条件を制御することを特徴とする全固体電池。,菫マテリアルズ,伊藤 彩;山口 太郎,C01B17/22;H01M10/0562,審査中
特願2019-100767,2019/06/14,加圧焼結積層工程及びその製造方法,本発明は、加圧焼結積層工程に関する。従来技術では溶媒系プロセスが電解質を劣化させるという課題があった。本発明では、等方加圧により積層界面を密着させることにより、量産タクトを短縮する。これにより全固体リチウムイオン二次電池の実用化に寄与する。,加圧焼結積層工程を備え、等方加圧により積層界面を密着させることを特徴とする全固体電池。,葵テクノロジーズ,渡辺 亮;斎藤 誠,H01M10/0585;H01M4/04,審査中
特願2024-100953,2024/04/28,全固体電池の積層体及びその製造方法,本発明は、全固体電池の積層体に関する。従来技術では溶媒系プロセスが電解質を劣化させるという課題があった。本発明では、ロールプレスの線圧条件を段階制御することにより、界面追従性を高める。これにより全固体リチウムイオン二次電池の実用化に寄与する。,全固体電池の積層体を備え、ロールプレスの線圧条件を段階制御することを特徴とする全固体電池。,蓬莱新能源,山口 花子;小林 花子;山口 修平,H01M10/0585;H01M4/04,審査中
特願2020-100548,2020/02/13,リチウム金属負極及びその製造方法,本発明は、リチウム金属負極に関する。従来技術では充電時にデンドライトが成長し短絡に至るという課題があった。本発明では、固体電解質との界面に緩衝層を挿入することにより、エネルギー密度を大幅に向上する。これにより全固体リチウムイオン二次電池の実用化に寄与する。,リチウム金属負極を備え、固体電解質との界面に緩衝層を挿入することを特徴とする全固体電池。,北斗モータース,高橋 直樹;山田 大輔,H01M4/134,登録
特願2025-100478,2025/09/16,正極-電解質界面被覆層及びその製造方法,本発明は、正極-電解質界面被覆層に関する。従来技術では複合正極内のイオン伝導経路が不連続になるという課題があった。本発明では、導電助剤と電解質の配合比を最適化することにより、電極内の利用率を向上する。これにより全固体リチウムイオン二次電池の実用化に寄与する。,正極-電解質界面被覆層を備え、導電助剤と電解質の配合比を最適化することを特徴とする全固体電池。,汐留マテリアル,伊藤 静香;田中 彩,H01M4/525;H01M4/62,審査中
特願2021-100690,2021/11/26,加圧焼結積層工程を用いた全固体電池,本発明は、加圧焼結積層工程に関する。従来技術では積層時に層間に空隙が残り抵抗が増えるという課題があった。本発明では、等方加圧により積層界面を密着させることにより、層間密着性を高め内部抵抗を低減する。これにより全固体リチウムイオン二次電池の実用化に寄与する。,加圧焼結積層工程を備え、等方加圧により積層界面を密着させることを特徴とする全固体電池。,白鳳電機産業,林 太郎,B32B37/00;H01M10/0585,取下
特願2023-100902,2023/07/05,リチウム合金負極及びその製造方法,本発明は、リチウム合金負極に関する。従来技術では負極と電解質の界面で副反応が進行するという課題があった。本発明では、集電体表面に親リチウム性シード層を設けることにより、界面追従性を高める。これにより全固体リチウムイオン二次電池の実用化に寄与する。,リチウム合金負極を備え、集電体表面に親リチウム性シード層を設けることを特徴とする全固体電池。,白鳳電機産業,森 裕子;加藤 誠,H01M10/052,審査中
特願2024-100937,2024/08/15,Li2S-P2S5系ガラスセラミックス及びその製造方法,本発明は、Li2S-P2S5系ガラスセラミックスに関する。従来技術ではイオン伝導度が実用水準に届かないという課題があった。本発明では、微粒子化と加圧成形条件を制御することにより、温度分布を均一化し寿命を延ばす。これにより全固体リチウムイオン二次電池の実用化に寄与する。,Li2S-P2S5系ガラスセラミックスを備え、微粒子化と加圧成形条件を制御することを特徴とする全固体電池。,蒼海自動車,田中 由美;松本 直樹;斎藤 太郎,H01B1/06;H01M10/0562,公開
特願2019-100553,2019/09/25,リチウム金属負極及びその製造方法,本発明は、リチウム金属負極に関する。従来技術ではリチウムの不均一析出で容量が劣化するという課題があった。本発明では、析出溶解を均一化する拘束圧構造を採用することにより、クーロン効率を改善する。これにより全固体リチウムイオン二次電池の実用化に寄与する。,リチウム金属負極を備え、析出溶解を均一化する拘束圧構造を採用することを特徴とする全固体電池。,ソルグリーンエナジー,木村 健一,H01M4/134;H01M4/38,登録
特願2020-100330,2020/01/07,リチウム塩含有ポリマー膜を用いた全固体電池,本発明は、リチウム塩含有ポリマー膜に関する。従来技術では機械的強度と柔軟性の両立が難しいという課題があった。本発明では、紫外線架橋により三次元網目構造を形成することにより、柔軟性と伝導度を両立する。これにより全固体リチウムイオン二次電池の実用化に寄与する。,リチウム塩含有ポリマー膜を備え、紫外線架橋により三次元網目構造を形成することを特徴とする全固体電池。,白鳳電機産業,松本 望,C08J5/22;H01M10/0565,登録
特願2018-100228,2018/05/15,ペロブスカイト型酸化物電解質を用いた全固体電池,本発明は、ペロブスカイト型酸化物電解質に関する。従来技術では薄膜化すると機械的強度が不足するという課題があった。本発明では、ドーパント元素で結晶構造を安定化することにより、粒界抵抗を低減し伝導度を向上する。これにより全固体リチウムイオン二次電池の実用化に寄与する。,ペロブスカイト型酸化物電解質を備え、ドーパント元素で結晶構造を安定化することを特徴とする全固体電池。,蒼海自動車,斎藤 望,H01B1/08;H01M10/0562,登録
特願2016-100036,2016/07/03,硫化物系固体電解質を用いた全固体電池,本発明は、硫化物系固体電解質に関する。従来技術では大気中の水分と反応して硫化水素が発生するという課題があった。本発明では、微粒子化と加圧成形条件を制御することにより、室温で高いリチウムイオン伝導度を実現する。これにより全固体リチウムイオン二次電池の実用化に寄与する。,硫化物系固体電解質を備え、微粒子化と加圧成形条件を制御することを特徴とする全固体電池。,常盤田精機,松本 彩;木村 望;高橋 望,C01B17/22;H01M10/0562,登録
特願2015-100367,2015/10/18,リチウム塩含有ポリマー膜及びその製造方法,本発明は、リチウム塩含有ポリマー膜に関する。従来技術では電位窓が狭く高電圧正極に適用できないという課題があった。本発明では、紫外線架橋により三次元網目構造を形成することにより、薄膜大面積化を容易にする。これにより全固体リチウムイオン二次電池の実用化に寄与する。,リチウム塩含有ポリマー膜を備え、紫外線架橋により三次元網目構造を形成することを特徴とする全固体電池。,蒼海自動車,林 直樹;伊藤 花子;佐藤 隆,C08J5/22;H01M10/0565,拒絶
特願2016-100656,2016/05/27,乾式電極成形プロセス及びその製造方法,本発明は、乾式電極成形プロセスに関する。従来技術では積層時に層間に空隙が残り抵抗が増えるという課題があった。本発明では、乾式成膜により無溶媒で電極層を形成することにより、量産タクトを短縮する。これにより全固体リチウムイオン二次電池の実用化に寄与する。,乾式電極成形プロセスを備え、乾式成膜により無溶媒で電極層を形成することを特徴とする全固体電池。,白鳳電機産業,中村 静香,B32B37/00;H01M4/04,登録
特願2020-100118,2020/07/21,Li2S-P2S5系ガラスセラミックス及びその製造方法,本発明は、Li2S-P2S5系ガラスセラミックスに関する。従来技術では粒界での抵抗が大きいという課題があった。本発明では、微粒子化と加圧成形条件を制御することにより、充放電サイクル特性を改善する。これにより全固体リチウムイオン二次電池の実用化に寄与する。,Li2S-P2S5系ガラスセラミックスを備え、微粒子化と加圧成形条件を制御することを特徴とする全固体電池。,常盤田精機,清水 亮,C01B17/22,公開
特願2021-100954,2021/05/03,酸化物系固体電解質焼結体を用いた全固体電池,本発明は、酸化物系固体電解質焼結体に関する。従来技術では粒界抵抗がイオン伝導を阻害するという課題があった。本発明では、ドーパント元素で結晶構造を安定化することにより、硫化水素の発生量を大幅に抑制する。これにより全固体リチウムイオン二次電池の実用化に寄与する。,酸化物系固体電解質焼結体を備え、ドーパント元素で結晶構造を安定化することを特徴とする全固体電池。,蒼海自動車,高橋 彩;木村 香織;小林 静香,C04B35/486;H01M10/0562,拒絶
特願2022-100583,2022/04/17,リチウム析出制御層及びその製造方法,本発明は、リチウム析出制御層に関する。従来技術では充電時にデンドライトが成長し短絡に至るという課題があった。本発明では、固体電解質との界面に緩衝層を挿入することにより、デンドライト発生を抑制し安全性を高める。これにより全固体リチウムイオン二次電池の実用化に寄与する。,リチウム析出制御層を備え、固体電解質との界面に緩衝層を挿入することを特徴とする全固体電池。,蒼海自動車,山田 直樹;松本 恵,H01M10/052;H01M4/134,公開
特願2019-100855,2019/12/01,積層セルパッケージを用いた全固体電池,本発明は、積層セルパッケージに関する。従来技術では直列積層時の熱分布が不均一になるという課題があった。本発明では、弾性部材を介した均一拘束構造とすることにより、部品点数を削減する。これにより全固体リチウムイオン二次電池の実用化に寄与する。,積層セルパッケージを備え、弾性部材を介した均一拘束構造とすることを特徴とする全固体電池。,菫マテリアルズ,高橋 香織,H01M50/20;H01M50/509,登録
特願2022-100896,2022/07/21,電極シート成形装置及びその製造方法,本発明は、電極シート成形装置に関する。従来技術では積層時に層間に空隙が残り抵抗が増えるという課題があった。本発明では、ロールプレスの線圧条件を段階制御することにより、量産タクトを短縮する。これにより全固体リチウムイオン二次電池の実用化に寄与する。,電極シート成形装置を備え、ロールプレスの線圧条件を段階制御することを特徴とする全固体電池。,白鳳電機産業,高橋 花子;林 太郎,H01M4/04,審査中
特願2022-100769,2022/01/23,全固体電池の積層体及びその製造方法,本発明は、全固体電池の積層体に関する。従来技術では大面積化すると均一な加圧が難しいという課題があった。本発明では、等方加圧により積層界面を密着させることにより、製造コストを削減する。これにより全固体リチウムイオン二次電池の実用化に寄与する。,全固体電池の積層体を備え、等方加圧により積層界面を密着させることを特徴とする全固体電池。,若草セラミックス,木村 美咲;山本 恵,B32B37/00;H01M4/04,公開
特願2017-100861,2017/08/05,バイポーラ型全固体電池を用いた全固体電池,本発明は、バイポーラ型全固体電池に関する。従来技術では直列積層時の熱分布が不均一になるという課題があった。本発明では、弾性部材を介した均一拘束構造とすることにより、体積エネルギー密度を高める。これにより全固体リチウムイオン二次電池の実用化に寄与する。,バイポーラ型全固体電池を備え、弾性部材を介した均一拘束構造とすることを特徴とする全固体電池。,みなと化学工業,山本 香織;井上 真一;山本 恵,H01M10/613;H01M50/509,登録
特願2023-100433,2023/06/21,ニオブ酸リチウム被覆正極活物質及びその製造方法,本発明は、ニオブ酸リチウム被覆正極活物質に関する。従来技術では正極活物質と硫化物電解質の界面で高抵抗層が形成されるという課題があった。本発明では、活物質表面に酸化物ナノ被覆層を形成することにより、サイクル後の容量維持率を改善する。これにより全固体リチウムイオン二次電池の実用化に寄与する。,ニオブ酸リチウム被覆正極活物質を備え、活物質表面に酸化物ナノ被覆層を形成することを特徴とする全固体電池。,九曜電子,伊藤 修平;山田 静香;井上 拓也,H01M10/0562;H01M4/62,公開
特願2018-100261,2018/12/12,NASICON型リン酸系酸化物を用いた全固体電池,本発明は、NASICON型リン酸系酸化物に関する。従来技術では粒界抵抗がイオン伝導を阻害するという課題があった。本発明では、焼結助剤を添加して低温焼結を可能にすることにより、粒界抵抗を低減し伝導度を向上する。これにより全固体リチウムイオン二次電池の実用化に寄与する。,NASICON型リン酸系酸化物を備え、焼結助剤を添加して低温焼結を可能にすることを特徴とする全固体電池。,東雲重工業,加藤 香織;井上 美咲,C04B35/486,登録
特願2023-100586,2023/11/12,リチウム合金負極及びその製造方法,本発明は、リチウム合金負極に関する。従来技術ではリチウムの不均一析出で容量が劣化するという課題があった。本発明では、固体電解質との界面に緩衝層を挿入することにより、クーロン効率を改善する。これにより全固体リチウムイオン二次電池の実用化に寄与する。,リチウム合金負極を備え、固体電解質との界面に緩衝層を挿入することを特徴とする全固体電池。,常盤田精機,高橋 花子,H01M4/38,審査中
特願2018-100039,2018/12/03,硫化物系固体電解質を用いた全固体電池,本発明は、硫化物系固体電解質に関する。従来技術では電極との界面抵抗が増大するという課題があった。本発明では、微粒子化と加圧成形条件を制御することにより、硫化水素の発生量を大幅に抑制する。これにより全固体リチウムイオン二次電池の実用化に寄与する。,硫化物系固体電解質を備え、微粒子化と加圧成形条件を制御することを特徴とする全固体電池。,北斗モータース,松本 健一,C01B17/22;H01B1/06,登録
特願2017-100061,2017/10/17,アルジロダイト型硫化物及びその製造方法,本発明は、アルジロダイト型硫化物に関する。従来技術ではイオン伝導度が実用水準に届かないという課題があった。本発明では、表面を酸化物系保護層で被覆することにより、充放電サイクル特性を改善する。これにより全固体リチウムイオン二次電池の実用化に寄与する。,アルジロダイト型硫化物を備え、表面を酸化物系保護層で被覆することを特徴とする全固体電池。,蒼海自動車,佐藤 望;木村 香織;鈴木 太郎,H01B1/06;H01M10/0562,取下
特願2016-100876,2016/07/20,バイポーラ型全固体電池を用いた全固体電池,本発明は、バイポーラ型全固体電池に関する。従来技術ではセル拘束圧の維持と軽量化が両立しないという課題があった。本発明では、冷却流路をモジュール内に一体成形することにより、温度分布を均一化し寿命を延ばす。これにより全固体リチウムイオン二次電池の実用化に寄与する。,バイポーラ型全固体電池を備え、冷却流路をモジュール内に一体成形することを特徴とする全固体電池。,白鳳電機産業,井上 真一;吉田 誠,H01M10/613;H01M50/509,拒絶
特願2020-100665,2020/03/01,乾式電極成形プロセス及びその製造方法,本発明は、乾式電極成形プロセスに関する。従来技術では大面積化すると均一な加圧が難しいという課題があった。本発明では、乾式成膜により無溶媒で電極層を形成することにより、製造コストを削減する。これにより全固体リチウムイオン二次電池の実用化に寄与する。,乾式電極成形プロセスを備え、乾式成膜により無溶媒で電極層を形成することを特徴とする全固体電池。,みなと化学工業,小林 拓也;山田 誠;山田 隆,H01M10/0585;H01M4/04,公開
特願2017-100307,2017/05/24,リチウム塩含有ポリマー膜及びその製造方法,本発明は、リチウム塩含有ポリマー膜に関する。従来技術では電位窓が狭く高電圧正極に適用できないという課題があった。本発明では、可塑剤と無機フィラーを複合化することにより、薄膜大面積化を容易にする。これにより全固体リチウムイオン二次電池の実用化に寄与する。,リチウム塩含有ポリマー膜を備え、可塑剤と無機フィラーを複合化することを特徴とする全固体電池。,蒼海自動車,吉田 真一;加藤 香織;清水 花子,H01M10/0565,登録
特願2020-100399,2020/05/22,複合正極合材を用いた全固体電池,本発明は、複合正極合材に関する。従来技術では充放電に伴う体積変化で界面が剥離するという課題があった。本発明では、活物質表面に酸化物ナノ被覆層を形成することにより、サイクル後の容量維持率を改善する。これにより全固体リチウムイオン二次電池の実用化に寄与する。,複合正極合材を備え、活物質表面に酸化物ナノ被覆層を形成することを特徴とする全固体電池。,東雲重工業,斎藤 浩二;山田 裕子,H01M10/0562;H01M4/62,登録
特願2018-100379,2018/01/11,リチウム塩含有ポリマー膜及びその製造方法,本発明は、リチウム塩含有ポリマー膜に関する。従来技術では電位窓が狭く高電圧正極に適用できないという課題があった。本発明では、紫外線架橋により三次元網目構造を形成することにより、界面追従性を高める。これにより全固体リチウムイオン二次電池の実用化に寄与する。,リチウム塩含有ポリマー膜を備え、紫外線架橋により三次元網目構造を形成することを特徴とする全固体電池。,蒼海自動車,山田 恵;伊藤 花子,C08J5/22;H01M10/0565,拒絶
特願2022-100491,2022/12/17,ニオブ酸リチウム被覆正極活物質及びその製造方法,本発明は、ニオブ酸リチウム被覆正極活物質に関する。従来技術では正極活物質と硫化物電解質の界面で高抵抗層が形成されるという課題があった。本発明では、スラリー混練条件を制御し均一分散させることにより、界面抵抗を低減し出力特性を高める。これにより全固体リチウムイオン二次電池の実用化に寄与する。,ニオブ酸リチウム被覆正極活物質を備え、スラリー混練条件を制御し均一分散させることを特徴とする全固体電池。,蓬莱新能源,井上 大輔;吉田 健一;吉田 浩二,H01M4/525,公開
特願2019-100107,2019/01/23,硫化物系固体電解質及びその製造方法,本発明は、硫化物系固体電解質に関する。従来技術では電極との界面抵抗が増大するという課題があった。本発明では、表面を酸化物系保護層で被覆することにより、硫化水素の発生量を大幅に抑制する。これにより全固体リチウムイオン二次電池の実用化に寄与する。,硫化物系固体電解質を備え、表面を酸化物系保護層で被覆することを特徴とする全固体電池。,白鳳電機産業,佐藤 花子;清水 美咲,H01B1/06;H01M10/0562,公開
特願2021-100575,2021/04/20,リチウム金属負極及びその製造方法,本発明は、リチウム金属負極に関する。従来技術ではリチウムの不均一析出で容量が劣化するという課題があった。本発明では、固体電解質との界面に緩衝層を挿入することにより、クーロン効率を改善する。これにより全固体リチウムイオン二次電池の実用化に寄与する。,リチウム金属負極を備え、固体電解質との界面に緩衝層を挿入することを特徴とする全固体電池。,蒼海自動車,松本 美咲;鈴木 静香,H01M4/38,審査中
特願2020-100190,2020/08/25,酸化物系固体電解質焼結体及びその製造方法,本発明は、酸化物系固体電解質焼結体に関する。従来技術では焼結温度が高くエネルギーコストが大きいという課題があった。本発明では、焼結助剤を添加して低温焼結を可能にすることにより、低温プロセスでの量産性を高める。これにより全固体リチウムイオン二次電池の実用化に寄与する。,酸化物系固体電解質焼結体を備え、焼結助剤を添加して低温焼結を可能にすることを特徴とする全固体電池。,九曜電子,佐藤 直樹,C04B35/486;H01B1/08,登録
特願2022-100561,2022/10/23,リチウム金属負極を用いた全固体電池,本発明は、リチウム金属負極に関する。従来技術では充電時にデンドライトが成長し短絡に至るという課題があった。本発明では、固体電解質との界面に緩衝層を挿入することにより、デンドライト発生を抑制し安全性を高める。これにより全固体リチウムイオン二次電池の実用化に寄与する。,リチウム金属負極を備え、固体電解質との界面に緩衝層を挿入することを特徴とする全固体電池。,みなと化学工業,小林 直樹,H01M4/134;H01M4/38,公開
特願2022-100590,2022/11/06,無負極型集電体構造及びその製造方法,本発明は、無負極型集電体構造に関する。従来技術ではリチウムの不均一析出で容量が劣化するという課題があった。本発明では、集電体表面に親リチウム性シード層を設けることにより、デンドライト発生を抑制し安全性を高める。これにより全固体リチウムイオン二次電池の実用化に寄与する。,無負極型集電体構造を備え、集電体表面に親リチウム性シード層を設けることを特徴とする全固体電池。,蒼海自動車,加藤 裕子;森 亮;松本 彩,H01M4/38,公開
特願2018-100018,2018/09/01,アルジロダイト型硫化物を用いた全固体電池,本発明は、アルジロダイト型硫化物に関する。従来技術ではイオン伝導度が実用水準に届かないという課題があった。本発明では、微粒子化と加圧成形条件を制御することにより、充放電サイクル特性を改善する。これにより全固体リチウムイオン二次電池の実用化に寄与する。,アルジロダイト型硫化物を備え、微粒子化と加圧成形条件を制御することを特徴とする全固体電池。,白鳳電機産業,清水 誠;伊藤 健一;林 美咲,H01B1/06,登録
特願2019-100733,2019/12/09,乾式電極成形プロセス及びその製造方法,本発明は、乾式電極成形プロセスに関する。従来技術では積層時に層間に空隙が残り抵抗が増えるという課題があった。本発明では、等方加圧により積層界面を密着させることにより、製造コストを削減する。これにより全固体リチウムイオン二次電池の実用化に寄与する。,乾式電極成形プロセスを備え、等方加圧により積層界面を密着させることを特徴とする全固体電池。,桔梗精密,佐藤 美咲;松本 直樹;鈴木 真一,H01M10/0585;H01M4/04,公開
特願2022-100615,2022/10/05,リチウム合金負極を用いた全固体電池,本発明は、リチウム合金負極に関する。従来技術では負極と電解質の界面で副反応が進行するという課題があった。本発明では、固体電解質との界面に緩衝層を挿入することにより、クーロン効率を改善する。これにより全固体リチウムイオン二次電池の実用化に寄与する。,リチウム合金負極を備え、固体電解質との界面に緩衝層を挿入することを特徴とする全固体電池。,蒼海自動車,小林 拓也,H01M4/38,公開
特願2017-100114,2017/11/21,アルジロダイト型硫化物を用いた全固体電池,本発明は、アルジロダイト型硫化物に関する。従来技術では粒界での抵抗が大きいという課題があった。本発明では、ガラスセラミックス化の熱処理条件を最適化することにより、充放電サイクル特性を改善する。これにより全固体リチウムイオン二次電池の実用化に寄与する。,アルジロダイト型硫化物を備え、ガラスセラミックス化の熱処理条件を最適化することを特徴とする全固体電池。,北斗モータース,山田 美咲;山本 直樹;中村 花子,H01M10/0562,登録
特願2023-100499,2023/11/15,ニオブ酸リチウム被覆正極活物質及びその製造方法,本発明は、ニオブ酸リチウム被覆正極活物質に関する。従来技術では複合正極内のイオン伝導経路が不連続になるという課題があった。本発明では、スラリー混練条件を制御し均一分散させることにより、サイクル後の容量維持率を改善する。これにより全固体リチウムイオン二次電池の実用化に寄与する。,ニオブ酸リチウム被覆正極活物質を備え、スラリー混練条件を制御し均一分散させることを特徴とする全固体電池。,ハンビット電池,林 亮;鈴木 彩;山口 隆,H01M4/62,公開
特願2022-100079,2022/06/27,アルジロダイト型硫化物及びその製造方法,本発明は、アルジロダイト型硫化物に関する。従来技術では電極との界面抵抗が増大するという課題があった。本発明では、ハロゲン元素を部分置換した組成とすることにより、充放電サイクル特性を改善する。これにより全固体リチウムイオン二次電池の実用化に寄与する。,アルジロダイト型硫化物を備え、ハロゲン元素を部分置換した組成とすることを特徴とする全固体電池。,みなと化学工業,井上 直樹;渡辺 隆;伊藤 裕子,C01B17/22;H01M10/0562,審査中
特願2019-100748,2019/09/03,全固体電池の積層体及びその製造方法,本発明は、全固体電池の積層体に関する。従来技術では積層時に層間に空隙が残り抵抗が増えるという課題があった。本発明では、等方加圧により積層界面を密着させることにより、量産タクトを短縮する。これにより全固体リチウムイオン二次電池の実用化に寄与する。,全固体電池の積層体を備え、等方加圧により積層界面を密着させることを特徴とする全固体電池。,燕岳鉱業,井上 浩二;高橋 健一;清水 美咲,B32B37/00;H01M10/0585,登録
特願2022-100235,2022/02/19,NASICON型リン酸系酸化物及びその製造方法,本発明は、NASICON型リン酸系酸化物に関する。従来技術では焼結温度が高くエネルギーコストが大きいという課題があった。本発明では、ドーパント元素で結晶構造を安定化することにより、デンドライト耐性を改善する。これにより全固体リチウムイオン二次電池の実用化に寄与する。,NASICON型リン酸系酸化物を備え、ドーパント元素で結晶構造を安定化することを特徴とする全固体電池。,ハンビット電池,田中 望,H01B1/08;H01M10/0562,登録
特願2022-100573,2022/12/28,無負極型集電体構造を用いた全固体電池,本発明は、無負極型集電体構造に関する。従来技術ではリチウムの不均一析出で容量が劣化するという課題があった。本発明では、析出溶解を均一化する拘束圧構造を採用することにより、デンドライト発生を抑制し安全性を高める。これにより全固体リチウムイオン二次電池の実用化に寄与する。,無負極型集電体構造を備え、析出溶解を均一化する拘束圧構造を採用することを特徴とする全固体電池。,燕岳鉱業,高橋 恵,H01M10/052;H01M4/134,公開
特願2023-100523,2023/06/07,ニオブ酸リチウム被覆正極活物質及びその製造方法,本発明は、ニオブ酸リチウム被覆正極活物質に関する。従来技術では正極活物質と硫化物電解質の界面で高抵抗層が形成されるという課題があった。本発明では、活物質表面に酸化物ナノ被覆層を形成することにより、界面抵抗を低減し出力特性を高める。これにより全固体リチウムイオン二次電池の実用化に寄与する。,ニオブ酸リチウム被覆正極活物質を備え、活物質表面に酸化物ナノ被覆層を形成することを特徴とする全固体電池。,白鳳電機産業,小林 彩,H01M4/525;H01M4/62,審査中
特願2022-100577,2022/09/21,リチウム金属負極及びその製造方法,本発明は、リチウム金属負極に関する。従来技術では充電時にデンドライトが成長し短絡に至るという課題があった。本発明では、集電体表面に親リチウム性シード層を設けることにより、クーロン効率を改善する。これにより全固体リチウムイオン二次電池の実用化に寄与する。,リチウム金属負極を備え、集電体表面に親リチウム性シード層を設けることを特徴とする全固体電池。,みなと化学工業,山田 恵;林 彩;森 亮,H01M4/134;H01M4/38,公開
特願2018-100010,2018/07/11,アルジロダイト型硫化物及びその製造方法,本発明は、アルジロダイト型硫化物に関する。従来技術ではイオン伝導度が実用水準に届かないという課題があった。本発明では、ガラスセラミックス化の熱処理条件を最適化することにより、充放電サイクル特性を改善する。これにより全固体リチウムイオン二次電池の実用化に寄与する。,アルジロダイト型硫化物を備え、ガラスセラミックス化の熱処理条件を最適化することを特徴とする全固体電池。,若草セラミックス,中村 静香,C01B17/22;H01M10/0562,登録
特願2025-100225,2025/08/23,ペロブスカイト型酸化物電解質を用いた全固体電池,本発明は、ペロブスカイト型酸化物電解質に関する。従来技術では焼結温度が高くエネルギーコストが大きいという課題があった。本発明では、粒界に非晶質層を導入することにより、粒界抵抗を低減し伝導度を向上する。これにより全固体リチウムイオン二次電池の実用化に寄与する。,ペロブスカイト型酸化物電解質を備え、粒界に非晶質層を導入することを特徴とする全固体電池。,瀬戸内硝子,鈴木 美咲,H01B1/08;H01M10/0562,審査中
特願2023-100381,2023/11/28,ニオブ酸リチウム被覆正極活物質を用いた全固体電池,本発明は、ニオブ酸リチウム被覆正極活物質に関する。従来技術では複合正極内のイオン伝導経路が不連続になるという課題があった。本発明では、活物質表面に酸化物ナノ被覆層を形成することにより、電極内の利用率を向上する。これにより全固体リチウムイオン二次電池の実用化に寄与する。,ニオブ酸リチウム被覆正極活物質を備え、活物質表面に酸化物ナノ被覆層を形成することを特徴とする全固体電池。,白樺電工,加藤 静香;木村 拓也,H01M10/0562;H01M4/62,審査中
特願2022-100814,2022/01/11,拘束圧付与機構及びその製造方法,本発明は、拘束圧付与機構に関する。従来技術ではセル拘束圧の維持と軽量化が両立しないという課題があった。本発明では、冷却流路をモジュール内に一体成形することにより、部品点数を削減する。これにより全固体リチウムイオン二次電池の実用化に寄与する。,拘束圧付与機構を備え、冷却流路をモジュール内に一体成形することを特徴とする全固体電池。,みなと化学工業,小林 健一;林 浩二;田中 大輔,H01M10/613;H01M50/20,審査中
特願2018-100240,2018/09/28,酸化物系固体電解質焼結体を用いた全固体電池,本発明は、酸化物系固体電解質焼結体に関する。従来技術では薄膜化すると機械的強度が不足するという課題があった。本発明では、焼結助剤を添加して低温焼結を可能にすることにより、低温プロセスでの量産性を高める。これにより全固体リチウムイオン二次電池の実用化に寄与する。,酸化物系固体電解質焼結体を備え、焼結助剤を添加して低温焼結を可能にすることを特徴とする全固体電池。,蒼海自動車,中村 美咲;加藤 隆,C04B35/486;H01M10/0562,取下
特願2021-100457,2021/08/27,ニオブ酸リチウム被覆正極活物質及びその製造方法,本発明は、ニオブ酸リチウム被覆正極活物質に関する。従来技術では充放電に伴う体積変化で界面が剥離するという課題があった。本発明では、スラリー混練条件を制御し均一分散させることにより、電極内の利用率を向上する。これにより全固体リチウムイオン二次電池の実用化に寄与する。,ニオブ酸リチウム被覆正極活物質を備え、スラリー混練条件を制御し均一分散させることを特徴とする全固体電池。,燕岳鉱業,山口 恵;田中 恵;松本 彩,H01M10/0562,公開
特願2021-100774,2021/11/02,加圧焼結積層工程を用いた全固体電池,本発明は、加圧焼結積層工程に関する。従来技術では溶媒系プロセスが電解質を劣化させるという課題があった。本発明では、乾式成膜により無溶媒で電極層を形成することにより、製造コストを削減する。これにより全固体リチウムイオン二次電池の実用化に寄与する。,加圧焼結積層工程を備え、乾式成膜により無溶媒で電極層を形成することを特徴とする全固体電池。,みなと化学工業,清水 由美;小林 裕子;伊藤 真一,B32B37/00,審査中
特願2018-100826,2018/07/14,電池モジュール筐体及びその製造方法,本発明は、電池モジュール筐体に関する。従来技術では端子部の接触抵抗が大きいという課題があった。本発明では、冷却流路をモジュール内に一体成形することにより、温度分布を均一化し寿命を延ばす。これにより全固体リチウムイオン二次電池の実用化に寄与する。,電池モジュール筐体を備え、冷却流路をモジュール内に一体成形することを特徴とする全固体電池。,ソルグリーンエナジー,木村 直樹;斎藤 太郎,H01M10/613,登録
特願2024-100613,2024/11/28,リチウム金属負極及びその製造方法,本発明は、リチウム金属負極に関する。従来技術ではリチウムの不均一析出で容量が劣化するという課題があった。本発明では、析出溶解を均一化する拘束圧構造を採用することにより、エネルギー密度を大幅に向上する。これにより全固体リチウムイオン二次電池の実用化に寄与する。,リチウム金属負極を備え、析出溶解を均一化する拘束圧構造を採用することを特徴とする全固体電池。,桔梗精密,吉田 恵;山口 真一;山口 裕子,H01M4/38,公開
特願2016-100821,2016/01/09,拘束圧付与機構及びその製造方法,本発明は、拘束圧付与機構に関する。従来技術では端子部の接触抵抗が大きいという課題があった。本発明では、バイポーラ集電体で直列接続を内蔵化することにより、温度分布を均一化し寿命を延ばす。これにより全固体リチウムイオン二次電池の実用化に寄与する。,拘束圧付与機構を備え、バイポーラ集電体で直列接続を内蔵化することを特徴とする全固体電池。,ソルグリーンエナジー,松本 拓也;森 亮,H01M50/20;H01M50/509,登録
特願2020-100695,2020/12/17,全固体電池の積層体及びその製造方法,本発明は、全固体電池の積層体に関する。従来技術では大面積化すると均一な加圧が難しいという課題があった。本発明では、等方加圧により積層界面を密着させることにより、層間密着性を高め内部抵抗を低減する。これにより全固体リチウムイオン二次電池の実用化に寄与する。,全固体電池の積層体を備え、等方加圧により積層界面を密着させることを特徴とする全固体電池。,白鳳電機産業,山口 美咲;伊藤 誠,B32B37/00;H01M4/04,公開
特願2022-100383,2022/06/03,複合正極合材及びその製造方法,本発明は、複合正極合材に関する。従来技術では充放電に伴う体積変化で界面が剥離するという課題があった。本発明では、導電助剤と電解質の配合比を最適化することにより、界面抵抗を低減し出力特性を高める。これにより全固体リチウムイオン二次電池の実用化に寄与する。,複合正極合材を備え、導電助剤と電解質の配合比を最適化することを特徴とする全固体電池。,北斗モータース,渡辺 静香;伊藤 美咲,H01M4/525;H01M4/62,公開
特願2021-100058,2021/02/04,アルジロダイト型硫化物及びその製造方法,本発明は、アルジロダイト型硫化物に関する。従来技術ではイオン伝導度が実用水準に届かないという課題があった。本発明では、微粒子化と加圧成形条件を制御することにより、硫化水素の発生量を大幅に抑制する。これにより全固体リチウムイオン二次電池の実用化に寄与する。,アルジロダイト型硫化物を備え、微粒子化と加圧成形条件を制御することを特徴とする全固体電池。,白鳳電機産業,山田 大輔;山田 隆,C01B17/22,公開
特願2021-100927,2021/08/26,リチウム合金負極を用いた全固体電池,本発明は、リチウム合金負極に関する。従来技術では負極と電解質の界面で副反応が進行するという課題があった。本発明では、集電体表面に親リチウム性シード層を設けることにより、体積エネルギー密度を高める。これにより全固体リチウムイオン二次電池の実用化に寄与する。,リチウム合金負極を備え、集電体表面に親リチウム性シード層を設けることを特徴とする全固体電池。,白鳳電機産業,小林 大輔;山口 花子,H01M4/134;H01M4/38,拒絶
特願2016-100130,2016/04/17,Li2S-P2S5系ガラスセラミックス及びその製造方法,本発明は、Li2S-P2S5系ガラスセラミックスに関する。従来技術ではイオン伝導度が実用水準に届かないという課題があった。本発明では、表面を酸化物系保護層で被覆することにより、充放電サイクル特性を改善する。これにより全固体リチウムイオン二次電池の実用化に寄与する。,Li2S-P2S5系ガラスセラミックスを備え、表面を酸化物系保護層で被覆することを特徴とする全固体電池。,白鳳電機産業,山田 静香;森 美咲,H01B1/06;H01M10/0562,登録
特願2020-100504,2020/02/12,NCM系正極と固体電解質の複合体を用いた全固体電池,本発明は、NCM系正極と固体電解質の複合体に関する。従来技術では充放電に伴う体積変化で界面が剥離するという課題があった。本発明では、活物質表面に酸化物ナノ被覆層を形成することにより、電極内の利用率を向上する。これにより全固体リチウムイオン二次電池の実用化に寄与する。,NCM系正極と固体電解質の複合体を備え、活物質表面に酸化物ナノ被覆層を形成することを特徴とする全固体電池。,蒼海自動車,加藤 真一,H01M4/62,登録
特願2019-100751,2019/10/23,全固体電池の積層体及びその製造方法,本発明は、全固体電池の積層体に関する。従来技術では積層時に層間に空隙が残り抵抗が増えるという課題があった。本発明では、等方加圧により積層界面を密着させることにより、層間密着性を高め内部抵抗を低減する。これにより全固体リチウムイオン二次電池の実用化に寄与する。,全固体電池の積層体を備え、等方加圧により積層界面を密着させることを特徴とする全固体電池。,白鳳電機産業,山本 由美;井上 亮,H01M10/0585;H01M4/04,登録
特願2021-100425,2021/12/03,ニオブ酸リチウム被覆正極活物質及びその製造方法,本発明は、ニオブ酸リチウム被覆正極活物質に関する。従来技術では正極活物質と硫化物電解質の界面で高抵抗層が形成されるという課題があった。本発明では、スラリー混練条件を制御し均一分散させることにより、電極内の利用率を向上する。これにより全固体リチウムイオン二次電池の実用化に寄与する。,ニオブ酸リチウム被覆正極活物質を備え、スラリー混練条件を制御し均一分散させることを特徴とする全固体電池。,白鳳電機産業,林 修平,H01M10/0562;H01M4/62,拒絶
特願2025-100533,2025/09/27,リチウム金属負極及びその製造方法,本発明は、リチウム金属負極に関する。従来技術では充電時にデンドライトが成長し短絡に至るという課題があった。本発明では、析出溶解を均一化する拘束圧構造を採用することにより、デンドライト発生を抑制し安全性を高める。これにより全固体リチウムイオン二次電池の実用化に寄与する。,リチウム金属負極を備え、析出溶解を均一化する拘束圧構造を採用することを特徴とする全固体電池。,みなと化学工業,中村 拓也;清水 彩,H01M10/052;H01M4/134,審査中
特願2017-100348,2017/12/05,リチウム塩含有ポリマー膜を用いた全固体電池,本発明は、リチウム塩含有ポリマー膜に関する。従来技術では機械的強度と柔軟性の両立が難しいという課題があった。本発明では、可塑剤と無機フィラーを複合化することにより、柔軟性と伝導度を両立する。これにより全固体リチウムイオン二次電池の実用化に寄与する。,リチウム塩含有ポリマー膜を備え、可塑剤と無機フィラーを複合化することを特徴とする全固体電池。,蒼海自動車,井上 香織,H01B1/12;H01M10/0565,登録
特願2022-100396,2022/03/20,複合正極合材を用いた全固体電池,本発明は、複合正極合材に関する。従来技術では充放電に伴う体積変化で界面が剥離するという課題があった。本発明では、活物質表面に酸化物ナノ被覆層を形成することにより、界面抵抗を低減し出力特性を高める。これにより全固体リチウムイオン二次電池の実用化に寄与する。,複合正極合材を備え、活物質表面に酸化物ナノ被覆層を形成することを特徴とする全固体電池。,中央先端科学研究所,井上 美咲,H01M10/0562;H01M4/525,審査中
特願2017-100466,2017/03/07,NCM系正極と固体電解質の複合体及びその製造方法,本発明は、NCM系正極と固体電解質の複合体に関する。従来技術では正極活物質と硫化物電解質の界面で高抵抗層が形成されるという課題があった。本発明では、導電助剤と電解質の配合比を最適化することにより、界面抵抗を低減し出力特性を高める。これにより全固体リチウムイオン二次電池の実用化に寄与する。,NCM系正極と固体電解質の複合体を備え、導電助剤と電解質の配合比を最適化することを特徴とする全固体電池。,白鳳電機産業,中村 大輔;山口 拓也,H01M4/525;H01M4/62,取下
特願2021-100930,2021/09/05,リチウム塩含有ポリマー膜を用いた全固体電池,本発明は、リチウム塩含有ポリマー膜に関する。従来技術では機械的強度と柔軟性の両立が難しいという課題があった。本発明では、紫外線架橋により三次元網目構造を形成することにより、界面追従性を高める。これにより全固体リチウムイオン二次電池の実用化に寄与する。,リチウム塩含有ポリマー膜を備え、紫外線架橋により三次元網目構造を形成することを特徴とする全固体電池。,若草セラミックス,小林 隆;加藤 裕子;渡辺 太郎,H01B1/12;H01M10/0565,公開
特願2019-100791,2019/08/22,拘束圧付与機構及びその製造方法,本発明は、拘束圧付与機構に関する。従来技術では端子部の接触抵抗が大きいという課題があった。本発明では、冷却流路をモジュール内に一体成形することにより、部品点数を削減する。これにより全固体リチウムイオン二次電池の実用化に寄与する。,拘束圧付与機構を備え、冷却流路をモジュール内に一体成形することを特徴とする全固体電池。,九曜電子,鈴木 由美;渡辺 直樹,H01M10/613;H01M50/509,拒絶
特願2022-100780,2022/12/06,加圧焼結積層工程を用いた全固体電池,本発明は、加圧焼結積層工程に関する。従来技術では積層時に層間に空隙が残り抵抗が増えるという課題があった。本発明では、等方加圧により積層界面を密着させることにより、製造コストを削減する。これにより全固体リチウムイオン二次電池の実用化に寄与する。,加圧焼結積層工程を備え、等方加圧により積層界面を密着させることを特徴とする全固体電池。,白鳳電機産業,林 隆;加藤 隆,H01M10/0585;H01M4/04,公開
特願2023-100404,2023/11/28,NCM系正極と固体電解質の複合体及びその製造方法,本発明は、NCM系正極と固体電解質の複合体に関する。従来技術では複合正極内のイオン伝導経路が不連続になるという課題があった。本発明では、活物質表面に酸化物ナノ被覆層を形成することにより、電極内の利用率を向上する。これにより全固体リチウムイオン二次電池の実用化に寄与する。,NCM系正極と固体電解質の複合体を備え、活物質表面に酸化物ナノ被覆層を形成することを特徴とする全固体電池。,九曜電子,中村 健一,H01M4/525,審査中
特願2020-100284,2020/08/10,ペロブスカイト型酸化物電解質及びその製造方法,本発明は、ペロブスカイト型酸化物電解質に関する。従来技術では薄膜化すると機械的強度が不足するという課題があった。本発明では、焼結助剤を添加して低温焼結を可能にすることにより、低温プロセスでの量産性を高める。これにより全固体リチウムイオン二次電池の実用化に寄与する。,ペロブスカイト型酸化物電解質を備え、焼結助剤を添加して低温焼結を可能にすることを特徴とする全固体電池。,みなと化学工業,加藤 大輔;山口 裕子,H01M10/0562,審査中
特願2023-100487,2023/03/08,複合正極合材及びその製造方法,本発明は、複合正極合材に関する。従来技術では正極活物質と硫化物電解質の界面で高抵抗層が形成されるという課題があった。本発明では、導電助剤と電解質の配合比を最適化することにより、サイクル後の容量維持率を改善する。これにより全固体リチウムイオン二次電池の実用化に寄与する。,複合正極合材を備え、導電助剤と電解質の配合比を最適化することを特徴とする全固体電池。,白鳳電機産業,佐藤 静香;松本 隆,H01M10/0562;H01M4/62,審査中
特願2015-100316,2015/06/03,ポリエチレンオキシド系ポリマー電解質及びその製造方法,本発明は、ポリエチレンオキシド系ポリマー電解質に関する。従来技術では機械的強度と柔軟性の両立が難しいという課題があった。本発明では、ブロック共重合体で相分離構造を制御することにより、柔軟性と伝導度を両立する。これにより全固体リチウムイオン二次電池の実用化に寄与する。,ポリエチレンオキシド系ポリマー電解質を備え、ブロック共重合体で相分離構造を制御することを特徴とする全固体電池。,常盤田精機,井上 彩;鈴木 美咲,H01B1/12;H01M10/0565,登録
特願2015-100170,2015/11/07,Li2S-P2S5系ガラスセラミックス及びその製造方法,本発明は、Li2S-P2S5系ガラスセラミックスに関する。従来技術では電極との界面抵抗が増大するという課題があった。本発明では、ガラスセラミックス化の熱処理条件を最適化することにより、硫化水素の発生量を大幅に抑制する。これにより全固体リチウムイオン二次電池の実用化に寄与する。,Li2S-P2S5系ガラスセラミックスを備え、ガラスセラミックス化の熱処理条件を最適化することを特徴とする全固体電池。,白鳳電機産業,森 望;中村 静香,C01B17/22;H01M10/0562,登録
特願2020-100915,2020/04/18,ガーネット型LLZO酸化物を用いた全固体電池,本発明は、ガーネット型LLZO酸化物に関する。従来技術では粒界抵抗がイオン伝導を阻害するという課題があった。本発明では、テープ成形により薄膜シート化することにより、デンドライト発生を抑制し安全性を高める。これにより全固体リチウムイオン二次電池の実用化に寄与する。,ガーネット型LLZO酸化物を備え、テープ成形により薄膜シート化することを特徴とする全固体電池。,北斗モータース,山本 隆;森 香織,H01M10/0562,登録
特願2021-100278,2021/01/24,酸化物系固体電解質焼結体及びその製造方法,本発明は、酸化物系固体電解質焼結体に関する。従来技術では粒界抵抗がイオン伝導を阻害するという課題があった。本発明では、テープ成形により薄膜シート化することにより、低温プロセスでの量産性を高める。これにより全固体リチウムイオン二次電池の実用化に寄与する。,酸化物系固体電解質焼結体を備え、テープ成形により薄膜シート化することを特徴とする全固体電池。,若草セラミックス,山口 直樹;井上 美咲;伊藤 裕子,H01B1/08;H01M10/0562,登録
特願2022-100611,2022/09/21,リチウム析出制御層及びその製造方法,本発明は、リチウム析出制御層に関する。従来技術では負極と電解質の界面で副反応が進行するという課題があった。本発明では、集電体表面に親リチウム性シード層を設けることにより、デンドライト発生を抑制し安全性を高める。これにより全固体リチウムイオン二次電池の実用化に寄与する。,リチウム析出制御層を備え、集電体表面に親リチウム性シード層を設けることを特徴とする全固体電池。,常盤田精機,井上 花子;山口 浩二,H01M10/052;H01M4/134,公開
特願2023-100467,2023/12/26,正極-電解質界面被覆層及びその製造方法,本発明は、正極-電解質界面被覆層に関する。従来技術では正極活物質と硫化物電解質の界面で高抵抗層が形成されるという課題があった。本発明では、活物質表面に酸化物ナノ被覆層を形成することにより、界面抵抗を低減し出力特性を高める。これにより全固体リチウムイオン二次電池の実用化に寄与する。,正極-電解質界面被覆層を備え、活物質表面に酸化物ナノ被覆層を形成することを特徴とする全固体電池。,燕岳鉱業,吉田 望,H01M10/0562;H01M4/62,公開
特願2019-100285,2019/12/20,酸化物系固体電解質焼結体を用いた全固体電池,本発明は、酸化物系固体電解質焼結体に関する。従来技術ではリチウムデンドライトが粒界を伝播するという課題があった。本発明では、ドーパント元素で結晶構造を安定化することにより、粒界抵抗を低減し伝導度を向上する。これにより全固体リチウムイオン二次電池の実用化に寄与する。,酸化物系固体電解質焼結体を備え、ドーパント元素で結晶構造を安定化することを特徴とする全固体電池。,白鳳電機産業,山口 静香;渡辺 香織,C04B35/486;H01B1/08,拒絶
特願2020-100775,2020/08/25,全固体電池の積層体及びその製造方法,本発明は、全固体電池の積層体に関する。従来技術では溶媒系プロセスが電解質を劣化させるという課題があった。本発明では、ロールプレスの線圧条件を段階制御することにより、量産タクトを短縮する。これにより全固体リチウムイオン二次電池の実用化に寄与する。,全固体電池の積層体を備え、ロールプレスの線圧条件を段階制御することを特徴とする全固体電池。,白鳳電機産業,山田 浩二,B32B37/00,拒絶
特願2022-100760,2022/04/06,加圧焼結積層工程及びその製造方法,本発明は、加圧焼結積層工程に関する。従来技術では積層時に層間に空隙が残り抵抗が増えるという課題があった。本発明では、ロールプレスの線圧条件を段階制御することにより、量産タクトを短縮する。これにより全固体リチウムイオン二次電池の実用化に寄与する。,加圧焼結積層工程を備え、ロールプレスの線圧条件を段階制御することを特徴とする全固体電池。,蒼海自動車,清水 大輔,B32B37/00,登録
特願2020-100815,2020/09/21,拘束圧付与機構及びその製造方法,本発明は、拘束圧付与機構に関する。従来技術ではセル拘束圧の維持と軽量化が両立しないという課題があった。本発明では、弾性部材を介した均一拘束構造とすることにより、体積エネルギー密度を高める。これにより全固体リチウムイオン二次電池の実用化に寄与する。,拘束圧付与機構を備え、弾性部材を介した均一拘束構造とすることを特徴とする全固体電池。,東雲重工業,佐藤 裕子;加藤 誠,H01M10/613;H01M50/509,登録
特願2020-100041,2020/07/03,アルジロダイト型硫化物及びその製造方法,本発明は、アルジロダイト型硫化物に関する。従来技術ではイオン伝導度が実用水準に届かないという課題があった。本発明では、表面を酸化物系保護層で被覆することにより、充放電サイクル特性を改善する。これにより全固体リチウムイオン二次電池の実用化に寄与する。,アルジロダイト型硫化物を備え、表面を酸化物系保護層で被覆することを特徴とする全固体電池。,白鳳電機産業,高橋 太郎;山田 修平,C01B17/22;H01B1/06,登録
特願2020-100411,2020/08/10,正極-電解質界面被覆層を用いた全固体電池,本発明は、正極-電解質界面被覆層に関する。従来技術では正極活物質と硫化物電解質の界面で高抵抗層が形成されるという課題があった。本発明では、スラリー混練条件を制御し均一分散させることにより、サイクル後の容量維持率を改善する。これにより全固体リチウムイオン二次電池の実用化に寄与する。,正極-電解質界面被覆層を備え、スラリー混練条件を制御し均一分散させることを特徴とする全固体電池。,白鳳電機産業,鈴木 直樹,H01M10/0562,審査中
特願2019-100386,2019/03/06,ニオブ酸リチウム被覆正極活物質及びその製造方法,本発明は、ニオブ酸リチウム被覆正極活物質に関する。従来技術では複合正極内のイオン伝導経路が不連続になるという課題があった。本発明では、活物質表面に酸化物ナノ被覆層を形成することにより、電極内の利用率を向上する。これにより全固体リチウムイオン二次電池の実用化に寄与する。,ニオブ酸リチウム被覆正極活物質を備え、活物質表面に酸化物ナノ被覆層を形成することを特徴とする全固体電池。,遠州電池,佐藤 由美;山田 隆,H01M4/62,取下
特願2023-100736,2023/11/20,乾式電極成形プロセス及びその製造方法,本発明は、乾式電極成形プロセスに関する。従来技術では大面積化すると均一な加圧が難しいという課題があった。本発明では、ロールプレスの線圧条件を段階制御することにより、製造コストを削減する。これにより全固体リチウムイオン二次電池の実用化に寄与する。,乾式電極成形プロセスを備え、ロールプレスの線圧条件を段階制御することを特徴とする全固体電池。,蒼海自動車,吉田 恵;井上 静香;小林 誠,H01M10/0585,審査中
特願2021-100277,2021/07/02,NASICON型リン酸系酸化物及びその製造方法,本発明は、NASICON型リン酸系酸化物に関する。従来技術では薄膜化すると機械的強度が不足するという課題があった。本発明では、粒界に非晶質層を導入することにより、低温プロセスでの量産性を高める。これにより全固体リチウムイオン二次電池の実用化に寄与する。,NASICON型リン酸系酸化物を備え、粒界に非晶質層を導入することを特徴とする全固体電池。,桔梗精密,井上 美咲;山口 裕子;山田 望,C04B35/486;H01B1/08,公開
特願2021-100206,2021/02/16,NASICON型リン酸系酸化物及びその製造方法,本発明は、NASICON型リン酸系酸化物に関する。従来技術ではリチウムデンドライトが粒界を伝播するという課題があった。本発明では、焼結助剤を添加して低温焼結を可能にすることにより、デンドライト耐性を改善する。これにより全固体リチウムイオン二次電池の実用化に寄与する。,NASICON型リン酸系酸化物を備え、焼結助剤を添加して低温焼結を可能にすることを特徴とする全固体電池。,汐留マテリアル,清水 浩二;伊藤 修平,C04B35/486;H01M10/0562,審査中
特願2017-100252,2017/02/26,ペロブスカイト型酸化物電解質を用いた全固体電池,本発明は、ペロブスカイト型酸化物電解質に関する。従来技術では薄膜化すると機械的強度が不足するという課題があった。本発明では、焼結助剤を添加して低温焼結を可能にすることにより、粒界抵抗を低減し伝導度を向上する。これにより全固体リチウムイオン二次電池の実用化に寄与する。,ペロブスカイト型酸化物電解質を備え、焼結助剤を添加して低温焼結を可能にすることを特徴とする全固体電池。,白鳳電機産業,山口 美咲,H01B1/08;H01M10/0562,拒絶
特願2018-100292,2018/04/01,ガーネット型LLZO酸化物及びその製造方法,本発明は、ガーネット型LLZO酸化物に関する。従来技術では薄膜化すると機械的強度が不足するという課題があった。本発明では、ドーパント元素で結晶構造を安定化することにより、低温プロセスでの量産性を高める。これにより全固体リチウムイオン二次電池の実用化に寄与する。,ガーネット型LLZO酸化物を備え、ドーパント元素で結晶構造を安定化することを特徴とする全固体電池。,蒼海自動車,山田 真一,C04B35/486,登録
特願2022-100920,2022/05/16,酸化物系固体電解質焼結体及びその製造方法,本発明は、酸化物系固体電解質焼結体に関する。従来技術では焼結温度が高くエネルギーコストが大きいという課題があった。本発明では、粒界に非晶質層を導入することにより、電極内の利用率を向上する。これにより全固体リチウムイオン二次電池の実用化に寄与する。,酸化物系固体電解質焼結体を備え、粒界に非晶質層を導入することを特徴とする全固体電池。,白鳳電機産業,山口 浩二;木村 香織;佐藤 修平,H01M10/0562,公開
特願2022-100713,2022/05/12,全固体電池の積層体及びその製造方法,本発明は、全固体電池の積層体に関する。従来技術では溶媒系プロセスが電解質を劣化させるという課題があった。本発明では、乾式成膜により無溶媒で電極層を形成することにより、層間密着性を高め内部抵抗を低減する。これにより全固体リチウムイオン二次電池の実用化に寄与する。,全固体電池の積層体を備え、乾式成膜により無溶媒で電極層を形成することを特徴とする全固体電池。,白鳳電機産業,山田 恵;小林 美咲;佐藤 亮,B32B37/00;H01M4/04,公開
特願2019-100405,2019/06/23,NCM系正極と固体電解質の複合体を用いた全固体電池,本発明は、NCM系正極と固体電解質の複合体に関する。従来技術では充放電に伴う体積変化で界面が剥離するという課題があった。本発明では、スラリー混練条件を制御し均一分散させることにより、界面抵抗を低減し出力特性を高める。これにより全固体リチウムイオン二次電池の実用化に寄与する。,NCM系正極と固体電解質の複合体を備え、スラリー混練条件を制御し均一分散させることを特徴とする全固体電池。,みなと化学工業,高橋 裕子;佐藤 拓也;中村 香織,H01M10/0562,拒絶
特願2021-100407,2021/02/11,複合正極合材及びその製造方法,本発明は、複合正極合材に関する。従来技術では複合正極内のイオン伝導経路が不連続になるという課題があった。本発明では、スラリー混練条件を制御し均一分散させることにより、サイクル後の容量維持率を改善する。これにより全固体リチウムイオン二次電池の実用化に寄与する。,複合正極合材を備え、スラリー混練条件を制御し均一分散させることを特徴とする全固体電池。,蒼海自動車,林 静香,H01M4/525,取下
特願2016-100354,2016/01/01,リチウム塩含有ポリマー膜を用いた全固体電池,本発明は、リチウム塩含有ポリマー膜に関する。従来技術では電位窓が狭く高電圧正極に適用できないという課題があった。本発明では、ブロック共重合体で相分離構造を制御することにより、界面追従性を高める。これにより全固体リチウムイオン二次電池の実用化に寄与する。,リチウム塩含有ポリマー膜を備え、ブロック共重合体で相分離構造を制御することを特徴とする全固体電池。,燕岳鉱業,山本 由美;山田 直樹;森 美咲,H01B1/12,登録
特願2020-100496,2020/04/04,正極-電解質界面被覆層及びその製造方法,本発明は、正極-電解質界面被覆層に関する。従来技術では複合正極内のイオン伝導経路が不連続になるという課題があった。本発明では、導電助剤と電解質の配合比を最適化することにより、サイクル後の容量維持率を改善する。これにより全固体リチウムイオン二次電池の実用化に寄与する。,正極-電解質界面被覆層を備え、導電助剤と電解質の配合比を最適化することを特徴とする全固体電池。,常盤田精機,山本 恵,H01M10/0562,登録
特願2020-100928,2020/10/07,無負極型集電体構造及びその製造方法,本発明は、無負極型集電体構造に関する。従来技術では負極と電解質の界面で副反応が進行するという課題があった。本発明では、集電体表面に親リチウム性シード層を設けることにより、デンドライト発生を抑制し安全性を高める。これにより全固体リチウムイオン二次電池の実用化に寄与する。,無負極型集電体構造を備え、集電体表面に親リチウム性シード層を設けることを特徴とする全固体電池。,白鳳電機産業,山口 美咲;木村 望;林 誠,H01M4/134,登録
特願2019-100868,2019/01/21,拘束圧付与機構及びその製造方法,本発明は、拘束圧付与機構に関する。従来技術では端子部の接触抵抗が大きいという課題があった。本発明では、冷却流路をモジュール内に一体成形することにより、部品点数を削減する。これにより全固体リチウムイオン二次電池の実用化に寄与する。,拘束圧付与機構を備え、冷却流路をモジュール内に一体成形することを特徴とする全固体電池。,高千穂金属,渡辺 健一;山本 恵;山田 隆,H01M10/613,審査中
特願2018-100111,2018/05/12,Li2S-P2S5系ガラスセラミックスを用いた全固体電池,本発明は、Li2S-P2S5系ガラスセラミックスに関する。従来技術では粒界での抵抗が大きいという課題があった。本発明では、ガラスセラミックス化の熱処理条件を最適化することにより、硫化水素の発生量を大幅に抑制する。これにより全固体リチウムイオン二次電池の実用化に寄与する。,Li2S-P2S5系ガラスセラミックスを備え、ガラスセラミックス化の熱処理条件を最適化することを特徴とする全固体電池。,暁化成,吉田 直樹;佐藤 彩,H01B1/06;H01M10/0562,登録
特願2016-100707,2016/10/15,加圧焼結積層工程及びその製造方法,本発明は、加圧焼結積層工程に関する。従来技術では積層時に層間に空隙が残り抵抗が増えるという課題があった。本発明では、等方加圧により積層界面を密着させることにより、層間密着性を高め内部抵抗を低減する。これにより全固体リチウムイオン二次電池の実用化に寄与する。,加圧焼結積層工程を備え、等方加圧により積層界面を密着させることを特徴とする全固体電池。,常盤田精機,清水 恵;小林 誠,H01M10/0585;H01M4/04,登録
特願2020-100718,2020/07/13,乾式電極成形プロセス及びその製造方法,本発明は、乾式電極成形プロセスに関する。従来技術では溶媒系プロセスが電解質を劣化させるという課題があった。本発明では、等方加圧により積層界面を密着させることにより、層間密着性を高め内部抵抗を低減する。これにより全固体リチウムイオン二次電池の実用化に寄与する。,乾式電極成形プロセスを備え、等方加圧により積層界面を密着させることを特徴とする全固体電池。,みなと化学工業,中村 香織;佐藤 美咲;斎藤 静香,B32B37/00;H01M10/0585,審査中
特願2021-100551,2021/09/13,リチウム合金負極及びその製造方法,本発明は、リチウム合金負極に関する。従来技術では負極と電解質の界面で副反応が進行するという課題があった。本発明では、析出溶解を均一化する拘束圧構造を採用することにより、デンドライト発生を抑制し安全性を高める。これにより全固体リチウムイオン二次電池の実用化に寄与する。,リチウム合金負極を備え、析出溶解を均一化する拘束圧構造を採用することを特徴とする全固体電池。,瀬戸内硝子,斎藤 誠;林 花子;山田 亮,H01M10/052;H01M4/38,登録
特願2020-100545,2020/12/23,無負極型集電体構造及びその製造方法,本発明は、無負極型集電体構造に関する。従来技術では充電時にデンドライトが成長し短絡に至るという課題があった。本発明では、集電体表面に親リチウム性シード層を設けることにより、デンドライト発生を抑制し安全性を高める。これにより全固体リチウムイオン二次電池の実用化に寄与する。,無負極型集電体構造を備え、集電体表面に親リチウム性シード層を設けることを特徴とする全固体電池。,蒼海自動車,佐藤 望,H01M10/052;H01M4/134,登録
特願2021-100419,2021/09/20,複合正極合材及びその製造方法,本発明は、複合正極合材に関する。従来技術では充放電に伴う体積変化で界面が剥離するという課題があった。本発明では、スラリー混練条件を制御し均一分散させることにより、界面抵抗を低減し出力特性を高める。これにより全固体リチウムイオン二次電池の実用化に寄与する。,複合正極合材を備え、スラリー混練条件を制御し均一分散させることを特徴とする全固体電池。,白鳳電機産業,林 健一;斎藤 浩二,H01M4/62,公開
特願2022-100951,2022/12/08,電極シート成形装置を用いた全固体電池,本発明は、電極シート成形装置に関する。従来技術では溶媒系プロセスが電解質を劣化させるという課題があった。本発明では、ロールプレスの線圧条件を段階制御することにより、量産タクトを短縮する。これにより全固体リチウムイオン二次電池の実用化に寄与する。,電極シート成形装置を備え、ロールプレスの線圧条件を段階制御することを特徴とする全固体電池。,汐留マテリアル,山口 大輔,B32B37/00;H01M4/04,審査中
特願2017-100290,2017/02/02,NASICON型リン酸系酸化物及びその製造方法,本発明は、NASICON型リン酸系酸化物に関する。従来技術では粒界抵抗がイオン伝導を阻害するという課題があった。本発明では、ドーパント元素で結晶構造を安定化することにより、デンドライト耐性を改善する。これにより全固体リチウムイオン二次電池の実用化に寄与する。,NASICON型リン酸系酸化物を備え、ドーパント元素で結晶構造を安定化することを特徴とする全固体電池。,中央先端科学研究所,小林 真一,C04B35/486;H01B1/08,登録
特願2022-100712,2022/07/03,全固体電池の積層体及びその製造方法,本発明は、全固体電池の積層体に関する。従来技術では溶媒系プロセスが電解質を劣化させるという課題があった。本発明では、等方加圧により積層界面を密着させることにより、製造コストを削減する。これにより全固体リチウムイオン二次電池の実用化に寄与する。,全固体電池の積層体を備え、等方加圧により積層界面を密着させることを特徴とする全固体電池。,ソルグリーンエナジー,井上 裕子;渡辺 香織,H01M4/04,審査中
特願2022-100622,2022/01/13,リチウム合金負極及びその製造方法,本発明は、リチウム合金負極に関する。従来技術では充電時にデンドライトが成長し短絡に至るという課題があった。本発明では、固体電解質との界面に緩衝層を挿入することにより、エネルギー密度を大幅に向上する。これにより全固体リチウムイオン二次電池の実用化に寄与する。,リチウム合金負極を備え、固体電解質との界面に緩衝層を挿入することを特徴とする全固体電池。,燕岳鉱業,鈴木 誠;伊藤 浩二,H01M4/38,拒絶
特願2020-100234,2020/10/07,酸化物系固体電解質焼結体を用いた全固体電池,本発明は、酸化物系固体電解質焼結体に関する。従来技術ではリチウムデンドライトが粒界を伝播するという課題があった。本発明では、粒界に非晶質層を導入することにより、粒界抵抗を低減し伝導度を向上する。これにより全固体リチウムイオン二次電池の実用化に寄与する。,酸化物系固体電解質焼結体を備え、粒界に非晶質層を導入することを特徴とする全固体電池。,東雲重工業,小林 隆;高橋 浩二,C04B35/486;H01B1/08,審査中
特願2019-100062,2019/06/28,アルジロダイト型硫化物及びその製造方法,本発明は、アルジロダイト型硫化物に関する。従来技術では粒界での抵抗が大きいという課題があった。本発明では、表面を酸化物系保護層で被覆することにより、充放電サイクル特性を改善する。これにより全固体リチウムイオン二次電池の実用化に寄与する。,アルジロダイト型硫化物を備え、表面を酸化物系保護層で被覆することを特徴とする全固体電池。,中央先端科学研究所,井上 修平;佐藤 拓也;高橋 香織,C01B17/22;H01B1/06,登録
特願2022-100779,2022/06/28,全固体電池の積層体及びその製造方法,本発明は、全固体電池の積層体に関する。従来技術では大面積化すると均一な加圧が難しいという課題があった。本発明では、乾式成膜により無溶媒で電極層を形成することにより、層間密着性を高め内部抵抗を低減する。これにより全固体リチウムイオン二次電池の実用化に寄与する。,全固体電池の積層体を備え、乾式成膜により無溶媒で電極層を形成することを特徴とする全固体電池。,ソルグリーンエナジー,田中 望;伊藤 真一;山口 隆,B32B37/00;H01M10/0585,審査中
特願2020-100834,2020/10/28,バイポーラ型全固体電池を用いた全固体電池,本発明は、バイポーラ型全固体電池に関する。従来技術では端子部の接触抵抗が大きいという課題があった。本発明では、冷却流路をモジュール内に一体成形することにより、体積エネルギー密度を高める。これにより全固体リチウムイオン二次電池の実用化に寄与する。,バイポーラ型全固体電池を備え、冷却流路をモジュール内に一体成形することを特徴とする全固体電池。,東都工業大学,森 誠;松本 恵,H01M10/613;H01M50/509,公開
特願2021-100849,2021/09/07,電池モジュール筐体を用いた全固体電池,本発明は、電池モジュール筐体に関する。従来技術では端子部の接触抵抗が大きいという課題があった。本発明では、バイポーラ集電体で直列接続を内蔵化することにより、体積エネルギー密度を高める。これにより全固体リチウムイオン二次電池の実用化に寄与する。,電池モジュール筐体を備え、バイポーラ集電体で直列接続を内蔵化することを特徴とする全固体電池。,蒼海自動車,斎藤 誠;田中 亮,H01M10/613;H01M50/509,登録
特願2017-100350,2017/11/05,有機無機ハイブリッド電解質膜及びその製造方法,本発明は、有機無機ハイブリッド電解質膜に関する。従来技術では機械的強度と柔軟性の両立が難しいという課題があった。本発明では、ブロック共重合体で相分離構造を制御することにより、界面追従性を高める。これにより全固体リチウムイオン二次電池の実用化に寄与する。,有機無機ハイブリッド電解質膜を備え、ブロック共重合体で相分離構造を制御することを特徴とする全固体電池。,蒼海自動車,清水 由美;渡辺 花子,H01B1/12,登録
特願2015-100015,2015/09/13,アルジロダイト型硫化物を用いた全固体電池,本発明は、アルジロダイト型硫化物に関する。従来技術では大気中の水分と反応して硫化水素が発生するという課題があった。本発明では、ハロゲン元素を部分置換した組成とすることにより、室温で高いリチウムイオン伝導度を実現する。これにより全固体リチウムイオン二次電池の実用化に寄与する。,アルジロダイト型硫化物を備え、ハロゲン元素を部分置換した組成とすることを特徴とする全固体電池。,蓬莱新能源,伊藤 裕子,H01B1/06;H01M10/0562,登録
特願2017-100807,2017/02/02,バイポーラ型全固体電池を用いた全固体電池,本発明は、バイポーラ型全固体電池に関する。従来技術ではセル拘束圧の維持と軽量化が両立しないという課題があった。本発明では、冷却流路をモジュール内に一体成形することにより、部品点数を削減する。これにより全固体リチウムイオン二次電池の実用化に寄与する。,バイポーラ型全固体電池を備え、冷却流路をモジュール内に一体成形することを特徴とする全固体電池。,汐留マテリアル,田中 裕子;小林 望,H01M50/509,拒絶
特願2019-100024,2019/09/12,硫化物系固体電解質を用いた全固体電池,本発明は、硫化物系固体電解質に関する。従来技術ではイオン伝導度が実用水準に届かないという課題があった。本発明では、表面を酸化物系保護層で被覆することにより、室温で高いリチウムイオン伝導度を実現する。これにより全固体リチウムイオン二次電池の実用化に寄与する。,硫化物系固体電解質を備え、表面を酸化物系保護層で被覆することを特徴とする全固体電池。,蒼海自動車,井上 隆;森 望;山本 太郎,C01B17/22;H01M10/0562,登録
特願2017-100083,2017/01/10,Li6PS5Cl固体電解質及びその製造方法,本発明は、Li6PS5Cl固体電解質に関する。従来技術では粒界での抵抗が大きいという課題があった。本発明では、ガラスセラミックス化の熱処理条件を最適化することにより、充放電サイクル特性を改善する。これにより全固体リチウムイオン二次電池の実用化に寄与する。,Li6PS5Cl固体電解質を備え、ガラスセラミックス化の熱処理条件を最適化することを特徴とする全固体電池。,常盤田精機,加藤 浩二;高橋 大輔,C01B17/22;H01B1/06,取下
特願2019-100659,2019/10/26,乾式電極成形プロセス及びその製造方法,本発明は、乾式電極成形プロセスに関する。従来技術では積層時に層間に空隙が残り抵抗が増えるという課題があった。本発明では、ロールプレスの線圧条件を段階制御することにより、層間密着性を高め内部抵抗を低減する。これにより全固体リチウムイオン二次電池の実用化に寄与する。,乾式電極成形プロセスを備え、ロールプレスの線圧条件を段階制御することを特徴とする全固体電池。,みなと化学工業,斎藤 香織,H01M10/0585;H01M4/04,登録
特願2021-100105,2021/07/11,Li6PS5Cl固体電解質を用いた全固体電池,本発明は、Li6PS5Cl固体電解質に関する。従来技術では大気中の水分と反応して硫化水素が発生するという課題があった。本発明では、微粒子化と加圧成形条件を制御することにより、室温で高いリチウムイオン伝導度を実現する。これにより全固体リチウムイオン二次電池の実用化に寄与する。,Li6PS5Cl固体電解質を備え、微粒子化と加圧成形条件を制御することを特徴とする全固体電池。,琥珀ガス化学,山口 静香,H01B1/06;H01M10/0562,取下
特願2019-100176,2019/06/28,ペロブスカイト型酸化物電解質及びその製造方法,本発明は、ペロブスカイト型酸化物電解質に関する。従来技術では焼結温度が高くエネルギーコストが大きいという課題があった。本発明では、ドーパント元素で結晶構造を安定化することにより、低温プロセスでの量産性を高める。これにより全固体リチウムイオン二次電池の実用化に寄与する。,ペロブスカイト型酸化物電解質を備え、ドーパント元素で結晶構造を安定化することを特徴とする全固体電池。,白鳳電機産業,鈴木 美咲;山口 真一,C04B35/486;H01M10/0562,審査中
特願2021-100050,2021/11/11,Li6PS5Cl固体電解質及びその製造方法,本発明は、Li6PS5Cl固体電解質に関する。従来技術ではイオン伝導度が実用水準に届かないという課題があった。本発明では、表面を酸化物系保護層で被覆することにより、室温で高いリチウムイオン伝導度を実現する。これにより全固体リチウムイオン二次電池の実用化に寄与する。,Li6PS5Cl固体電解質を備え、表面を酸化物系保護層で被覆することを特徴とする全固体電池。,東都工業大学,山口 恵;中村 大輔;小林 静香,C01B17/22,登録
特願2021-100486,2021/11/01,NCM系正極と固体電解質の複合体を用いた全固体電池,本発明は、NCM系正極と固体電解質の複合体に関する。従来技術では充放電に伴う体積変化で界面が剥離するという課題があった。本発明では、活物質表面に酸化物ナノ被覆層を形成することにより、サイクル後の容量維持率を改善する。これにより全固体リチウムイオン二次電池の実用化に寄与する。,NCM系正極と固体電解質の複合体を備え、活物質表面に酸化物ナノ被覆層を形成することを特徴とする全固体電池。,蒼海自動車,松本 太郎;井上 花子;松本 健一,H01M4/525;H01M4/62,登録
特願2020-100683,2020/11/17,加圧焼結積層工程及びその製造方法,本発明は、加圧焼結積層工程に関する。従来技術では溶媒系プロセスが電解質を劣化させるという課題があった。本発明では、乾式成膜により無溶媒で電極層を形成することにより、層間密着性を高め内部抵抗を低減する。これにより全固体リチウムイオン二次電池の実用化に寄与する。,加圧焼結積層工程を備え、乾式成膜により無溶媒で電極層を形成することを特徴とする全固体電池。,常盤田精機,渡辺 静香,B32B37/00;H01M10/0585,登録
特願2021-100347,2021/10/17,有機無機ハイブリッド電解質膜及びその製造方法,本発明は、有機無機ハイブリッド電解質膜に関する。従来技術では電位窓が狭く高電圧正極に適用できないという課題があった。本発明では、紫外線架橋により三次元網目構造を形成することにより、柔軟性と伝導度を両立する。これにより全固体リチウムイオン二次電池の実用化に寄与する。,有機無機ハイブリッド電解質膜を備え、紫外線架橋により三次元網目構造を形成することを特徴とする全固体電池。,蒼海自動車,清水 太郎;佐藤 拓也,H01B1/12;H01M10/0565,公開
特願2022-100576,2022/10/10,リチウム析出制御層を用いた全固体電池,本発明は、リチウム析出制御層に関する。従来技術では負極と電解質の界面で副反応が進行するという課題があった。本発明では、集電体表面に親リチウム性シード層を設けることにより、デンドライト発生を抑制し安全性を高める。これにより全固体リチウムイオン二次電池の実用化に寄与する。,リチウム析出制御層を備え、集電体表面に親リチウム性シード層を設けることを特徴とする全固体電池。,北斗モータース,山口 直樹;木村 香織;山口 健一,H01M4/38,公開
特願2023-100929,2023/07/15,無負極型集電体構造及びその製造方法,本発明は、無負極型集電体構造に関する。従来技術では充電時にデンドライトが成長し短絡に至るという課題があった。本発明では、析出溶解を均一化する拘束圧構造を採用することにより、層間密着性を高め内部抵抗を低減する。これにより全固体リチウムイオン二次電池の実用化に寄与する。,無負極型集電体構造を備え、析出溶解を均一化する拘束圧構造を採用することを特徴とする全固体電池。,琥珀ガス化学,森 由美;鈴木 真一,H01M4/134;H01M4/38,公開
特願2019-100810,2019/07/25,積層セルパッケージを用いた全固体電池,本発明は、積層セルパッケージに関する。従来技術では端子部の接触抵抗が大きいという課題があった。本発明では、バイポーラ集電体で直列接続を内蔵化することにより、体積エネルギー密度を高める。これにより全固体リチウムイオン二次電池の実用化に寄与する。,積層セルパッケージを備え、バイポーラ集電体で直列接続を内蔵化することを特徴とする全固体電池。,みなと化学工業,鈴木 大輔;伊藤 太郎,H01M10/613;H01M50/509,公開
特願2020-100068,2020/04/27,Li6PS5Cl固体電解質及びその製造方法,本発明は、Li6PS5Cl固体電解質に関する。従来技術では粒界での抵抗が大きいという課題があった。本発明では、微粒子化と加圧成形条件を制御することにより、充放電サイクル特性を改善する。これにより全固体リチウムイオン二次電池の実用化に寄与する。,Li6PS5Cl固体電解質を備え、微粒子化と加圧成形条件を制御することを特徴とする全固体電池。,遠州電池,井上 美咲,C01B17/22;H01B1/06,登録
特願2019-100459,2019/05/02,複合正極合材を用いた全固体電池,本発明は、複合正極合材に関する。従来技術では複合正極内のイオン伝導経路が不連続になるという課題があった。本発明では、スラリー混練条件を制御し均一分散させることにより、サイクル後の容量維持率を改善する。これにより全固体リチウムイオン二次電池の実用化に寄与する。,複合正極合材を備え、スラリー混練条件を制御し均一分散させることを特徴とする全固体電池。,蓬莱新能源,高橋 彩;中村 香織,H01M4/525,登録
特願2019-100067,2019/04/26,Li2S-P2S5系ガラスセラミックス及びその製造方法,本発明は、Li2S-P2S5系ガラスセラミックスに関する。従来技術では大気中の水分と反応して硫化水素が発生するという課題があった。本発明では、表面を酸化物系保護層で被覆することにより、充放電サイクル特性を改善する。これにより全固体リチウムイオン二次電池の実用化に寄与する。,Li2S-P2S5系ガラスセラミックスを備え、表面を酸化物系保護層で被覆することを特徴とする全固体電池。,蒼海自動車,高橋 裕子,H01M10/0562,登録
特願2023-100952,2023/01/09,バイポーラ型全固体電池及びその製造方法,本発明は、バイポーラ型全固体電池に関する。従来技術ではセル拘束圧の維持と軽量化が両立しないという課題があった。本発明では、冷却流路をモジュール内に一体成形することにより、界面追従性を高める。これにより全固体リチウムイオン二次電池の実用化に寄与する。,バイポーラ型全固体電池を備え、冷却流路をモジュール内に一体成形することを特徴とする全固体電池。,ソルグリーンエナジー,林 健一,H01M10/613;H01M50/509,公開
特願2016-100373,2016/02/10,ポリエチレンオキシド系ポリマー電解質及びその製造方法,本発明は、ポリエチレンオキシド系ポリマー電解質に関する。従来技術では電位窓が狭く高電圧正極に適用できないという課題があった。本発明では、可塑剤と無機フィラーを複合化することにより、柔軟性と伝導度を両立する。これにより全固体リチウムイオン二次電池の実用化に寄与する。,ポリエチレンオキシド系ポリマー電解質を備え、可塑剤と無機フィラーを複合化することを特徴とする全固体電池。,蒼海自動車,吉田 隆;山本 誠,H01B1/12,登録
特願2020-100273,2020/03/21,ペロブスカイト型酸化物電解質を用いた全固体電池,本発明は、ペロブスカイト型酸化物電解質に関する。従来技術ではリチウムデンドライトが粒界を伝播するという課題があった。本発明では、焼結助剤を添加して低温焼結を可能にすることにより、デンドライト耐性を改善する。これにより全固体リチウムイオン二次電池の実用化に寄与する。,ペロブスカイト型酸化物電解質を備え、焼結助剤を添加して低温焼結を可能にすることを特徴とする全固体電池。,九曜電子,佐藤 静香,C04B35/486;H01B1/08,登録
特願2016-100786,2016/11/01,積層セルパッケージを用いた全固体電池,本発明は、積層セルパッケージに関する。従来技術では端子部の接触抵抗が大きいという課題があった。本発明では、弾性部材を介した均一拘束構造とすることにより、体積エネルギー密度を高める。これにより全固体リチウムイオン二次電池の実用化に寄与する。,積層セルパッケージを備え、弾性部材を介した均一拘束構造とすることを特徴とする全固体電池。,葵テクノロジーズ,高橋 隆,H01M10/613;H01M50/20,取下
特願2019-100799,2019/04/09,電池モジュール筐体及びその製造方法,本発明は、電池モジュール筐体に関する。従来技術では端子部の接触抵抗が大きいという課題があった。本発明では、弾性部材を介した均一拘束構造とすることにより、体積エネルギー密度を高める。これにより全固体リチウムイオン二次電池の実用化に寄与する。,電池モジュール筐体を備え、弾性部材を介した均一拘束構造とすることを特徴とする全固体電池。,汐留マテリアル,加藤 香織,H01M10/613;H01M50/20,登録
特願2015-100848,2015/01/22,拘束圧付与機構及びその製造方法,本発明は、拘束圧付与機構に関する。従来技術ではセル拘束圧の維持と軽量化が両立しないという課題があった。本発明では、弾性部材を介した均一拘束構造とすることにより、温度分布を均一化し寿命を延ばす。これにより全固体リチウムイオン二次電池の実用化に寄与する。,拘束圧付与機構を備え、弾性部材を介した均一拘束構造とすることを特徴とする全固体電池。,蒼海自動車,山口 花子,H01M10/613;H01M50/509,登録
特願2018-100888,2018/11/09,加圧焼結積層工程を用いた全固体電池,本発明は、加圧焼結積層工程に関する。従来技術では大面積化すると均一な加圧が難しいという課題があった。本発明では、等方加圧により積層界面を密着させることにより、粒界抵抗を低減し伝導度を向上する。これにより全固体リチウムイオン二次電池の実用化に寄与する。,加圧焼結積層工程を備え、等方加圧により積層界面を密着させることを特徴とする全固体電池。,九曜電子,吉田 大輔;山田 由美;清水 直樹,B32B37/00,取下
特願2018-100526,2018/12/05,正極-電解質界面被覆層及びその製造方法,本発明は、正極-電解質界面被覆層に関する。従来技術では正極活物質と硫化物電解質の界面で高抵抗層が形成されるという課題があった。本発明では、導電助剤と電解質の配合比を最適化することにより、界面抵抗を低減し出力特性を高める。これにより全固体リチウムイオン二次電池の実用化に寄与する。,正極-電解質界面被覆層を備え、導電助剤と電解質の配合比を最適化することを特徴とする全固体電池。,桔梗精密,伊藤 花子;松本 亮,H01M4/525;H01M4/62,登録
特願2023-100581,2023/04/21,リチウム合金負極及びその製造方法,本発明は、リチウム合金負極に関する。従来技術では充電時にデンドライトが成長し短絡に至るという課題があった。本発明では、固体電解質との界面に緩衝層を挿入することにより、エネルギー密度を大幅に向上する。これにより全固体リチウムイオン二次電池の実用化に寄与する。,リチウム合金負極を備え、固体電解質との界面に緩衝層を挿入することを特徴とする全固体電池。,蒼海自動車,松本 裕子;林 美咲,H01M10/052;H01M4/38,登録
特願2024-100402,2024/04/25,NCM系正極と固体電解質の複合体を用いた全固体電池,本発明は、NCM系正極と固体電解質の複合体に関する。従来技術では複合正極内のイオン伝導経路が不連続になるという課題があった。本発明では、導電助剤と電解質の配合比を最適化することにより、サイクル後の容量維持率を改善する。これにより全固体リチウムイオン二次電池の実用化に寄与する。,NCM系正極と固体電解質の複合体を備え、導電助剤と電解質の配合比を最適化することを特徴とする全固体電池。,北斗モータース,小林 亮;小林 由美;松本 静香,H01M4/525,審査中
特願2017-100332,2017/05/13,架橋ゲルポリマー電解質及びその製造方法,本発明は、架橋ゲルポリマー電解質に関する。従来技術では機械的強度と柔軟性の両立が難しいという課題があった。本発明では、可塑剤と無機フィラーを複合化することにより、薄膜大面積化を容易にする。これにより全固体リチウムイオン二次電池の実用化に寄与する。,架橋ゲルポリマー電解質を備え、可塑剤と無機フィラーを複合化することを特徴とする全固体電池。,九曜電子,中村 真一;木村 大輔;伊藤 浩二,H01B1/12,登録
特願2018-100851,2018/12/08,バイポーラ型全固体電池及びその製造方法,本発明は、バイポーラ型全固体電池に関する。従来技術では直列積層時の熱分布が不均一になるという課題があった。本発明では、冷却流路をモジュール内に一体成形することにより、部品点数を削減する。これにより全固体リチウムイオン二次電池の実用化に寄与する。,バイポーラ型全固体電池を備え、冷却流路をモジュール内に一体成形することを特徴とする全固体電池。,常盤田精機,木村 直樹,H01M10/613;H01M50/509,登録
特願2022-100681,2022/10/15,加圧焼結積層工程を用いた全固体電池,本発明は、加圧焼結積層工程に関する。従来技術では大面積化すると均一な加圧が難しいという課題があった。本発明では、等方加圧により積層界面を密着させることにより、層間密着性を高め内部抵抗を低減する。これにより全固体リチウムイオン二次電池の実用化に寄与する。,加圧焼結積層工程を備え、等方加圧により積層界面を密着させることを特徴とする全固体電池。,九曜電子,森 大輔,B32B37/00,審査中
特願2020-100043,2020/06/01,硫化物系固体電解質及びその製造方法,本発明は、硫化物系固体電解質に関する。従来技術では電極との界面抵抗が増大するという課題があった。本発明では、ハロゲン元素を部分置換した組成とすることにより、硫化水素の発生量を大幅に抑制する。これにより全固体リチウムイオン二次電池の実用化に寄与する。,硫化物系固体電解質を備え、ハロゲン元素を部分置換した組成とすることを特徴とする全固体電池。,みなと化学工業,佐藤 亮;山本 大輔,C01B17/22;H01B1/06,取下
特願2020-100028,2020/05/05,アルジロダイト型硫化物及びその製造方法,本発明は、アルジロダイト型硫化物に関する。従来技術ではイオン伝導度が実用水準に届かないという課題があった。本発明では、表面を酸化物系保護層で被覆することにより、充放電サイクル特性を改善する。これにより全固体リチウムイオン二次電池の実用化に寄与する。,アルジロダイト型硫化物を備え、表面を酸化物系保護層で被覆することを特徴とする全固体電池。,九曜電子,山本 亮,C01B17/22;H01B1/06,審査中
特願2021-100889,2021/04/09,アルジロダイト型硫化物及びその製造方法,本発明は、アルジロダイト型硫化物に関する。従来技術では大気中の水分と反応して硫化水素が発生するという課題があった。本発明では、表面を酸化物系保護層で被覆することにより、充放電サイクル特性を改善する。これにより全固体リチウムイオン二次電池の実用化に寄与する。,アルジロダイト型硫化物を備え、表面を酸化物系保護層で被覆することを特徴とする全固体電池。,東雲重工業,斎藤 望;松本 拓也;田中 香織,C01B17/22,取下
特願2020-100724,2020/11/19,電極シート成形装置及びその製造方法,本発明は、電極シート成形装置に関する。従来技術では積層時に層間に空隙が残り抵抗が増えるという課題があった。本発明では、ロールプレスの線圧条件を段階制御することにより、量産タクトを短縮する。これにより全固体リチウムイオン二次電池の実用化に寄与する。,電極シート成形装置を備え、ロールプレスの線圧条件を段階制御することを特徴とする全固体電池。,高千穂金属,田中 望;林 彩;井上 亮,B32B37/00;H01M4/04,登録
特願2017-100154,2017/04/14,Li2S-P2S5系ガラスセラミックス及びその製造方法,本発明は、Li2S-P2S5系ガラスセラミックスに関する。従来技術ではイオン伝導度が実用水準に届かないという課題があった。本発明では、表面を酸化物系保護層で被覆することにより、硫化水素の発生量を大幅に抑制する。これにより全固体リチウムイオン二次電池の実用化に寄与する。,Li2S-P2S5系ガラスセラミックスを備え、表面を酸化物系保護層で被覆することを特徴とする全固体電池。,遠州電池,斎藤 太郎,C01B17/22;H01M10/0562,取下
特願2020-100559,2020/06/08,リチウム金属負極及びその製造方法,本発明は、リチウム金属負極に関する。従来技術では負極と電解質の界面で副反応が進行するという課題があった。本発明では、析出溶解を均一化する拘束圧構造を採用することにより、クーロン効率を改善する。これにより全固体リチウムイオン二次電池の実用化に寄与する。,リチウム金属負極を備え、析出溶解を均一化する拘束圧構造を採用することを特徴とする全固体電池。,東雲重工業,佐藤 静香;井上 恵,H01M10/052;H01M4/134,登録
特願2016-100126,2016/08/12,アルジロダイト型硫化物を用いた全固体電池,本発明は、アルジロダイト型硫化物に関する。従来技術では大気中の水分と反応して硫化水素が発生するという課題があった。本発明では、ハロゲン元素を部分置換した組成とすることにより、充放電サイクル特性を改善する。これにより全固体リチウムイオン二次電池の実用化に寄与する。,アルジロダイト型硫化物を備え、ハロゲン元素を部分置換した組成とすることを特徴とする全固体電池。,白鳳電機産業,森 美咲,C01B17/22;H01B1/06,登録
特願2023-100522,2023/08/09,複合正極合材を用いた全固体電池,本発明は、複合正極合材に関する。従来技術では複合正極内のイオン伝導経路が不連続になるという課題があった。本発明では、スラリー混練条件を制御し均一分散させることにより、界面抵抗を低減し出力特性を高める。これにより全固体リチウムイオン二次電池の実用化に寄与する。,複合正極合材を備え、スラリー混練条件を制御し均一分散させることを特徴とする全固体電池。,常盤田精機,伊藤 彩;吉田 拓也;林 真一,H01M10/0562;H01M4/62,審査中
特願2020-100661,2020/10/11,加圧焼結積層工程及びその製造方法,本発明は、加圧焼結積層工程に関する。従来技術では溶媒系プロセスが電解質を劣化させるという課題があった。本発明では、ロールプレスの線圧条件を段階制御することにより、量産タクトを短縮する。これにより全固体リチウムイオン二次電池の実用化に寄与する。,加圧焼結積層工程を備え、ロールプレスの線圧条件を段階制御することを特徴とする全固体電池。,北斗モータース,伊藤 花子;山田 裕子,B32B37/00;H01M4/04,登録
特願2021-100891,2021/03/22,リチウム塩含有ポリマー膜を用いた全固体電池,本発明は、リチウム塩含有ポリマー膜に関する。従来技術では電位窓が狭く高電圧正極に適用できないという課題があった。本発明では、可塑剤と無機フィラーを複合化することにより、製造コストを削減する。これにより全固体リチウムイオン二次電池の実用化に寄与する。,リチウム塩含有ポリマー膜を備え、可塑剤と無機フィラーを複合化することを特徴とする全固体電池。,みなと化学工業,小林 隆,C08J5/22;H01M10/0565,登録
特願2019-100783,2019/11/12,乾式電極成形プロセスを用いた全固体電池,本発明は、乾式電極成形プロセスに関する。従来技術では大面積化すると均一な加圧が難しいという課題があった。本発明では、ロールプレスの線圧条件を段階制御することにより、層間密着性を高め内部抵抗を低減する。これにより全固体リチウムイオン二次電池の実用化に寄与する。,乾式電極成形プロセスを備え、ロールプレスの線圧条件を段階制御することを特徴とする全固体電池。,みなと化学工業,清水 健一;田中 浩二,B32B37/00;H01M4/04,審査中
特願2025-100196,2025/12/10,ペロブスカイト型酸化物電解質及びその製造方法,本発明は、ペロブスカイト型酸化物電解質に関する。従来技術では薄膜化すると機械的強度が不足するという課題があった。本発明では、粒界に非晶質層を導入することにより、粒界抵抗を低減し伝導度を向上する。これにより全固体リチウムイオン二次電池の実用化に寄与する。,ペロブスカイト型酸化物電解質を備え、粒界に非晶質層を導入することを特徴とする全固体電池。,みなと化学工業,伊藤 亮,H01B1/08,公開
特願2015-100363,2015/04/22,有機無機ハイブリッド電解質膜を用いた全固体電池,本発明は、有機無機ハイブリッド電解質膜に関する。従来技術では電位窓が狭く高電圧正極に適用できないという課題があった。本発明では、紫外線架橋により三次元網目構造を形成することにより、薄膜大面積化を容易にする。これにより全固体リチウムイオン二次電池の実用化に寄与する。,有機無機ハイブリッド電解質膜を備え、紫外線架橋により三次元網目構造を形成することを特徴とする全固体電池。,蒼海自動車,山田 浩二,H01B1/12,取下
特願2024-100596,2024/12/10,リチウム合金負極及びその製造方法,本発明は、リチウム合金負極に関する。従来技術では充電時にデンドライトが成長し短絡に至るという課題があった。本発明では、析出溶解を均一化する拘束圧構造を採用することにより、エネルギー密度を大幅に向上する。これにより全固体リチウムイオン二次電池の実用化に寄与する。,リチウム合金負極を備え、析出溶解を均一化する拘束圧構造を採用することを特徴とする全固体電池。,常盤田精機,田中 誠,H01M4/134;H01M4/38,登録
特願2021-100506,2021/06/27,正極-電解質界面被覆層及びその製造方法,本発明は、正極-電解質界面被覆層に関する。従来技術では複合正極内のイオン伝導経路が不連続になるという課題があった。本発明では、活物質表面に酸化物ナノ被覆層を形成することにより、サイクル後の容量維持率を改善する。これにより全固体リチウムイオン二次電池の実用化に寄与する。,正極-電解質界面被覆層を備え、活物質表面に酸化物ナノ被覆層を形成することを特徴とする全固体電池。,蒼海自動車,森 拓也,H01M4/525,取下
特願2015-100371,2015/09/01,ポリエチレンオキシド系ポリマー電解質及びその製造方法,本発明は、ポリエチレンオキシド系ポリマー電解質に関する。従来技術では機械的強度と柔軟性の両立が難しいという課題があった。本発明では、可塑剤と無機フィラーを複合化することにより、柔軟性と伝導度を両立する。これにより全固体リチウムイオン二次電池の実用化に寄与する。,ポリエチレンオキシド系ポリマー電解質を備え、可塑剤と無機フィラーを複合化することを特徴とする全固体電池。,白鳳電機産業,山本 裕子;山口 隆,H01M10/0565,拒絶
特願2022-100871,2022/02/12,電池モジュール筐体及びその製造方法,本発明は、電池モジュール筐体に関する。従来技術ではセル拘束圧の維持と軽量化が両立しないという課題があった。本発明では、冷却流路をモジュール内に一体成形することにより、部品点数を削減する。これにより全固体リチウムイオン二次電池の実用化に寄与する。,電池モジュール筐体を備え、冷却流路をモジュール内に一体成形することを特徴とする全固体電池。,白鳳電機産業,松本 誠;松本 健一,H01M10/613;H01M50/509,公開
特願2021-100219,2021/01/03,酸化物系固体電解質焼結体を用いた全固体電池,本発明は、酸化物系固体電解質焼結体に関する。従来技術では焼結温度が高くエネルギーコストが大きいという課題があった。本発明では、粒界に非晶質層を導入することにより、粒界抵抗を低減し伝導度を向上する。これにより全固体リチウムイオン二次電池の実用化に寄与する。,酸化物系固体電解質焼結体を備え、粒界に非晶質層を導入することを特徴とする全固体電池。,蒼海自動車,中村 真一;高橋 浩二,H01B1/08,登録
特願2023-100440,2023/07/25,正極-電解質界面被覆層及びその製造方法,本発明は、正極-電解質界面被覆層に関する。従来技術では正極活物質と硫化物電解質の界面で高抵抗層が形成されるという課題があった。本発明では、スラリー混練条件を制御し均一分散させることにより、サイクル後の容量維持率を改善する。これにより全固体リチウムイオン二次電池の実用化に寄与する。,正極-電解質界面被覆層を備え、スラリー混練条件を制御し均一分散させることを特徴とする全固体電池。,蒼海自動車,井上 直樹;山本 香織;鈴木 浩二,H01M4/525,公開
特願2020-100537,2020/11/18,リチウム合金負極を用いた全固体電池,本発明は、リチウム合金負極に関する。従来技術では負極と電解質の界面で副反応が進行するという課題があった。本発明では、析出溶解を均一化する拘束圧構造を採用することにより、クーロン効率を改善する。これにより全固体リチウムイオン二次電池の実用化に寄与する。,リチウム合金負極を備え、析出溶解を均一化する拘束圧構造を採用することを特徴とする全固体電池。,瀬戸内硝子,山本 裕子;伊藤 健一;斎藤 誠,H01M4/134,登録
特願2022-100410,2022/08/13,ニオブ酸リチウム被覆正極活物質及びその製造方法,本発明は、ニオブ酸リチウム被覆正極活物質に関する。従来技術では充放電に伴う体積変化で界面が剥離するという課題があった。本発明では、スラリー混練条件を制御し均一分散させることにより、電極内の利用率を向上する。これにより全固体リチウムイオン二次電池の実用化に寄与する。,ニオブ酸リチウム被覆正極活物質を備え、スラリー混練条件を制御し均一分散させることを特徴とする全固体電池。,瀬戸内硝子,田中 彩;小林 香織,H01M10/0562;H01M4/525,審査中
特願2016-100082,2016/07/13,Li2S-P2S5系ガラスセラミックス及びその製造方法,本発明は、Li2S-P2S5系ガラスセラミックスに関する。従来技術では電極との界面抵抗が増大するという課題があった。本発明では、微粒子化と加圧成形条件を制御することにより、室温で高いリチウムイオン伝導度を実現する。これにより全固体リチウムイオン二次電池の実用化に寄与する。,Li2S-P2S5系ガラスセラミックスを備え、微粒子化と加圧成形条件を制御することを特徴とする全固体電池。,暁化成,小林 静香,H01B1/06,登録
特願2025-100605,2025/05/09,無負極型集電体構造及びその製造方法,本発明は、無負極型集電体構造に関する。従来技術では充電時にデンドライトが成長し短絡に至るという課題があった。本発明では、固体電解質との界面に緩衝層を挿入することにより、デンドライト発生を抑制し安全性を高める。これにより全固体リチウムイオン二次電池の実用化に寄与する。,無負極型集電体構造を備え、固体電解質との界面に緩衝層を挿入することを特徴とする全固体電池。,ソルグリーンエナジー,鈴木 健一;山田 美咲;清水 香織,H01M10/052;H01M4/38,公開
特願2019-100663,2019/09/20,電極シート成形装置を用いた全固体電池,本発明は、電極シート成形装置に関する。従来技術では溶媒系プロセスが電解質を劣化させるという課題があった。本発明では、等方加圧により積層界面を密着させることにより、製造コストを削減する。これにより全固体リチウムイオン二次電池の実用化に寄与する。,電極シート成形装置を備え、等方加圧により積層界面を密着させることを特徴とする全固体電池。,蒼海自動車,吉田 大輔;渡辺 花子,H01M10/0585;H01M4/04,拒絶
特願2023-100901,2023/12/02,ペロブスカイト型酸化物電解質及びその製造方法,本発明は、ペロブスカイト型酸化物電解質に関する。従来技術では薄膜化すると機械的強度が不足するという課題があった。本発明では、ドーパント元素で結晶構造を安定化することにより、充放電サイクル特性を改善する。これにより全固体リチウムイオン二次電池の実用化に寄与する。,ペロブスカイト型酸化物電解質を備え、ドーパント元素で結晶構造を安定化することを特徴とする全固体電池。,若草セラミックス,高橋 望;中村 恵;林 裕子,C04B35/486;H01B1/08,審査中
特願2018-100034,2018/09/27,硫化物系固体電解質及びその製造方法,本発明は、硫化物系固体電解質に関する。従来技術では電極との界面抵抗が増大するという課題があった。本発明では、ハロゲン元素を部分置換した組成とすることにより、充放電サイクル特性を改善する。これにより全固体リチウムイオン二次電池の実用化に寄与する。,硫化物系固体電解質を備え、ハロゲン元素を部分置換した組成とすることを特徴とする全固体電池。,蒼海自動車,清水 裕子;鈴木 亮;田中 香織,C01B17/22;H01M10/0562,登録
特願2021-100226,2021/09/01,酸化物系固体電解質焼結体及びその製造方法,本発明は、酸化物系固体電解質焼結体に関する。従来技術では焼結温度が高くエネルギーコストが大きいという課題があった。本発明では、粒界に非晶質層を導入することにより、粒界抵抗を低減し伝導度を向上する。これにより全固体リチウムイオン二次電池の実用化に寄与する。,酸化物系固体電解質焼結体を備え、粒界に非晶質層を導入することを特徴とする全固体電池。,みなと化学工業,清水 誠;高橋 彩,C04B35/486;H01M10/0562,取下
特願2015-100380,2015/12/19,架橋ゲルポリマー電解質及びその製造方法,本発明は、架橋ゲルポリマー電解質に関する。従来技術では室温でのイオン伝導度が低いという課題があった。本発明では、ブロック共重合体で相分離構造を制御することにより、界面追従性を高める。これにより全固体リチウムイオン二次電池の実用化に寄与する。,架橋ゲルポリマー電解質を備え、ブロック共重合体で相分離構造を制御することを特徴とする全固体電池。,蒼海自動車,山本 花子,C08J5/22,登録
特願2019-100555,2019/06/15,無負極型集電体構造を用いた全固体電池,本発明は、無負極型集電体構造に関する。従来技術ではリチウムの不均一析出で容量が劣化するという課題があった。本発明では、析出溶解を均一化する拘束圧構造を採用することにより、エネルギー密度を大幅に向上する。これにより全固体リチウムイオン二次電池の実用化に寄与する。,無負極型集電体構造を備え、析出溶解を均一化する拘束圧構造を採用することを特徴とする全固体電池。,蒼海自動車,田中 花子;渡辺 恵,H01M10/052;H01M4/38,公開
特願2021-100253,2021/08/11,ガーネット型LLZO酸化物及びその製造方法,本発明は、ガーネット型LLZO酸化物に関する。従来技術ではリチウムデンドライトが粒界を伝播するという課題があった。本発明では、ドーパント元素で結晶構造を安定化することにより、低温プロセスでの量産性を高める。これにより全固体リチウムイオン二次電池の実用化に寄与する。,ガーネット型LLZO酸化物を備え、ドーパント元素で結晶構造を安定化することを特徴とする全固体電池。,蒼海自動車,佐藤 香織;中村 誠;高橋 直樹,C04B35/486,登録
特願2015-100669,2015/08/11,加圧焼結積層工程を用いた全固体電池,本発明は、加圧焼結積層工程に関する。従来技術では積層時に層間に空隙が残り抵抗が増えるという課題があった。本発明では、ロールプレスの線圧条件を段階制御することにより、製造コストを削減する。これにより全固体リチウムイオン二次電池の実用化に寄与する。,加圧焼結積層工程を備え、ロールプレスの線圧条件を段階制御することを特徴とする全固体電池。,蒼海自動車,松本 美咲,H01M10/0585,登録
特願2021-100047,2021/07/28,Li2S-P2S5系ガラスセラミックス及びその製造方法,本発明は、Li2S-P2S5系ガラスセラミックスに関する。従来技術では大気中の水分と反応して硫化水素が発生するという課題があった。本発明では、ガラスセラミックス化の熱処理条件を最適化することにより、充放電サイクル特性を改善する。これにより全固体リチウムイオン二次電池の実用化に寄与する。,Li2S-P2S5系ガラスセラミックスを備え、ガラスセラミックス化の熱処理条件を最適化することを特徴とする全固体電池。,遠州電池,吉田 浩二;山田 隆,C01B17/22;H01M10/0562,審査中
特願2015-100317,2015/06/01,架橋ゲルポリマー電解質及びその製造方法,本発明は、架橋ゲルポリマー電解質に関する。従来技術では室温でのイオン伝導度が低いという課題があった。本発明では、ブロック共重合体で相分離構造を制御することにより、薄膜大面積化を容易にする。これにより全固体リチウムイオン二次電池の実用化に寄与する。,架橋ゲルポリマー電解質を備え、ブロック共重合体で相分離構造を制御することを特徴とする全固体電池。,琥珀ガス化学,井上 静香,H01B1/12;H01M10/0565,拒絶
特願2020-100877,2020/03/10,電池モジュール筐体及びその製造方法,本発明は、電池モジュール筐体に関する。従来技術ではセル拘束圧の維持と軽量化が両立しないという課題があった。本発明では、冷却流路をモジュール内に一体成形することにより、温度分布を均一化し寿命を延ばす。これにより全固体リチウムイオン二次電池の実用化に寄与する。,電池モジュール筐体を備え、冷却流路をモジュール内に一体成形することを特徴とする全固体電池。,白鳳電機産業,小林 健一;林 健一;山口 望,H01M10/613;H01M50/509,登録
特願2018-100078,2018/11/05,Li2S-P2S5系ガラスセラミックスを用いた全固体電池,本発明は、Li2S-P2S5系ガラスセラミックスに関する。従来技術では大気中の水分と反応して硫化水素が発生するという課題があった。本発明では、ガラスセラミックス化の熱処理条件を最適化することにより、硫化水素の発生量を大幅に抑制する。これにより全固体リチウムイオン二次電池の実用化に寄与する。,Li2S-P2S5系ガラスセラミックスを備え、ガラスセラミックス化の熱処理条件を最適化することを特徴とする全固体電池。,遠州電池,加藤 浩二;佐藤 恵;山口 香織,C01B17/22;H01M10/0562,拒絶
特願2020-100710,2020/01/25,全固体電池の積層体及びその製造方法,本発明は、全固体電池の積層体に関する。従来技術では大面積化すると均一な加圧が難しいという課題があった。本発明では、乾式成膜により無溶媒で電極層を形成することにより、量産タクトを短縮する。これにより全固体リチウムイオン二次電池の実用化に寄与する。,全固体電池の積層体を備え、乾式成膜により無溶媒で電極層を形成することを特徴とする全固体電池。,東雲重工業,田中 美咲,H01M10/0585;H01M4/04,登録
特願2019-100131,2019/03/11,Li2S-P2S5系ガラスセラミックス及びその製造方法,本発明は、Li2S-P2S5系ガラスセラミックスに関する。従来技術では大気中の水分と反応して硫化水素が発生するという課題があった。本発明では、表面を酸化物系保護層で被覆することにより、室温で高いリチウムイオン伝導度を実現する。これにより全固体リチウムイオン二次電池の実用化に寄与する。,Li2S-P2S5系ガラスセラミックスを備え、表面を酸化物系保護層で被覆することを特徴とする全固体電池。,白鳳電機産業,森 花子;木村 恵;高橋 彩,C01B17/22;H01B1/06,登録
特願2021-100251,2021/03/05,ガーネット型LLZO酸化物及びその製造方法,本発明は、ガーネット型LLZO酸化物に関する。従来技術では粒界抵抗がイオン伝導を阻害するという課題があった。本発明では、粒界に非晶質層を導入することにより、粒界抵抗を低減し伝導度を向上する。これにより全固体リチウムイオン二次電池の実用化に寄与する。,ガーネット型LLZO酸化物を備え、粒界に非晶質層を導入することを特徴とする全固体電池。,菫マテリアルズ,山口 大輔;伊藤 由美;高橋 静香,H01B1/08;H01M10/0562,登録
特願2019-100152,2019/12/13,アルジロダイト型硫化物及びその製造方法,本発明は、アルジロダイト型硫化物に関する。従来技術では粒界での抵抗が大きいという課題があった。本発明では、ハロゲン元素を部分置換した組成とすることにより、室温で高いリチウムイオン伝導度を実現する。これにより全固体リチウムイオン二次電池の実用化に寄与する。,アルジロダイト型硫化物を備え、ハロゲン元素を部分置換した組成とすることを特徴とする全固体電池。,白鳳電機産業,吉田 真一;高橋 隆;田中 香織,C01B17/22;H01M10/0562,審査中
特願2024-100692,2024/09/01,電極シート成形装置及びその製造方法,本発明は、電極シート成形装置に関する。従来技術では積層時に層間に空隙が残り抵抗が増えるという課題があった。本発明では、等方加圧により積層界面を密着させることにより、層間密着性を高め内部抵抗を低減する。これにより全固体リチウムイオン二次電池の実用化に寄与する。,電極シート成形装置を備え、等方加圧により積層界面を密着させることを特徴とする全固体電池。,東雲重工業,小林 修平;井上 亮,B32B37/00;H01M4/04,公開
特願2020-100060,2020/05/13,アルジロダイト型硫化物を用いた全固体電池,本発明は、アルジロダイト型硫化物に関する。従来技術では大気中の水分と反応して硫化水素が発生するという課題があった。本発明では、ガラスセラミックス化の熱処理条件を最適化することにより、充放電サイクル特性を改善する。これにより全固体リチウムイオン二次電池の実用化に寄与する。,アルジロダイト型硫化物を備え、ガラスセラミックス化の熱処理条件を最適化することを特徴とする全固体電池。,白鳳電機産業,加藤 裕子,H01M10/0562,登録
特願2019-100351,2019/12/05,リチウム塩含有ポリマー膜を用いた全固体電池,本発明は、リチウム塩含有ポリマー膜に関する。従来技術では室温でのイオン伝導度が低いという課題があった。本発明では、ブロック共重合体で相分離構造を制御することにより、柔軟性と伝導度を両立する。これにより全固体リチウムイオン二次電池の実用化に寄与する。,リチウム塩含有ポリマー膜を備え、ブロック共重合体で相分離構造を制御することを特徴とする全固体電池。,蒼海自動車,木村 香織;加藤 望,C08J5/22;H01B1/12,審査中
特願2016-100684,2016/05/19,全固体電池の積層体を用いた全固体電池,本発明は、全固体電池の積層体に関する。従来技術では積層時に層間に空隙が残り抵抗が増えるという課題があった。本発明では、乾式成膜により無溶媒で電極層を形成することにより、製造コストを削減する。これにより全固体リチウムイオン二次電池の実用化に寄与する。,全固体電池の積層体を備え、乾式成膜により無溶媒で電極層を形成することを特徴とする全固体電池。,白鳳電機産業,田中 望,B32B37/00;H01M4/04,登録
特願2025-100956,2025/06/28,アルジロダイト型硫化物及びその製造方法,本発明は、アルジロダイト型硫化物に関する。従来技術では大気中の水分と反応して硫化水素が発生するという課題があった。本発明では、ハロゲン元素を部分置換した組成とすることにより、硫化水素の発生量を大幅に抑制する。これにより全固体リチウムイオン二次電池の実用化に寄与する。,アルジロダイト型硫化物を備え、ハロゲン元素を部分置換した組成とすることを特徴とする全固体電池。,白鳳電機産業,井上 由美,C01B17/22;H01M10/0562,公開
特願2020-100458,2020/01/06,正極-電解質界面被覆層及びその製造方法,本発明は、正極-電解質界面被覆層に関する。従来技術では複合正極内のイオン伝導経路が不連続になるという課題があった。本発明では、導電助剤と電解質の配合比を最適化することにより、電極内の利用率を向上する。これにより全固体リチウムイオン二次電池の実用化に寄与する。,正極-電解質界面被覆層を備え、導電助剤と電解質の配合比を最適化することを特徴とする全固体電池。,蒼海自動車,林 彩,H01M4/62,拒絶
特願2021-100215,2021/10/25,ペロブスカイト型酸化物電解質及びその製造方法,本発明は、ペロブスカイト型酸化物電解質に関する。従来技術では薄膜化すると機械的強度が不足するという課題があった。本発明では、焼結助剤を添加して低温焼結を可能にすることにより、低温プロセスでの量産性を高める。これにより全固体リチウムイオン二次電池の実用化に寄与する。,ペロブスカイト型酸化物電解質を備え、焼結助剤を添加して低温焼結を可能にすることを特徴とする全固体電池。,ハンビット電池,渡辺 花子,H01B1/08,公開
特願2015-100309,2015/11/15,架橋ゲルポリマー電解質を用いた全固体電池,本発明は、架橋ゲルポリマー電解質に関する。従来技術では室温でのイオン伝導度が低いという課題があった。本発明では、可塑剤と無機フィラーを複合化することにより、薄膜大面積化を容易にする。これにより全固体リチウムイオン二次電池の実用化に寄与する。,架橋ゲルポリマー電解質を備え、可塑剤と無機フィラーを複合化することを特徴とする全固体電池。,高千穂金属,小林 修平,C08J5/22;H01M10/0565,登録
特願2018-100468,2018/11/17,複合正極合材を用いた全固体電池,本発明は、複合正極合材に関する。従来技術では複合正極内のイオン伝導経路が不連続になるという課題があった。本発明では、スラリー混練条件を制御し均一分散させることにより、電極内の利用率を向上する。これにより全固体リチウムイオン二次電池の実用化に寄与する。,複合正極合材を備え、スラリー混練条件を制御し均一分散させることを特徴とする全固体電池。,蒼海自動車,高橋 隆,H01M10/0562,取下
特願2023-100809,2023/12/23,バイポーラ型全固体電池及びその製造方法,本発明は、バイポーラ型全固体電池に関する。従来技術では直列積層時の熱分布が不均一になるという課題があった。本発明では、冷却流路をモジュール内に一体成形することにより、温度分布を均一化し寿命を延ばす。これにより全固体リチウムイオン二次電池の実用化に寄与する。,バイポーラ型全固体電池を備え、冷却流路をモジュール内に一体成形することを特徴とする全固体電池。,北斗モータース,林 香織,H01M50/20;H01M50/509,公開
特願2016-100301,2016/05/23,リチウム塩含有ポリマー膜及びその製造方法,本発明は、リチウム塩含有ポリマー膜に関する。従来技術では室温でのイオン伝導度が低いという課題があった。本発明では、可塑剤と無機フィラーを複合化することにより、薄膜大面積化を容易にする。これにより全固体リチウムイオン二次電池の実用化に寄与する。,リチウム塩含有ポリマー膜を備え、可塑剤と無機フィラーを複合化することを特徴とする全固体電池。,白鳳電機産業,田中 香織,C08J5/22;H01B1/12,拒絶
特願2019-100610,2019/11/04,リチウム金属負極及びその製造方法,本発明は、リチウム金属負極に関する。従来技術では負極と電解質の界面で副反応が進行するという課題があった。本発明では、集電体表面に親リチウム性シード層を設けることにより、クーロン効率を改善する。これにより全固体リチウムイオン二次電池の実用化に寄与する。,リチウム金属負極を備え、集電体表面に親リチウム性シード層を設けることを特徴とする全固体電池。,暁化成,斎藤 亮;吉田 直樹;斎藤 修平,H01M4/134,拒絶
特願2022-100666,2022/06/10,加圧焼結積層工程を用いた全固体電池,本発明は、加圧焼結積層工程に関する。従来技術では溶媒系プロセスが電解質を劣化させるという課題があった。本発明では、ロールプレスの線圧条件を段階制御することにより、製造コストを削減する。これにより全固体リチウムイオン二次電池の実用化に寄与する。,加圧焼結積層工程を備え、ロールプレスの線圧条件を段階制御することを特徴とする全固体電池。,高千穂金属,加藤 真一;森 恵;松本 恵,H01M10/0585,公開
特願2022-100422,2022/07/13,正極-電解質界面被覆層及びその製造方法,本発明は、正極-電解質界面被覆層に関する。従来技術では複合正極内のイオン伝導経路が不連続になるという課題があった。本発明では、導電助剤と電解質の配合比を最適化することにより、界面抵抗を低減し出力特性を高める。これにより全固体リチウムイオン二次電池の実用化に寄与する。,正極-電解質界面被覆層を備え、導電助剤と電解質の配合比を最適化することを特徴とする全固体電池。,みなと化学工業,松本 望;鈴木 彩;渡辺 直樹,H01M4/525;H01M4/62,公開
特願2020-100766,2020/08/19,電極シート成形装置及びその製造方法,本発明は、電極シート成形装置に関する。従来技術では溶媒系プロセスが電解質を劣化させるという課題があった。本発明では、等方加圧により積層界面を密着させることにより、層間密着性を高め内部抵抗を低減する。これにより全固体リチウムイオン二次電池の実用化に寄与する。,電極シート成形装置を備え、等方加圧により積層界面を密着させることを特徴とする全固体電池。,九曜電子,清水 太郎,H01M4/04,公開
特願2022-100420,2022/05/28,ニオブ酸リチウム被覆正極活物質を用いた全固体電池,本発明は、ニオブ酸リチウム被覆正極活物質に関する。従来技術では正極活物質と硫化物電解質の界面で高抵抗層が形成されるという課題があった。本発明では、導電助剤と電解質の配合比を最適化することにより、電極内の利用率を向上する。これにより全固体リチウムイオン二次電池の実用化に寄与する。,ニオブ酸リチウム被覆正極活物質を備え、導電助剤と電解質の配合比を最適化することを特徴とする全固体電池。,白鳳電機産業,山本 健一;斎藤 花子,H01M10/0562;H01M4/525,公開
特願2025-100609,2025/02/01,リチウム析出制御層を用いた全固体電池,本発明は、リチウム析出制御層に関する。従来技術では負極と電解質の界面で副反応が進行するという課題があった。本発明では、集電体表面に親リチウム性シード層を設けることにより、クーロン効率を改善する。これにより全固体リチウムイオン二次電池の実用化に寄与する。,リチウム析出制御層を備え、集電体表面に親リチウム性シード層を設けることを特徴とする全固体電池。,高千穂金属,木村 拓也;松本 静香,H01M4/38,公開
特願2019-100709,2019/06/11,電極シート成形装置及びその製造方法,本発明は、電極シート成形装置に関する。従来技術では溶媒系プロセスが電解質を劣化させるという課題があった。本発明では、ロールプレスの線圧条件を段階制御することにより、製造コストを削減する。これにより全固体リチウムイオン二次電池の実用化に寄与する。,電極シート成形装置を備え、ロールプレスの線圧条件を段階制御することを特徴とする全固体電池。,蒼海自動車,伊藤 直樹;中村 彩,H01M10/0585,拒絶
特願2022-100600,2022/02/06,リチウム合金負極を用いた全固体電池,本発明は、リチウム合金負極に関する。従来技術では充電時にデンドライトが成長し短絡に至るという課題があった。本発明では、析出溶解を均一化する拘束圧構造を採用することにより、デンドライト発生を抑制し安全性を高める。これにより全固体リチウムイオン二次電池の実用化に寄与する。,リチウム合金負極を備え、析出溶解を均一化する拘束圧構造を採用することを特徴とする全固体電池。,遠州電池,林 由美;山口 静香,H01M4/134;H01M4/38,公開
特願2019-100742,2019/07/21,加圧焼結積層工程及びその製造方法,本発明は、加圧焼結積層工程に関する。従来技術では溶媒系プロセスが電解質を劣化させるという課題があった。本発明では、等方加圧により積層界面を密着させることにより、層間密着性を高め内部抵抗を低減する。これにより全固体リチウムイオン二次電池の実用化に寄与する。,加圧焼結積層工程を備え、等方加圧により積層界面を密着させることを特徴とする全固体電池。,常盤田精機,林 修平;佐藤 大輔,B32B37/00;H01M4/04,登録
特願2019-100607,2019/01/25,リチウム金属負極及びその製造方法,本発明は、リチウム金属負極に関する。従来技術ではリチウムの不均一析出で容量が劣化するという課題があった。本発明では、析出溶解を均一化する拘束圧構造を採用することにより、デンドライト発生を抑制し安全性を高める。これにより全固体リチウムイオン二次電池の実用化に寄与する。,リチウム金属負極を備え、析出溶解を均一化する拘束圧構造を採用することを特徴とする全固体電池。,遠州電池,清水 拓也;森 直樹;伊藤 修平,H01M4/134;H01M4/38,登録
特願2015-100310,2015/06/12,架橋ゲルポリマー電解質及びその製造方法,本発明は、架橋ゲルポリマー電解質に関する。従来技術では電位窓が狭く高電圧正極に適用できないという課題があった。本発明では、紫外線架橋により三次元網目構造を形成することにより、界面追従性を高める。これにより全固体リチウムイオン二次電池の実用化に寄与する。,架橋ゲルポリマー電解質を備え、紫外線架橋により三次元網目構造を形成することを特徴とする全固体電池。,蓬莱新能源,松本 真一;佐藤 真一,H01M10/0565,拒絶
特願2021-100483,2021/02/06,NCM系正極と固体電解質の複合体を用いた全固体電池,本発明は、NCM系正極と固体電解質の複合体に関する。従来技術では充放電に伴う体積変化で界面が剥離するという課題があった。本発明では、活物質表面に酸化物ナノ被覆層を形成することにより、界面抵抗を低減し出力特性を高める。これにより全固体リチウムイオン二次電池の実用化に寄与する。,NCM系正極と固体電解質の複合体を備え、活物質表面に酸化物ナノ被覆層を形成することを特徴とする全固体電池。,常盤田精機,鈴木 太郎;林 静香;鈴木 隆,H01M10/0562;H01M4/62,登録
特願2021-100933,2021/02/11,酸化物系固体電解質焼結体を用いた全固体電池,本発明は、酸化物系固体電解質焼結体に関する。従来技術では薄膜化すると機械的強度が不足するという課題があった。本発明では、テープ成形により薄膜シート化することにより、柔軟性と伝導度を両立する。これにより全固体リチウムイオン二次電池の実用化に寄与する。,酸化物系固体電解質焼結体を備え、テープ成形により薄膜シート化することを特徴とする全固体電池。,中央先端科学研究所,森 浩二;清水 彩,H01B1/08;H01M10/0562,登録
特願2022-100938,2022/11/22,ポリエチレンオキシド系ポリマー電解質及びその製造方法,本発明は、ポリエチレンオキシド系ポリマー電解質に関する。従来技術では電位窓が狭く高電圧正極に適用できないという課題があった。本発明では、ブロック共重合体で相分離構造を制御することにより、充放電サイクル特性を改善する。これにより全固体リチウムイオン二次電池の実用化に寄与する。,ポリエチレンオキシド系ポリマー電解質を備え、ブロック共重合体で相分離構造を制御することを特徴とする全固体電池。,白鳳電機産業,斎藤 美咲;山口 静香;吉田 健一,C08J5/22;H01M10/0565,登録
特願2020-100749,2020/05/28,電極シート成形装置及びその製造方法,本発明は、電極シート成形装置に関する。従来技術では溶媒系プロセスが電解質を劣化させるという課題があった。本発明では、等方加圧により積層界面を密着させることにより、量産タクトを短縮する。これにより全固体リチウムイオン二次電池の実用化に寄与する。,電極シート成形装置を備え、等方加圧により積層界面を密着させることを特徴とする全固体電池。,ソルグリーンエナジー,井上 裕子;渡辺 拓也;田中 誠,B32B37/00;H01M4/04,登録
特願2022-100916,2022/07/13,電池モジュール筐体及びその製造方法,本発明は、電池モジュール筐体に関する。従来技術ではセル拘束圧の維持と軽量化が両立しないという課題があった。本発明では、弾性部材を介した均一拘束構造とすることにより、界面抵抗を低減し出力特性を高める。これにより全固体リチウムイオン二次電池の実用化に寄与する。,電池モジュール筐体を備え、弾性部材を介した均一拘束構造とすることを特徴とする全固体電池。,蒼海自動車,山口 直樹;山口 裕子;伊藤 由美,H01M50/20;H01M50/509,公開
特願2019-100073,2019/08/19,硫化物系固体電解質及びその製造方法,本発明は、硫化物系固体電解質に関する。従来技術では粒界での抵抗が大きいという課題があった。本発明では、ガラスセラミックス化の熱処理条件を最適化することにより、硫化水素の発生量を大幅に抑制する。これにより全固体リチウムイオン二次電池の実用化に寄与する。,硫化物系固体電解質を備え、ガラスセラミックス化の熱処理条件を最適化することを特徴とする全固体電池。,北斗モータース,高橋 裕子;高橋 由美,H01B1/06;H01M10/0562,審査中
特願2022-100739,2022/03/12,乾式電極成形プロセス及びその製造方法,本発明は、乾式電極成形プロセスに関する。従来技術では大面積化すると均一な加圧が難しいという課題があった。本発明では、等方加圧により積層界面を密着させることにより、量産タクトを短縮する。これにより全固体リチウムイオン二次電池の実用化に寄与する。,乾式電極成形プロセスを備え、等方加圧により積層界面を密着させることを特徴とする全固体電池。,若草セラミックス,清水 静香;山口 太郎;井上 拓也,B32B37/00;H01M4/04,審査中
特願2018-100862,2018/04/08,拘束圧付与機構及びその製造方法,本発明は、拘束圧付与機構に関する。従来技術ではセル拘束圧の維持と軽量化が両立しないという課題があった。本発明では、弾性部材を介した均一拘束構造とすることにより、温度分布を均一化し寿命を延ばす。これにより全固体リチウムイオン二次電池の実用化に寄与する。,拘束圧付与機構を備え、弾性部材を介した均一拘束構造とすることを特徴とする全固体電池。,常盤田精機,清水 拓也;林 恵;渡辺 花子,H01M50/20;H01M50/509,登録
特願2023-100408,2023/05/11,ニオブ酸リチウム被覆正極活物質を用いた全固体電池,本発明は、ニオブ酸リチウム被覆正極活物質に関する。従来技術では複合正極内のイオン伝導経路が不連続になるという課題があった。本発明では、スラリー混練条件を制御し均一分散させることにより、電極内の利用率を向上する。これにより全固体リチウムイオン二次電池の実用化に寄与する。,ニオブ酸リチウム被覆正極活物質を備え、スラリー混練条件を制御し均一分散させることを特徴とする全固体電池。,白鳳電機産業,山田 浩二,H01M10/0562;H01M4/62,公開
特願2016-100879,2016/09/26,積層セルパッケージを用いた全固体電池,本発明は、積層セルパッケージに関する。従来技術では直列積層時の熱分布が不均一になるという課題があった。本発明では、弾性部材を介した均一拘束構造とすることにより、体積エネルギー密度を高める。これにより全固体リチウムイオン二次電池の実用化に寄与する。,積層セルパッケージを備え、弾性部材を介した均一拘束構造とすることを特徴とする全固体電池。,瀬戸内硝子,斎藤 由美;加藤 花子;山口 美咲,H01M50/20;H01M50/509,拒絶
特願2018-100283,2018/04/10,NASICON型リン酸系酸化物及びその製造方法,本発明は、NASICON型リン酸系酸化物に関する。従来技術では焼結温度が高くエネルギーコストが大きいという課題があった。本発明では、焼結助剤を添加して低温焼結を可能にすることにより、低温プロセスでの量産性を高める。これにより全固体リチウムイオン二次電池の実用化に寄与する。,NASICON型リン酸系酸化物を備え、焼結助剤を添加して低温焼結を可能にすることを特徴とする全固体電池。,白鳳電機産業,高橋 花子;山口 望;山本 恵,H01B1/08;H01M10/0562,取下
特願2018-100331,2018/11/18,有機無機ハイブリッド電解質膜及びその製造方法,本発明は、有機無機ハイブリッド電解質膜に関する。従来技術では電位窓が狭く高電圧正極に適用できないという課題があった。本発明では、ブロック共重合体で相分離構造を制御することにより、薄膜大面積化を容易にする。これにより全固体リチウムイオン二次電池の実用化に寄与する。,有機無機ハイブリッド電解質膜を備え、ブロック共重合体で相分離構造を制御することを特徴とする全固体電池。,東雲重工業,吉田 由美;山口 誠,C08J5/22;H01B1/12,登録
特願2016-100355,2016/04/05,架橋ゲルポリマー電解質及びその製造方法,本発明は、架橋ゲルポリマー電解質に関する。従来技術では室温でのイオン伝導度が低いという課題があった。本発明では、可塑剤と無機フィラーを複合化することにより、薄膜大面積化を容易にする。これにより全固体リチウムイオン二次電池の実用化に寄与する。,架橋ゲルポリマー電解質を備え、可塑剤と無機フィラーを複合化することを特徴とする全固体電池。,燕岳鉱業,山本 香織;井上 真一;田中 恵,C08J5/22;H01M10/0565,登録
特願2019-100353,2019/02/16,架橋ゲルポリマー電解質及びその製造方法,本発明は、架橋ゲルポリマー電解質に関する。従来技術では機械的強度と柔軟性の両立が難しいという課題があった。本発明では、可塑剤と無機フィラーを複合化することにより、柔軟性と伝導度を両立する。これにより全固体リチウムイオン二次電池の実用化に寄与する。,架橋ゲルポリマー電解質を備え、可塑剤と無機フィラーを複合化することを特徴とする全固体電池。,高千穂金属,中村 拓也,H01B1/12;H01M10/0565,拒絶
特願2018-100314,2018/01/05,架橋ゲルポリマー電解質及びその製造方法,本発明は、架橋ゲルポリマー電解質に関する。従来技術では電位窓が狭く高電圧正極に適用できないという課題があった。本発明では、可塑剤と無機フィラーを複合化することにより、柔軟性と伝導度を両立する。これにより全固体リチウムイオン二次電池の実用化に寄与する。,架橋ゲルポリマー電解質を備え、可塑剤と無機フィラーを複合化することを特徴とする全固体電池。,東雲重工業,山本 太郎;林 望;森 由美,C08J5/22;H01B1/12,登録
特願2015-100318,2015/02/27,有機無機ハイブリッド電解質膜を用いた全固体電池,本発明は、有機無機ハイブリッド電解質膜に関する。従来技術では機械的強度と柔軟性の両立が難しいという課題があった。本発明では、可塑剤と無機フィラーを複合化することにより、柔軟性と伝導度を両立する。これにより全固体リチウムイオン二次電池の実用化に寄与する。,有機無機ハイブリッド電解質膜を備え、可塑剤と無機フィラーを複合化することを特徴とする全固体電池。,蒼海自動車,木村 修平;加藤 大輔;清水 健一,C08J5/22;H01B1/12,拒絶
特願2018-100874,2018/04/04,積層セルパッケージ及びその製造方法,本発明は、積層セルパッケージに関する。従来技術では直列積層時の熱分布が不均一になるという課題があった。本発明では、弾性部材を介した均一拘束構造とすることにより、温度分布を均一化し寿命を延ばす。これにより全固体リチウムイオン二次電池の実用化に寄与する。,積層セルパッケージを備え、弾性部材を介した均一拘束構造とすることを特徴とする全固体電池。,白鳳電機産業,清水 恵,H01M10/613;H01M50/509,登録
特願2018-100012,2018/06/04,硫化物系固体電解質を用いた全固体電池,本発明は、硫化物系固体電解質に関する。従来技術ではイオン伝導度が実用水準に届かないという課題があった。本発明では、表面を酸化物系保護層で被覆することにより、充放電サイクル特性を改善する。これにより全固体リチウムイオン二次電池の実用化に寄与する。,硫化物系固体電解質を備え、表面を酸化物系保護層で被覆することを特徴とする全固体電池。,蒼海自動車,渡辺 拓也;小林 真一,C01B17/22;H01B1/06,取下
特願2024-100565,2024/03/10,リチウム金属負極及びその製造方法,本発明は、リチウム金属負極に関する。従来技術ではリチウムの不均一析出で容量が劣化するという課題があった。本発明では、集電体表面に親リチウム性シード層を設けることにより、エネルギー密度を大幅に向上する。これにより全固体リチウムイオン二次電池の実用化に寄与する。,リチウム金属負極を備え、集電体表面に親リチウム性シード層を設けることを特徴とする全固体電池。,遠州電池,林 由美;林 美咲,H01M4/134;H01M4/38,公開
特願2021-100460,2021/11/19,NCM系正極と固体電解質の複合体及びその製造方法,本発明は、NCM系正極と固体電解質の複合体に関する。従来技術では充放電に伴う体積変化で界面が剥離するという課題があった。本発明では、導電助剤と電解質の配合比を最適化することにより、界面抵抗を低減し出力特性を高める。これにより全固体リチウムイオン二次電池の実用化に寄与する。,NCM系正極と固体電解質の複合体を備え、導電助剤と電解質の配合比を最適化することを特徴とする全固体電池。,九曜電子,森 拓也;中村 静香;渡辺 直樹,H01M4/525,公開
特願2022-100694,2022/04/25,加圧焼結積層工程及びその製造方法,本発明は、加圧焼結積層工程に関する。従来技術では溶媒系プロセスが電解質を劣化させるという課題があった。本発明では、等方加圧により積層界面を密着させることにより、層間密着性を高め内部抵抗を低減する。これにより全固体リチウムイオン二次電池の実用化に寄与する。,加圧焼結積層工程を備え、等方加圧により積層界面を密着させることを特徴とする全固体電池。,みなと化学工業,伊藤 亮;森 由美;加藤 隆,B32B37/00;H01M10/0585,公開
特願2016-100841,2016/01/28,バイポーラ型全固体電池及びその製造方法,本発明は、バイポーラ型全固体電池に関する。従来技術ではセル拘束圧の維持と軽量化が両立しないという課題があった。本発明では、冷却流路をモジュール内に一体成形することにより、体積エネルギー密度を高める。これにより全固体リチウムイオン二次電池の実用化に寄与する。,バイポーラ型全固体電池を備え、冷却流路をモジュール内に一体成形することを特徴とする全固体電池。,ソルグリーンエナジー,中村 修平;山田 花子,H01M10/613,登録
特願2021-100566,2021/11/15,リチウム金属負極及びその製造方法,本発明は、リチウム金属負極に関する。従来技術ではリチウムの不均一析出で容量が劣化するという課題があった。本発明では、固体電解質との界面に緩衝層を挿入することにより、クーロン効率を改善する。これにより全固体リチウムイオン二次電池の実用化に寄与する。,リチウム金属負極を備え、固体電解質との界面に緩衝層を挿入することを特徴とする全固体電池。,九曜電子,清水 裕子,H01M4/38,登録
特願2017-100432,2017/03/04,複合正極合材を用いた全固体電池,本発明は、複合正極合材に関する。従来技術では正極活物質と硫化物電解質の界面で高抵抗層が形成されるという課題があった。本発明では、スラリー混練条件を制御し均一分散させることにより、界面抵抗を低減し出力特性を高める。これにより全固体リチウムイオン二次電池の実用化に寄与する。,複合正極合材を備え、スラリー混練条件を制御し均一分散させることを特徴とする全固体電池。,暁化成,森 修平;山田 静香,H01M4/525;H01M4/62,登録
特願2016-100044,2016/09/23,Li6PS5Cl固体電解質及びその製造方法,本発明は、Li6PS5Cl固体電解質に関する。従来技術では電極との界面抵抗が増大するという課題があった。本発明では、ハロゲン元素を部分置換した組成とすることにより、硫化水素の発生量を大幅に抑制する。これにより全固体リチウムイオン二次電池の実用化に寄与する。,Li6PS5Cl固体電解質を備え、ハロゲン元素を部分置換した組成とすることを特徴とする全固体電池。,桔梗精密,森 望;加藤 直樹;山田 裕子,H01B1/06;H01M10/0562,登録
特願2022-100650,2022/02/24,乾式電極成形プロセス及びその製造方法,本発明は、乾式電極成形プロセスに関する。従来技術では溶媒系プロセスが電解質を劣化させるという課題があった。本発明では、乾式成膜により無溶媒で電極層を形成することにより、製造コストを削減する。これにより全固体リチウムイオン二次電池の実用化に寄与する。,乾式電極成形プロセスを備え、乾式成膜により無溶媒で電極層を形成することを特徴とする全固体電池。,白鳳電機産業,斎藤 亮;山本 望;佐藤 誠,B32B37/00,公開
特願2021-100476,2021/02/17,複合正極合材及びその製造方法,本発明は、複合正極合材に関する。従来技術では複合正極内のイオン伝導経路が不連続になるという課題があった。本発明では、導電助剤と電解質の配合比を最適化することにより、界面抵抗を低減し出力特性を高める。これにより全固体リチウムイオン二次電池の実用化に寄与する。,複合正極合材を備え、導電助剤と電解質の配合比を最適化することを特徴とする全固体電池。,菫マテリアルズ,渡辺 誠;渡辺 花子;吉田 太郎,H01M10/0562,公開
特願2016-100343,2016/02/08,架橋ゲルポリマー電解質及びその製造方法,本発明は、架橋ゲルポリマー電解質に関する。従来技術では室温でのイオン伝導度が低いという課題があった。本発明では、可塑剤と無機フィラーを複合化することにより、柔軟性と伝導度を両立する。これにより全固体リチウムイオン二次電池の実用化に寄与する。,架橋ゲルポリマー電解質を備え、可塑剤と無機フィラーを複合化することを特徴とする全固体電池。,遠州電池,山本 健一,H01B1/12;H01M10/0565,登録
特願2021-100593,2021/03/02,リチウム金属負極及びその製造方法,本発明は、リチウム金属負極に関する。従来技術では充電時にデンドライトが成長し短絡に至るという課題があった。本発明では、集電体表面に親リチウム性シード層を設けることにより、クーロン効率を改善する。これにより全固体リチウムイオン二次電池の実用化に寄与する。,リチウム金属負極を備え、集電体表面に親リチウム性シード層を設けることを特徴とする全固体電池。,北斗モータース,林 大輔;伊藤 拓也,H01M10/052;H01M4/134,拒絶
特願2019-100256,2019/06/19,ペロブスカイト型酸化物電解質及びその製造方法,本発明は、ペロブスカイト型酸化物電解質に関する。従来技術では薄膜化すると機械的強度が不足するという課題があった。本発明では、粒界に非晶質層を導入することにより、デンドライト耐性を改善する。これにより全固体リチウムイオン二次電池の実用化に寄与する。,ペロブスカイト型酸化物電解質を備え、粒界に非晶質層を導入することを特徴とする全固体電池。,暁化成,渡辺 隆;佐藤 直樹,C04B35/486;H01B1/08,審査中
特願2025-100490,2025/10/20,正極-電解質界面被覆層及びその製造方法,本発明は、正極-電解質界面被覆層に関する。従来技術では正極活物質と硫化物電解質の界面で高抵抗層が形成されるという課題があった。本発明では、スラリー混練条件を制御し均一分散させることにより、界面抵抗を低減し出力特性を高める。これにより全固体リチウムイオン二次電池の実用化に寄与する。,正極-電解質界面被覆層を備え、スラリー混練条件を制御し均一分散させることを特徴とする全固体電池。,北斗モータース,渡辺 望,H01M4/62,公開
特願2022-100187,2022/09/01,酸化物系固体電解質焼結体及びその製造方法,本発明は、酸化物系固体電解質焼結体に関する。従来技術ではリチウムデンドライトが粒界を伝播するという課題があった。本発明では、粒界に非晶質層を導入することにより、低温プロセスでの量産性を高める。これにより全固体リチウムイオン二次電池の実用化に寄与する。,酸化物系固体電解質焼結体を備え、粒界に非晶質層を導入することを特徴とする全固体電池。,北斗モータース,清水 直樹;山口 由美,C04B35/486;H01B1/08,審査中
特願2022-100556,2022/04/01,リチウム合金負極及びその製造方法,本発明は、リチウム合金負極に関する。従来技術ではリチウムの不均一析出で容量が劣化するという課題があった。本発明では、固体電解質との界面に緩衝層を挿入することにより、クーロン効率を改善する。これにより全固体リチウムイオン二次電池の実用化に寄与する。,リチウム合金負極を備え、固体電解質との界面に緩衝層を挿入することを特徴とする全固体電池。,蒼海自動車,鈴木 健一,H01M4/134,審査中
特願2015-100155,2015/08/16,アルジロダイト型硫化物及びその製造方法,本発明は、アルジロダイト型硫化物に関する。従来技術ではイオン伝導度が実用水準に届かないという課題があった。本発明では、微粒子化と加圧成形条件を制御することにより、硫化水素の発生量を大幅に抑制する。これにより全固体リチウムイオン二次電池の実用化に寄与する。,アルジロダイト型硫化物を備え、微粒子化と加圧成形条件を制御することを特徴とする全固体電池。,みなと化学工業,清水 誠,H01B1/06;H01M10/0562,登録
特願2020-100230,2020/03/19,酸化物系固体電解質焼結体及びその製造方法,本発明は、酸化物系固体電解質焼結体に関する。従来技術ではリチウムデンドライトが粒界を伝播するという課題があった。本発明では、テープ成形により薄膜シート化することにより、低温プロセスでの量産性を高める。これにより全固体リチウムイオン二次電池の実用化に寄与する。,酸化物系固体電解質焼結体を備え、テープ成形により薄膜シート化することを特徴とする全固体電池。,東雲重工業,斎藤 誠,H01B1/08;H01M10/0562,公開
特願2024-100246,2024/10/12,酸化物系固体電解質焼結体を用いた全固体電池,本発明は、酸化物系固体電解質焼結体に関する。従来技術では焼結温度が高くエネルギーコストが大きいという課題があった。本発明では、焼結助剤を添加して低温焼結を可能にすることにより、デンドライト耐性を改善する。これにより全固体リチウムイオン二次電池の実用化に寄与する。,酸化物系固体電解質焼結体を備え、焼結助剤を添加して低温焼結を可能にすることを特徴とする全固体電池。,白鳳電機産業,木村 裕子;山本 修平,C04B35/486;H01B1/08,公開
特願2017-100049,2017/01/24,アルジロダイト型硫化物及びその製造方法,本発明は、アルジロダイト型硫化物に関する。従来技術ではイオン伝導度が実用水準に届かないという課題があった。本発明では、表面を酸化物系保護層で被覆することにより、充放電サイクル特性を改善する。これにより全固体リチウムイオン二次電池の実用化に寄与する。,アルジロダイト型硫化物を備え、表面を酸化物系保護層で被覆することを特徴とする全固体電池。,白鳳電機産業,伊藤 真一;松本 健一,C01B17/22;H01B1/06,登録
特願2021-100291,2021/10/19,NASICON型リン酸系酸化物を用いた全固体電池,本発明は、NASICON型リン酸系酸化物に関する。従来技術では焼結温度が高くエネルギーコストが大きいという課題があった。本発明では、粒界に非晶質層を導入することにより、デンドライト耐性を改善する。これにより全固体リチウムイオン二次電池の実用化に寄与する。,NASICON型リン酸系酸化物を備え、粒界に非晶質層を導入することを特徴とする全固体電池。,瀬戸内硝子,渡辺 静香;渡辺 恵,H01B1/08;H01M10/0562,公開
特願2025-100782,2025/07/26,加圧焼結積層工程及びその製造方法,本発明は、加圧焼結積層工程に関する。従来技術では溶媒系プロセスが電解質を劣化させるという課題があった。本発明では、乾式成膜により無溶媒で電極層を形成することにより、量産タクトを短縮する。これにより全固体リチウムイオン二次電池の実用化に寄与する。,加圧焼結積層工程を備え、乾式成膜により無溶媒で電極層を形成することを特徴とする全固体電池。,九曜電子,木村 裕子,H01M10/0585,公開
特願2018-100222,2018/12/11,NASICON型リン酸系酸化物を用いた全固体電池,本発明は、NASICON型リン酸系酸化物に関する。従来技術ではリチウムデンドライトが粒界を伝播するという課題があった。本発明では、ドーパント元素で結晶構造を安定化することにより、粒界抵抗を低減し伝導度を向上する。これにより全固体リチウムイオン二次電池の実用化に寄与する。,NASICON型リン酸系酸化物を備え、ドーパント元素で結晶構造を安定化することを特徴とする全固体電池。,蒼海自動車,林 健一;高橋 由美,H01B1/08;H01M10/0562,拒絶
特願2018-100267,2018/04/19,ガーネット型LLZO酸化物を用いた全固体電池,本発明は、ガーネット型LLZO酸化物に関する。従来技術ではリチウムデンドライトが粒界を伝播するという課題があった。本発明では、焼結助剤を添加して低温焼結を可能にすることにより、粒界抵抗を低減し伝導度を向上する。これにより全固体リチウムイオン二次電池の実用化に寄与する。,ガーネット型LLZO酸化物を備え、焼結助剤を添加して低温焼結を可能にすることを特徴とする全固体電池。,ハンビット電池,山口 浩二;渡辺 修平;佐藤 健一,C04B35/486;H01M10/0562,取下
特願2020-100011,2020/03/27,Li6PS5Cl固体電解質及びその製造方法,本発明は、Li6PS5Cl固体電解質に関する。従来技術では粒界での抵抗が大きいという課題があった。本発明では、微粒子化と加圧成形条件を制御することにより、硫化水素の発生量を大幅に抑制する。これにより全固体リチウムイオン二次電池の実用化に寄与する。,Li6PS5Cl固体電解質を備え、微粒子化と加圧成形条件を制御することを特徴とする全固体電池。,九曜電子,松本 浩二,H01B1/06;H01M10/0562,登録
特願2021-100431,2021/01/12,正極-電解質界面被覆層及びその製造方法,本発明は、正極-電解質界面被覆層に関する。従来技術では充放電に伴う体積変化で界面が剥離するという課題があった。本発明では、活物質表面に酸化物ナノ被覆層を形成することにより、サイクル後の容量維持率を改善する。これにより全固体リチウムイオン二次電池の実用化に寄与する。,正極-電解質界面被覆層を備え、活物質表面に酸化物ナノ被覆層を形成することを特徴とする全固体電池。,蒼海自動車,森 修平,H01M10/0562;H01M4/62,登録
特願2021-100792,2021/09/04,積層セルパッケージを用いた全固体電池,本発明は、積層セルパッケージに関する。従来技術では直列積層時の熱分布が不均一になるという課題があった。本発明では、弾性部材を介した均一拘束構造とすることにより、部品点数を削減する。これにより全固体リチウムイオン二次電池の実用化に寄与する。,積層セルパッケージを備え、弾性部材を介した均一拘束構造とすることを特徴とする全固体電池。,蒼海自動車,吉田 太郎,H01M10/613,公開
特願2018-100084,2018/02/11,硫化物系固体電解質を用いた全固体電池,本発明は、硫化物系固体電解質に関する。従来技術では大気中の水分と反応して硫化水素が発生するという課題があった。本発明では、微粒子化と加圧成形条件を制御することにより、充放電サイクル特性を改善する。これにより全固体リチウムイオン二次電池の実用化に寄与する。,硫化物系固体電解質を備え、微粒子化と加圧成形条件を制御することを特徴とする全固体電池。,蓬莱新能源,林 静香;木村 亮;井上 亮,C01B17/22;H01M10/0562,拒絶
特願2018-100048,2018/02/25,Li2S-P2S5系ガラスセラミックスを用いた全固体電池,本発明は、Li2S-P2S5系ガラスセラミックスに関する。従来技術では粒界での抵抗が大きいという課題があった。本発明では、ガラスセラミックス化の熱処理条件を最適化することにより、室温で高いリチウムイオン伝導度を実現する。これにより全固体リチウムイオン二次電池の実用化に寄与する。,Li2S-P2S5系ガラスセラミックスを備え、ガラスセラミックス化の熱処理条件を最適化することを特徴とする全固体電池。,九曜電子,小林 隆;佐藤 裕子;清水 美咲,H01B1/06;H01M10/0562,拒絶
特願2024-100637,2024/01/15,リチウム合金負極及びその製造方法,本発明は、リチウム合金負極に関する。従来技術では充電時にデンドライトが成長し短絡に至るという課題があった。本発明では、析出溶解を均一化する拘束圧構造を採用することにより、デンドライト発生を抑制し安全性を高める。これにより全固体リチウムイオン二次電池の実用化に寄与する。,リチウム合金負極を備え、析出溶解を均一化する拘束圧構造を採用することを特徴とする全固体電池。,若草セラミックス,鈴木 裕子;田中 修平,H01M4/134;H01M4/38,審査中
特願2022-100451,2022/03/06,正極-電解質界面被覆層及びその製造方法,本発明は、正極-電解質界面被覆層に関する。従来技術では複合正極内のイオン伝導経路が不連続になるという課題があった。本発明では、活物質表面に酸化物ナノ被覆層を形成することにより、サイクル後の容量維持率を改善する。これにより全固体リチウムイオン二次電池の実用化に寄与する。,正極-電解質界面被覆層を備え、活物質表面に酸化物ナノ被覆層を形成することを特徴とする全固体電池。,白鳳電機産業,森 香織;佐藤 直樹;山田 隆,H01M10/0562;H01M4/62,審査中
特願2017-100746,2017/12/08,乾式電極成形プロセス及びその製造方法,本発明は、乾式電極成形プロセスに関する。従来技術では大面積化すると均一な加圧が難しいという課題があった。本発明では、乾式成膜により無溶媒で電極層を形成することにより、量産タクトを短縮する。これにより全固体リチウムイオン二次電池の実用化に寄与する。,乾式電極成形プロセスを備え、乾式成膜により無溶媒で電極層を形成することを特徴とする全固体電池。,九曜電子,木村 太郎;伊藤 直樹;小林 恵,H01M10/0585,登録
特願2018-100492,2018/07/28,NCM系正極と固体電解質の複合体を用いた全固体電池,本発明は、NCM系正極と固体電解質の複合体に関する。従来技術では複合正極内のイオン伝導経路が不連続になるという課題があった。本発明では、スラリー混練条件を制御し均一分散させることにより、サイクル後の容量維持率を改善する。これにより全固体リチウムイオン二次電池の実用化に寄与する。,NCM系正極と固体電解質の複合体を備え、スラリー混練条件を制御し均一分散させることを特徴とする全固体電池。,汐留マテリアル,清水 浩二,H01M4/62,登録
特願2019-100831,2019/10/23,拘束圧付与機構を用いた全固体電池,本発明は、拘束圧付与機構に関する。従来技術では直列積層時の熱分布が不均一になるという課題があった。本発明では、冷却流路をモジュール内に一体成形することにより、温度分布を均一化し寿命を延ばす。これにより全固体リチウムイオン二次電池の実用化に寄与する。,拘束圧付与機構を備え、冷却流路をモジュール内に一体成形することを特徴とする全固体電池。,東雲重工業,森 拓也,H01M50/20;H01M50/509,取下
特願2021-100727,2021/02/08,乾式電極成形プロセス及びその製造方法,本発明は、乾式電極成形プロセスに関する。従来技術では積層時に層間に空隙が残り抵抗が増えるという課題があった。本発明では、乾式成膜により無溶媒で電極層を形成することにより、量産タクトを短縮する。これにより全固体リチウムイオン二次電池の実用化に寄与する。,乾式電極成形プロセスを備え、乾式成膜により無溶媒で電極層を形成することを特徴とする全固体電池。,蒼海自動車,木村 花子,B32B37/00;H01M10/0585,拒絶
特願2019-100839,2019/06/04,拘束圧付与機構及びその製造方法,本発明は、拘束圧付与機構に関する。従来技術では直列積層時の熱分布が不均一になるという課題があった。本発明では、弾性部材を介した均一拘束構造とすることにより、温度分布を均一化し寿命を延ばす。これにより全固体リチウムイオン二次電池の実用化に寄与する。,拘束圧付与機構を備え、弾性部材を介した均一拘束構造とすることを特徴とする全固体電池。,中央先端科学研究所,田中 健一,H01M50/509,登録
特願2019-100882,2019/11/22,ガーネット型LLZO酸化物を用いた全固体電池,本発明は、ガーネット型LLZO酸化物に関する。従来技術ではリチウムデンドライトが粒界を伝播するという課題があった。本発明では、ドーパント元素で結晶構造を安定化することにより、サイクル後の容量維持率を改善する。これにより全固体リチウムイオン二次電池の実用化に寄与する。,ガーネット型LLZO酸化物を備え、ドーパント元素で結晶構造を安定化することを特徴とする全固体電池。,蒼海自動車,井上 隆;小林 由美,C04B35/486;H01M10/0562,取下
特願2019-100450,2019/01/08,正極-電解質界面被覆層を用いた全固体電池,本発明は、正極-電解質界面被覆層に関する。従来技術では充放電に伴う体積変化で界面が剥離するという課題があった。本発明では、導電助剤と電解質の配合比を最適化することにより、サイクル後の容量維持率を改善する。これにより全固体リチウムイオン二次電池の実用化に寄与する。,正極-電解質界面被覆層を備え、導電助剤と電解質の配合比を最適化することを特徴とする全固体電池。,暁化成,小林 真一,H01M4/525;H01M4/62,審査中
特願2017-100797,2017/06/28,電池モジュール筐体及びその製造方法,本発明は、電池モジュール筐体に関する。従来技術ではセル拘束圧の維持と軽量化が両立しないという課題があった。本発明では、冷却流路をモジュール内に一体成形することにより、部品点数を削減する。これにより全固体リチウムイオン二次電池の実用化に寄与する。,電池モジュール筐体を備え、冷却流路をモジュール内に一体成形することを特徴とする全固体電池。,中央先端科学研究所,加藤 真一;高橋 誠;加藤 望,H01M10/613;H01M50/509,拒絶
特願2016-100856,2016/07/16,積層セルパッケージ及びその製造方法,本発明は、積層セルパッケージに関する。従来技術では直列積層時の熱分布が不均一になるという課題があった。本発明では、バイポーラ集電体で直列接続を内蔵化することにより、部品点数を削減する。これにより全固体リチウムイオン二次電池の実用化に寄与する。,積層セルパッケージを備え、バイポーラ集電体で直列接続を内蔵化することを特徴とする全固体電池。,ハンビット電池,鈴木 香織,H01M50/20;H01M50/509,取下
特願2022-100603,2022/10/07,リチウム合金負極を用いた全固体電池,本発明は、リチウム合金負極に関する。従来技術では充電時にデンドライトが成長し短絡に至るという課題があった。本発明では、析出溶解を均一化する拘束圧構造を採用することにより、デンドライト発生を抑制し安全性を高める。これにより全固体リチウムイオン二次電池の実用化に寄与する。,リチウム合金負極を備え、析出溶解を均一化する拘束圧構造を採用することを特徴とする全固体電池。,白樺電工,林 大輔;小林 静香,H01M4/134,公開
特願2022-100474,2022/09/28,ニオブ酸リチウム被覆正極活物質を用いた全固体電池,本発明は、ニオブ酸リチウム被覆正極活物質に関する。従来技術では充放電に伴う体積変化で界面が剥離するという課題があった。本発明では、活物質表面に酸化物ナノ被覆層を形成することにより、界面抵抗を低減し出力特性を高める。これにより全固体リチウムイオン二次電池の実用化に寄与する。,ニオブ酸リチウム被覆正極活物質を備え、活物質表面に酸化物ナノ被覆層を形成することを特徴とする全固体電池。,白鳳電機産業,渡辺 隆,H01M4/525;H01M4/62,公開
特願2018-100685,2018/12/23,全固体電池の積層体及びその製造方法,本発明は、全固体電池の積層体に関する。従来技術では溶媒系プロセスが電解質を劣化させるという課題があった。本発明では、ロールプレスの線圧条件を段階制御することにより、層間密着性を高め内部抵抗を低減する。これにより全固体リチウムイオン二次電池の実用化に寄与する。,全固体電池の積層体を備え、ロールプレスの線圧条件を段階制御することを特徴とする全固体電池。,汐留マテリアル,斎藤 望,B32B37/00;H01M10/0585,登録
特願2022-100664,2022/08/03,電極シート成形装置及びその製造方法,本発明は、電極シート成形装置に関する。従来技術では大面積化すると均一な加圧が難しいという課題があった。本発明では、乾式成膜により無溶媒で電極層を形成することにより、層間密着性を高め内部抵抗を低減する。これにより全固体リチウムイオン二次電池の実用化に寄与する。,電極シート成形装置を備え、乾式成膜により無溶媒で電極層を形成することを特徴とする全固体電池。,常盤田精機,渡辺 裕子,B32B37/00;H01M10/0585,公開
特願2020-100393,2020/09/21,複合正極合材を用いた全固体電池,本発明は、複合正極合材に関する。従来技術では正極活物質と硫化物電解質の界面で高抵抗層が形成されるという課題があった。本発明では、スラリー混練条件を制御し均一分散させることにより、サイクル後の容量維持率を改善する。これにより全固体リチウムイオン二次電池の実用化に寄与する。,複合正極合材を備え、スラリー混練条件を制御し均一分散させることを特徴とする全固体電池。,九曜電子,井上 修平;吉田 太郎,H01M4/525;H01M4/62,拒絶
特願2018-100384,2018/07/12,NCM系正極と固体電解質の複合体を用いた全固体電池,本発明は、NCM系正極と固体電解質の複合体に関する。従来技術では正極活物質と硫化物電解質の界面で高抵抗層が形成されるという課題があった。本発明では、スラリー混練条件を制御し均一分散させることにより、電極内の利用率を向上する。これにより全固体リチウムイオン二次電池の実用化に寄与する。,NCM系正極と固体電解質の複合体を備え、スラリー混練条件を制御し均一分散させることを特徴とする全固体電池。,蒼海自動車,高橋 恵;田中 修平,H01M4/62,取下
特願2022-100535,2022/04/27,リチウム合金負極及びその製造方法,本発明は、リチウム合金負極に関する。従来技術では充電時にデンドライトが成長し短絡に至るという課題があった。本発明では、固体電解質との界面に緩衝層を挿入することにより、エネルギー密度を大幅に向上する。これにより全固体リチウムイオン二次電池の実用化に寄与する。,リチウム合金負極を備え、固体電解質との界面に緩衝層を挿入することを特徴とする全固体電池。,汐留マテリアル,山田 隆,H01M4/134;H01M4/38,審査中
特願2021-100387,2021/12/13,複合正極合材を用いた全固体電池,本発明は、複合正極合材に関する。従来技術では正極活物質と硫化物電解質の界面で高抵抗層が形成されるという課題があった。本発明では、スラリー混練条件を制御し均一分散させることにより、サイクル後の容量維持率を改善する。これにより全固体リチウムイオン二次電池の実用化に寄与する。,複合正極合材を備え、スラリー混練条件を制御し均一分散させることを特徴とする全固体電池。,九曜電子,山口 裕子;松本 修平,H01M10/0562;H01M4/525,登録
特願2022-100626,2022/09/02,無負極型集電体構造及びその製造方法,本発明は、無負極型集電体構造に関する。従来技術では負極と電解質の界面で副反応が進行するという課題があった。本発明では、析出溶解を均一化する拘束圧構造を採用することにより、エネルギー密度を大幅に向上する。これにより全固体リチウムイオン二次電池の実用化に寄与する。,無負極型集電体構造を備え、析出溶解を均一化する拘束圧構造を採用することを特徴とする全固体電池。,燕岳鉱業,松本 浩二;田中 拓也,H01M4/134;H01M4/38,公開
特願2021-100104,2021/04/05,Li6PS5Cl固体電解質及びその製造方法,本発明は、Li6PS5Cl固体電解質に関する。従来技術では大気中の水分と反応して硫化水素が発生するという課題があった。本発明では、微粒子化と加圧成形条件を制御することにより、硫化水素の発生量を大幅に抑制する。これにより全固体リチウムイオン二次電池の実用化に寄与する。,Li6PS5Cl固体電解質を備え、微粒子化と加圧成形条件を制御することを特徴とする全固体電池。,北斗モータース,山口 美咲,C01B17/22;H01B1/06,登録
特願2018-100025,2018/05/02,硫化物系固体電解質及びその製造方法,本発明は、硫化物系固体電解質に関する。従来技術では粒界での抵抗が大きいという課題があった。本発明では、表面を酸化物系保護層で被覆することにより、室温で高いリチウムイオン伝導度を実現する。これにより全固体リチウムイオン二次電池の実用化に寄与する。,硫化物系固体電解質を備え、表面を酸化物系保護層で被覆することを特徴とする全固体電池。,暁化成,山田 誠,H01B1/06,登録
特願2016-100323,2016/08/17,架橋ゲルポリマー電解質及びその製造方法,本発明は、架橋ゲルポリマー電解質に関する。従来技術では電位窓が狭く高電圧正極に適用できないという課題があった。本発明では、可塑剤と無機フィラーを複合化することにより、柔軟性と伝導度を両立する。これにより全固体リチウムイオン二次電池の実用化に寄与する。,架橋ゲルポリマー電解質を備え、可塑剤と無機フィラーを複合化することを特徴とする全固体電池。,みなと化学工業,山口 修平;清水 隆,C08J5/22;H01M10/0565,登録
特願2021-100903,2021/10/02,Li2S-P2S5系ガラスセラミックスを用いた全固体電池,本発明は、Li2S-P2S5系ガラスセラミックスに関する。従来技術ではイオン伝導度が実用水準に届かないという課題があった。本発明では、ガラスセラミックス化の熱処理条件を最適化することにより、粒界抵抗を低減し伝導度を向上する。これにより全固体リチウムイオン二次電池の実用化に寄与する。,Li2S-P2S5系ガラスセラミックスを備え、ガラスセラミックス化の熱処理条件を最適化することを特徴とする全固体電池。,みなと化学工業,高橋 修平,C01B17/22,公開
特願2022-100281,2022/07/03,酸化物系固体電解質焼結体及びその製造方法,本発明は、酸化物系固体電解質焼結体に関する。従来技術ではリチウムデンドライトが粒界を伝播するという課題があった。本発明では、テープ成形により薄膜シート化することにより、デンドライト耐性を改善する。これにより全固体リチウムイオン二次電池の実用化に寄与する。,酸化物系固体電解質焼結体を備え、テープ成形により薄膜シート化することを特徴とする全固体電池。,燕岳鉱業,林 浩二;鈴木 美咲;吉田 裕子,C04B35/486;H01B1/08,公開
特願2023-100165,2023/08/16,アルジロダイト型硫化物を用いた全固体電池,本発明は、アルジロダイト型硫化物に関する。従来技術では電極との界面抵抗が増大するという課題があった。本発明では、ガラスセラミックス化の熱処理条件を最適化することにより、充放電サイクル特性を改善する。これにより全固体リチウムイオン二次電池の実用化に寄与する。,アルジロダイト型硫化物を備え、ガラスセラミックス化の熱処理条件を最適化することを特徴とする全固体電池。,常盤田精機,吉田 彩;小林 裕子;吉田 望,C01B17/22;H01M10/0562,公開
特願2019-100377,2019/09/04,リチウム塩含有ポリマー膜及びその製造方法,本発明は、リチウム塩含有ポリマー膜に関する。従来技術では室温でのイオン伝導度が低いという課題があった。本発明では、ブロック共重合体で相分離構造を制御することにより、柔軟性と伝導度を両立する。これにより全固体リチウムイオン二次電池の実用化に寄与する。,リチウム塩含有ポリマー膜を備え、ブロック共重合体で相分離構造を制御することを特徴とする全固体電池。,若草セラミックス,中村 花子;清水 大輔,H01B1/12,拒絶
特願2022-100429,2022/02/13,NCM系正極と固体電解質の複合体を用いた全固体電池,本発明は、NCM系正極と固体電解質の複合体に関する。従来技術では正極活物質と硫化物電解質の界面で高抵抗層が形成されるという課題があった。本発明では、活物質表面に酸化物ナノ被覆層を形成することにより、界面抵抗を低減し出力特性を高める。これにより全固体リチウムイオン二次電池の実用化に寄与する。,NCM系正極と固体電解質の複合体を備え、活物質表面に酸化物ナノ被覆層を形成することを特徴とする全固体電池。,九曜電子,山本 恵,H01M4/525;H01M4/62,審査中
特願2021-100339,2021/12/05,リチウム塩含有ポリマー膜を用いた全固体電池,本発明は、リチウム塩含有ポリマー膜に関する。従来技術では機械的強度と柔軟性の両立が難しいという課題があった。本発明では、紫外線架橋により三次元網目構造を形成することにより、薄膜大面積化を容易にする。これにより全固体リチウムイオン二次電池の実用化に寄与する。,リチウム塩含有ポリマー膜を備え、紫外線架橋により三次元網目構造を形成することを特徴とする全固体電池。,白鳳電機産業,小林 真一;小林 花子,H01B1/12;H01M10/0565,審査中
特願2023-100532,2023/08/23,無負極型集電体構造及びその製造方法,本発明は、無負極型集電体構造に関する。従来技術ではリチウムの不均一析出で容量が劣化するという課題があった。本発明では、集電体表面に親リチウム性シード層を設けることにより、エネルギー密度を大幅に向上する。これにより全固体リチウムイオン二次電池の実用化に寄与する。,無負極型集電体構造を備え、集電体表面に親リチウム性シード層を設けることを特徴とする全固体電池。,白鳳電機産業,佐藤 裕子;加藤 誠;伊藤 裕子,H01M4/134;H01M4/38,審査中
特願2023-100193,2023/04/10,酸化物系固体電解質焼結体及びその製造方法,本発明は、酸化物系固体電解質焼結体に関する。従来技術では焼結温度が高くエネルギーコストが大きいという課題があった。本発明では、焼結助剤を添加して低温焼結を可能にすることにより、粒界抵抗を低減し伝導度を向上する。これにより全固体リチウムイオン二次電池の実用化に寄与する。,酸化物系固体電解質焼結体を備え、焼結助剤を添加して低温焼結を可能にすることを特徴とする全固体電池。,常盤田精機,中村 直樹;高橋 直樹;吉田 裕子,H01M10/0562,審査中
特願2023-100259,2023/10/12,ペロブスカイト型酸化物電解質及びその製造方法,本発明は、ペロブスカイト型酸化物電解質に関する。従来技術ではリチウムデンドライトが粒界を伝播するという課題があった。本発明では、粒界に非晶質層を導入することにより、粒界抵抗を低減し伝導度を向上する。これにより全固体リチウムイオン二次電池の実用化に寄与する。,ペロブスカイト型酸化物電解質を備え、粒界に非晶質層を導入することを特徴とする全固体電池。,菫マテリアルズ,山田 直樹;加藤 健一;加藤 太郎,C04B35/486;H01B1/08,公開
特願2018-100289,2018/04/18,ガーネット型LLZO酸化物及びその製造方法,本発明は、ガーネット型LLZO酸化物に関する。従来技術では粒界抵抗がイオン伝導を阻害するという課題があった。本発明では、テープ成形により薄膜シート化することにより、低温プロセスでの量産性を高める。これにより全固体リチウムイオン二次電池の実用化に寄与する。,ガーネット型LLZO酸化物を備え、テープ成形により薄膜シート化することを特徴とする全固体電池。,北斗モータース,鈴木 美咲;高橋 由美,C04B35/486;H01B1/08,拒絶
特願2023-100296,2023/05/19,酸化物系固体電解質焼結体及びその製造方法,本発明は、酸化物系固体電解質焼結体に関する。従来技術では焼結温度が高くエネルギーコストが大きいという課題があった。本発明では、テープ成形により薄膜シート化することにより、粒界抵抗を低減し伝導度を向上する。これにより全固体リチウムイオン二次電池の実用化に寄与する。,酸化物系固体電解質焼結体を備え、テープ成形により薄膜シート化することを特徴とする全固体電池。,白鳳電機産業,清水 香織,H01B1/08;H01M10/0562,公開
特願2020-100183,2020/10/03,ペロブスカイト型酸化物電解質を用いた全固体電池,本発明は、ペロブスカイト型酸化物電解質に関する。従来技術では薄膜化すると機械的強度が不足するという課題があった。本発明では、粒界に非晶質層を導入することにより、デンドライト耐性を改善する。これにより全固体リチウムイオン二次電池の実用化に寄与する。,ペロブスカイト型酸化物電解質を備え、粒界に非晶質層を導入することを特徴とする全固体電池。,燕岳鉱業,斎藤 美咲,C04B35/486;H01M10/0562,拒絶
特願2023-100598,2023/10/24,リチウム析出制御層及びその製造方法,本発明は、リチウム析出制御層に関する。従来技術では負極と電解質の界面で副反応が進行するという課題があった。本発明では、集電体表面に親リチウム性シード層を設けることにより、クーロン効率を改善する。これにより全固体リチウムイオン二次電池の実用化に寄与する。,リチウム析出制御層を備え、集電体表面に親リチウム性シード層を設けることを特徴とする全固体電池。,蒼海自動車,小林 隆;林 彩;木村 裕子,H01M4/38,審査中
特願2024-100569,2024/03/15,無負極型集電体構造及びその製造方法,本発明は、無負極型集電体構造に関する。従来技術では充電時にデンドライトが成長し短絡に至るという課題があった。本発明では、固体電解質との界面に緩衝層を挿入することにより、エネルギー密度を大幅に向上する。これにより全固体リチウムイオン二次電池の実用化に寄与する。,無負極型集電体構造を備え、固体電解質との界面に緩衝層を挿入することを特徴とする全固体電池。,暁化成,加藤 太郎,H01M10/052;H01M4/134,公開
特願2024-100960,2024/11/04,加圧焼結積層工程を用いた全固体電池,本発明は、加圧焼結積層工程に関する。従来技術では積層時に層間に空隙が残り抵抗が増えるという課題があった。本発明では、乾式成膜により無溶媒で電極層を形成することにより、薄膜大面積化を容易にする。これにより全固体リチウムイオン二次電池の実用化に寄与する。,加圧焼結積層工程を備え、乾式成膜により無溶媒で電極層を形成することを特徴とする全固体電池。,蒼海自動車,井上 誠;渡辺 健一;伊藤 拓也,H01M10/0585;H01M4/04,審査中
特願2025-100939,2025/09/18,加圧焼結積層工程を用いた全固体電池,本発明は、加圧焼結積層工程に関する。従来技術では積層時に層間に空隙が残り抵抗が増えるという課題があった。本発明では、等方加圧により積層界面を密着させることにより、エネルギー密度を大幅に向上する。これにより全固体リチウムイオン二次電池の実用化に寄与する。,加圧焼結積層工程を備え、等方加圧により積層界面を密着させることを特徴とする全固体電池。,蒼海自動車,山田 恵,B32B37/00;H01M4/04,公開
特願2017-100242,2017/03/12,ガーネット型LLZO酸化物及びその製造方法,本発明は、ガーネット型LLZO酸化物に関する。従来技術では粒界抵抗がイオン伝導を阻害するという課題があった。本発明では、焼結助剤を添加して低温焼結を可能にすることにより、粒界抵抗を低減し伝導度を向上する。これにより全固体リチウムイオン二次電池の実用化に寄与する。,ガーネット型LLZO酸化物を備え、焼結助剤を添加して低温焼結を可能にすることを特徴とする全固体電池。,白鳳電機産業,山田 香織;林 静香,C04B35/486;H01M10/0562,登録
特願2022-100436,2022/10/21,NCM系正極と固体電解質の複合体及びその製造方法,本発明は、NCM系正極と固体電解質の複合体に関する。従来技術では複合正極内のイオン伝導経路が不連続になるという課題があった。本発明では、導電助剤と電解質の配合比を最適化することにより、界面抵抗を低減し出力特性を高める。これにより全固体リチウムイオン二次電池の実用化に寄与する。,NCM系正極と固体電解質の複合体を備え、導電助剤と電解質の配合比を最適化することを特徴とする全固体電池。,東雲重工業,田中 裕子;清水 香織;小林 望,H01M4/62,公開
特願2021-100148,2021/11/17,硫化物系固体電解質及びその製造方法,本発明は、硫化物系固体電解質に関する。従来技術では大気中の水分と反応して硫化水素が発生するという課題があった。本発明では、ハロゲン元素を部分置換した組成とすることにより、室温で高いリチウムイオン伝導度を実現する。これにより全固体リチウムイオン二次電池の実用化に寄与する。,硫化物系固体電解質を備え、ハロゲン元素を部分置換した組成とすることを特徴とする全固体電池。,燕岳鉱業,加藤 望,H01M10/0562,拒絶
特願2018-100827,2018/07/25,拘束圧付与機構及びその製造方法,本発明は、拘束圧付与機構に関する。従来技術ではセル拘束圧の維持と軽量化が両立しないという課題があった。本発明では、冷却流路をモジュール内に一体成形することにより、温度分布を均一化し寿命を延ばす。これにより全固体リチウムイオン二次電池の実用化に寄与する。,拘束圧付与機構を備え、冷却流路をモジュール内に一体成形することを特徴とする全固体電池。,九曜電子,伊藤 望;加藤 修平;林 静香,H01M10/613,登録
特願2016-100836,2016/04/17,電池モジュール筐体及びその製造方法,本発明は、電池モジュール筐体に関する。従来技術では端子部の接触抵抗が大きいという課題があった。本発明では、弾性部材を介した均一拘束構造とすることにより、体積エネルギー密度を高める。これにより全固体リチウムイオン二次電池の実用化に寄与する。,電池モジュール筐体を備え、弾性部材を介した均一拘束構造とすることを特徴とする全固体電池。,暁化成,田中 真一,H01M10/613;H01M50/20,拒絶
特願2023-100415,2023/03/01,複合正極合材及びその製造方法,本発明は、複合正極合材に関する。従来技術では正極活物質と硫化物電解質の界面で高抵抗層が形成されるという課題があった。本発明では、活物質表面に酸化物ナノ被覆層を形成することにより、電極内の利用率を向上する。これにより全固体リチウムイオン二次電池の実用化に寄与する。,複合正極合材を備え、活物質表面に酸化物ナノ被覆層を形成することを特徴とする全固体電池。,北斗モータース,鈴木 直樹,H01M10/0562;H01M4/525,公開
特願2020-100500,2020/10/11,正極-電解質界面被覆層及びその製造方法,本発明は、正極-電解質界面被覆層に関する。従来技術では正極活物質と硫化物電解質の界面で高抵抗層が形成されるという課題があった。本発明では、スラリー混練条件を制御し均一分散させることにより、サイクル後の容量維持率を改善する。これにより全固体リチウムイオン二次電池の実用化に寄与する。,正極-電解質界面被覆層を備え、スラリー混練条件を制御し均一分散させることを特徴とする全固体電池。,瀬戸内硝子,清水 裕子;山本 由美;加藤 拓也,H01M10/0562;H01M4/525,登録
特願2015-100723,2015/06/28,電極シート成形装置を用いた全固体電池,本発明は、電極シート成形装置に関する。従来技術では大面積化すると均一な加圧が難しいという課題があった。本発明では、乾式成膜により無溶媒で電極層を形成することにより、製造コストを削減する。これにより全固体リチウムイオン二次電池の実用化に寄与する。,電極シート成形装置を備え、乾式成膜により無溶媒で電極層を形成することを特徴とする全固体電池。,蒼海自動車,小林 修平;加藤 拓也;斎藤 浩二,B32B37/00;H01M4/04,登録
特願2017-100276,2017/06/23,ガーネット型LLZO酸化物を用いた全固体電池,本発明は、ガーネット型LLZO酸化物に関する。従来技術では薄膜化すると機械的強度が不足するという課題があった。本発明では、焼結助剤を添加して低温焼結を可能にすることにより、デンドライト耐性を改善する。これにより全固体リチウムイオン二次電池の実用化に寄与する。,ガーネット型LLZO酸化物を備え、焼結助剤を添加して低温焼結を可能にすることを特徴とする全固体電池。,遠州電池,伊藤 亮;伊藤 美咲,H01M10/0562,登録
特願2024-100667,2024/11/21,全固体電池の積層体及びその製造方法,本発明は、全固体電池の積層体に関する。従来技術では溶媒系プロセスが電解質を劣化させるという課題があった。本発明では、ロールプレスの線圧条件を段階制御することにより、製造コストを削減する。これにより全固体リチウムイオン二次電池の実用化に寄与する。,全固体電池の積層体を備え、ロールプレスの線圧条件を段階制御することを特徴とする全固体電池。,瀬戸内硝子,田中 美咲;伊藤 誠,B32B37/00;H01M4/04,公開
特願2017-100847,2017/04/01,積層セルパッケージ及びその製造方法,本発明は、積層セルパッケージに関する。従来技術ではセル拘束圧の維持と軽量化が両立しないという課題があった。本発明では、弾性部材を介した均一拘束構造とすることにより、体積エネルギー密度を高める。これにより全固体リチウムイオン二次電池の実用化に寄与する。,積層セルパッケージを備え、弾性部材を介した均一拘束構造とすることを特徴とする全固体電池。,瀬戸内硝子,森 誠,H01M50/509,登録
特願2021-100765,2021/02/25,電極シート成形装置を用いた全固体電池,本発明は、電極シート成形装置に関する。従来技術では積層時に層間に空隙が残り抵抗が増えるという課題があった。本発明では、乾式成膜により無溶媒で電極層を形成することにより、量産タクトを短縮する。これにより全固体リチウムイオン二次電池の実用化に寄与する。,電極シート成形装置を備え、乾式成膜により無溶媒で電極層を形成することを特徴とする全固体電池。,白鳳電機産業,山田 恵;松本 直樹;高橋 浩二,B32B37/00,取下
特願2018-100030,2018/09/24,Li2S-P2S5系ガラスセラミックスを用いた全固体電池,本発明は、Li2S-P2S5系ガラスセラミックスに関する。従来技術では電極との界面抵抗が増大するという課題があった。本発明では、ガラスセラミックス化の熱処理条件を最適化することにより、充放電サイクル特性を改善する。これにより全固体リチウムイオン二次電池の実用化に寄与する。,Li2S-P2S5系ガラスセラミックスを備え、ガラスセラミックス化の熱処理条件を最適化することを特徴とする全固体電池。,蒼海自動車,渡辺 亮;吉田 亮,H01B1/06;H01M10/0562,登録
特願2023-100454,2023/03/28,ニオブ酸リチウム被覆正極活物質及びその製造方法,本発明は、ニオブ酸リチウム被覆正極活物質に関する。従来技術では充放電に伴う体積変化で界面が剥離するという課題があった。本発明では、スラリー混練条件を制御し均一分散させることにより、界面抵抗を低減し出力特性を高める。これにより全固体リチウムイオン二次電池の実用化に寄与する。,ニオブ酸リチウム被覆正極活物質を備え、スラリー混練条件を制御し均一分散させることを特徴とする全固体電池。,ソルグリーンエナジー,佐藤 直樹;木村 拓也,H01M10/0562;H01M4/62,登録
特願2018-100642,2018/11/25,リチウム金属負極を用いた全固体電池,本発明は、リチウム金属負極に関する。従来技術では充電時にデンドライトが成長し短絡に至るという課題があった。本発明では、集電体表面に親リチウム性シード層を設けることにより、デンドライト発生を抑制し安全性を高める。これにより全固体リチウムイオン二次電池の実用化に寄与する。,リチウム金属負極を備え、集電体表面に親リチウム性シード層を設けることを特徴とする全固体電池。,遠州電池,山口 裕子,H01M4/134;H01M4/38,登録
特願2016-100644,2016/08/23,無負極型集電体構造及びその製造方法,本発明は、無負極型集電体構造に関する。従来技術では充電時にデンドライトが成長し短絡に至るという課題があった。本発明では、集電体表面に親リチウム性シード層を設けることにより、デンドライト発生を抑制し安全性を高める。これにより全固体リチウムイオン二次電池の実用化に寄与する。,無負極型集電体構造を備え、集電体表面に親リチウム性シード層を設けることを特徴とする全固体電池。,汐留マテリアル,小林 恵;佐藤 亮,H01M4/134;H01M4/38,登録
特願2023-100776,2023/06/16,電極シート成形装置及びその製造方法,本発明は、電極シート成形装置に関する。従来技術では大面積化すると均一な加圧が難しいという課題があった。本発明では、乾式成膜により無溶媒で電極層を形成することにより、層間密着性を高め内部抵抗を低減する。これにより全固体リチウムイオン二次電池の実用化に寄与する。,電極シート成形装置を備え、乾式成膜により無溶媒で電極層を形成することを特徴とする全固体電池。,みなと化学工業,佐藤 望,H01M10/0585;H01M4/04,審査中
特願2019-100157,2019/10/09,アルジロダイト型硫化物及びその製造方法,本発明は、アルジロダイト型硫化物に関する。従来技術ではイオン伝導度が実用水準に届かないという課題があった。本発明では、ハロゲン元素を部分置換した組成とすることにより、室温で高いリチウムイオン伝導度を実現する。これにより全固体リチウムイオン二次電池の実用化に寄与する。,アルジロダイト型硫化物を備え、ハロゲン元素を部分置換した組成とすることを特徴とする全固体電池。,蒼海自動車,井上 裕子;松本 直樹;清水 浩二,H01B1/06,登録
特願2020-100922,2020/04/12,乾式電極成形プロセス及びその製造方法,本発明は、乾式電極成形プロセスに関する。従来技術では大面積化すると均一な加圧が難しいという課題があった。本発明では、ロールプレスの線圧条件を段階制御することにより、部品点数を削減する。これにより全固体リチウムイオン二次電池の実用化に寄与する。,乾式電極成形プロセスを備え、ロールプレスの線圧条件を段階制御することを特徴とする全固体電池。,みなと化学工業,林 浩二,H01M4/04,拒絶
特願2024-100900,2024/11/13,NCM系正極と固体電解質の複合体を用いた全固体電池,本発明は、NCM系正極と固体電解質の複合体に関する。従来技術では複合正極内のイオン伝導経路が不連続になるという課題があった。本発明では、活物質表面に酸化物ナノ被覆層を形成することにより、充放電サイクル特性を改善する。これにより全固体リチウムイオン二次電池の実用化に寄与する。,NCM系正極と固体電解質の複合体を備え、活物質表面に酸化物ナノ被覆層を形成することを特徴とする全固体電池。,蒼海自動車,松本 隆;山口 健一,H01M4/525;H01M4/62,審査中
特願2023-100263,2023/06/05,NASICON型リン酸系酸化物及びその製造方法,本発明は、NASICON型リン酸系酸化物に関する。従来技術では焼結温度が高くエネルギーコストが大きいという課題があった。本発明では、焼結助剤を添加して低温焼結を可能にすることにより、デンドライト耐性を改善する。これにより全固体リチウムイオン二次電池の実用化に寄与する。,NASICON型リン酸系酸化物を備え、焼結助剤を添加して低温焼結を可能にすることを特徴とする全固体電池。,蒼海自動車,山本 亮,C04B35/486;H01B1/08,登録
特願2017-100725,2017/08/10,乾式電極成形プロセス及びその製造方法,本発明は、乾式電極成形プロセスに関する。従来技術では積層時に層間に空隙が残り抵抗が増えるという課題があった。本発明では、乾式成膜により無溶媒で電極層を形成することにより、製造コストを削減する。これにより全固体リチウムイオン二次電池の実用化に寄与する。,乾式電極成形プロセスを備え、乾式成膜により無溶媒で電極層を形成することを特徴とする全固体電池。,燕岳鉱業,小林 花子,B32B37/00;H01M4/04,拒絶
特願2022-100959,2022/05/02,正極-電解質界面被覆層及びその製造方法,本発明は、正極-電解質界面被覆層に関する。従来技術では正極活物質と硫化物電解質の界面で高抵抗層が形成されるという課題があった。本発明では、活物質表面に酸化物ナノ被覆層を形成することにより、層間密着性を高め内部抵抗を低減する。これにより全固体リチウムイオン二次電池の実用化に寄与する。,正極-電解質界面被覆層を備え、活物質表面に酸化物ナノ被覆層を形成することを特徴とする全固体電池。,燕岳鉱業,小林 隆;中村 直樹,H01M10/0562;H01M4/525,公開
特願2022-100520,2022/07/09,NCM系正極と固体電解質の複合体及びその製造方法,本発明は、NCM系正極と固体電解質の複合体に関する。従来技術では充放電に伴う体積変化で界面が剥離するという課題があった。本発明では、スラリー混練条件を制御し均一分散させることにより、界面抵抗を低減し出力特性を高める。これにより全固体リチウムイオン二次電池の実用化に寄与する。,NCM系正極と固体電解質の複合体を備え、スラリー混練条件を制御し均一分散させることを特徴とする全固体電池。,白鳳電機産業,山本 誠;渡辺 望,H01M4/525,公開
特願2023-100705,2023/11/19,乾式電極成形プロセスを用いた全固体電池,本発明は、乾式電極成形プロセスに関する。従来技術では大面積化すると均一な加圧が難しいという課題があった。本発明では、乾式成膜により無溶媒で電極層を形成することにより、製造コストを削減する。これにより全固体リチウムイオン二次電池の実用化に寄与する。,乾式電極成形プロセスを備え、乾式成膜により無溶媒で電極層を形成することを特徴とする全固体電池。,常盤田精機,山本 拓也;加藤 恵;田中 拓也,H01M10/0585,公開
特願2017-100095,2017/09/14,Li6PS5Cl固体電解質及びその製造方法,本発明は、Li6PS5Cl固体電解質に関する。従来技術では粒界での抵抗が大きいという課題があった。本発明では、微粒子化と加圧成形条件を制御することにより、硫化水素の発生量を大幅に抑制する。これにより全固体リチウムイオン二次電池の実用化に寄与する。,Li6PS5Cl固体電解質を備え、微粒子化と加圧成形条件を制御することを特徴とする全固体電池。,みなと化学工業,山本 由美,C01B17/22;H01M10/0562,取下
特願2025-100430,2025/06/16,NCM系正極と固体電解質の複合体及びその製造方法,本発明は、NCM系正極と固体電解質の複合体に関する。従来技術では複合正極内のイオン伝導経路が不連続になるという課題があった。本発明では、活物質表面に酸化物ナノ被覆層を形成することにより、サイクル後の容量維持率を改善する。これにより全固体リチウムイオン二次電池の実用化に寄与する。,NCM系正極と固体電解質の複合体を備え、活物質表面に酸化物ナノ被覆層を形成することを特徴とする全固体電池。,蒼海自動車,加藤 由美;中村 由美;森 裕子,H01M4/525;H01M4/62,公開
特願2015-100817,2015/03/23,拘束圧付与機構及びその製造方法,本発明は、拘束圧付与機構に関する。従来技術では端子部の接触抵抗が大きいという課題があった。本発明では、弾性部材を介した均一拘束構造とすることにより、体積エネルギー密度を高める。これにより全固体リチウムイオン二次電池の実用化に寄与する。,拘束圧付与機構を備え、弾性部材を介した均一拘束構造とすることを特徴とする全固体電池。,蒼海自動車,山田 太郎;田中 亮,H01M50/20,登録
特願2019-100150,2019/09/28,硫化物系固体電解質を用いた全固体電池,本発明は、硫化物系固体電解質に関する。従来技術ではイオン伝導度が実用水準に届かないという課題があった。本発明では、微粒子化と加圧成形条件を制御することにより、室温で高いリチウムイオン伝導度を実現する。これにより全固体リチウムイオン二次電池の実用化に寄与する。,硫化物系固体電解質を備え、微粒子化と加圧成形条件を制御することを特徴とする全固体電池。,蒼海自動車,山本 隆;森 亮,C01B17/22;H01B1/06,審査中
特願2022-100274,2022/01/10,酸化物系固体電解質焼結体及びその製造方法,本発明は、酸化物系固体電解質焼結体に関する。従来技術では粒界抵抗がイオン伝導を阻害するという課題があった。本発明では、粒界に非晶質層を導入することにより、デンドライト耐性を改善する。これにより全固体リチウムイオン二次電池の実用化に寄与する。,酸化物系固体電解質焼結体を備え、粒界に非晶質層を導入することを特徴とする全固体電池。,白鳳電機産業,山田 健一,C04B35/486;H01B1/08,審査中
特願2017-100064,2017/05/09,Li6PS5Cl固体電解質及びその製造方法,本発明は、Li6PS5Cl固体電解質に関する。従来技術では大気中の水分と反応して硫化水素が発生するという課題があった。本発明では、微粒子化と加圧成形条件を制御することにより、室温で高いリチウムイオン伝導度を実現する。これにより全固体リチウムイオン二次電池の実用化に寄与する。,Li6PS5Cl固体電解質を備え、微粒子化と加圧成形条件を制御することを特徴とする全固体電池。,燕岳鉱業,鈴木 望;山本 直樹;高橋 修平,H01B1/06;H01M10/0562,取下
特願2020-100359,2020/03/03,リチウム塩含有ポリマー膜及びその製造方法,本発明は、リチウム塩含有ポリマー膜に関する。従来技術では室温でのイオン伝導度が低いという課題があった。本発明では、紫外線架橋により三次元網目構造を形成することにより、薄膜大面積化を容易にする。これにより全固体リチウムイオン二次電池の実用化に寄与する。,リチウム塩含有ポリマー膜を備え、紫外線架橋により三次元網目構造を形成することを特徴とする全固体電池。,東雲重工業,鈴木 由美,C08J5/22;H01M10/0565,拒絶
特願2017-100327,2017/01/09,リチウム塩含有ポリマー膜を用いた全固体電池,本発明は、リチウム塩含有ポリマー膜に関する。従来技術では室温でのイオン伝導度が低いという課題があった。本発明では、ブロック共重合体で相分離構造を制御することにより、薄膜大面積化を容易にする。これにより全固体リチウムイオン二次電池の実用化に寄与する。,リチウム塩含有ポリマー膜を備え、ブロック共重合体で相分離構造を制御することを特徴とする全固体電池。,汐留マテリアル,木村 誠;森 修平;清水 直樹,C08J5/22;H01M10/0565,取下
特願2024-100627,2024/04/24,無負極型集電体構造を用いた全固体電池,本発明は、無負極型集電体構造に関する。従来技術では負極と電解質の界面で副反応が進行するという課題があった。本発明では、固体電解質との界面に緩衝層を挿入することにより、エネルギー密度を大幅に向上する。これにより全固体リチウムイオン二次電池の実用化に寄与する。,無負極型集電体構造を備え、固体電解質との界面に緩衝層を挿入することを特徴とする全固体電池。,みなと化学工業,吉田 隆;山本 真一;高橋 香織,H01M10/052;H01M4/38,公開
特願2020-100465,2020/05/26,正極-電解質界面被覆層を用いた全固体電池,本発明は、正極-電解質界面被覆層に関する。従来技術では複合正極内のイオン伝導経路が不連続になるという課題があった。本発明では、導電助剤と電解質の配合比を最適化することにより、電極内の利用率を向上する。これにより全固体リチウムイオン二次電池の実用化に寄与する。,正極-電解質界面被覆層を備え、導電助剤と電解質の配合比を最適化することを特徴とする全固体電池。,北斗モータース,伊藤 大輔;伊藤 修平;小林 直樹,H01M10/0562;H01M4/62,登録
特願2020-100199,2020/02/12,酸化物系固体電解質焼結体及びその製造方法,本発明は、酸化物系固体電解質焼結体に関する。従来技術では薄膜化すると機械的強度が不足するという課題があった。本発明では、粒界に非晶質層を導入することにより、低温プロセスでの量産性を高める。これにより全固体リチウムイオン二次電池の実用化に寄与する。,酸化物系固体電解質焼結体を備え、粒界に非晶質層を導入することを特徴とする全固体電池。,ハンビット電池,田中 太郎;鈴木 由美,C04B35/486;H01B1/08,審査中
特願2021-100778,2021/10/01,全固体電池の積層体及びその製造方法,本発明は、全固体電池の積層体に関する。従来技術では溶媒系プロセスが電解質を劣化させるという課題があった。本発明では、乾式成膜により無溶媒で電極層を形成することにより、量産タクトを短縮する。これにより全固体リチウムイオン二次電池の実用化に寄与する。,全固体電池の積層体を備え、乾式成膜により無溶媒で電極層を形成することを特徴とする全固体電池。,若草セラミックス,鈴木 香織;森 誠;中村 亮,H01M10/0585;H01M4/04,公開
特願2020-100519,2020/05/20,NCM系正極と固体電解質の複合体を用いた全固体電池,本発明は、NCM系正極と固体電解質の複合体に関する。従来技術では複合正極内のイオン伝導経路が不連続になるという課題があった。本発明では、活物質表面に酸化物ナノ被覆層を形成することにより、サイクル後の容量維持率を改善する。これにより全固体リチウムイオン二次電池の実用化に寄与する。,NCM系正極と固体電解質の複合体を備え、活物質表面に酸化物ナノ被覆層を形成することを特徴とする全固体電池。,白鳳電機産業,山田 太郎,H01M10/0562;H01M4/62,拒絶
特願2020-100205,2020/02/04,酸化物系固体電解質焼結体及びその製造方法,本発明は、酸化物系固体電解質焼結体に関する。従来技術では粒界抵抗がイオン伝導を阻害するという課題があった。本発明では、ドーパント元素で結晶構造を安定化することにより、粒界抵抗を低減し伝導度を向上する。これにより全固体リチウムイオン二次電池の実用化に寄与する。,酸化物系固体電解質焼結体を備え、ドーパント元素で結晶構造を安定化することを特徴とする全固体電池。,常盤田精機,小林 健一,H01B1/08,拒絶
特願2016-100904,2016/04/17,有機無機ハイブリッド電解質膜及びその製造方法,本発明は、有機無機ハイブリッド電解質膜に関する。従来技術では機械的強度と柔軟性の両立が難しいという課題があった。本発明では、ブロック共重合体で相分離構造を制御することにより、量産タクトを短縮する。これにより全固体リチウムイオン二次電池の実用化に寄与する。,有機無機ハイブリッド電解質膜を備え、ブロック共重合体で相分離構造を制御することを特徴とする全固体電池。,瀬戸内硝子,森 裕子;加藤 直樹,H01B1/12;H01M10/0565,拒絶
特願2021-100453,2021/01/08,正極-電解質界面被覆層を用いた全固体電池,本発明は、正極-電解質界面被覆層に関する。従来技術では複合正極内のイオン伝導経路が不連続になるという課題があった。本発明では、活物質表面に酸化物ナノ被覆層を形成することにより、界面抵抗を低減し出力特性を高める。これにより全固体リチウムイオン二次電池の実用化に寄与する。,正極-電解質界面被覆層を備え、活物質表面に酸化物ナノ被覆層を形成することを特徴とする全固体電池。,高千穂金属,林 亮;山本 裕子,H01M10/0562;H01M4/62,登録
特願2018-100864,2018/11/25,バイポーラ型全固体電池を用いた全固体電池,本発明は、バイポーラ型全固体電池に関する。従来技術では直列積層時の熱分布が不均一になるという課題があった。本発明では、バイポーラ集電体で直列接続を内蔵化することにより、温度分布を均一化し寿命を延ばす。これにより全固体リチウムイオン二次電池の実用化に寄与する。,バイポーラ型全固体電池を備え、バイポーラ集電体で直列接続を内蔵化することを特徴とする全固体電池。,常盤田精機,木村 修平;清水 真一,H01M50/20;H01M50/509,取下
特願2025-100612,2025/10/03,リチウム合金負極を用いた全固体電池,本発明は、リチウム合金負極に関する。従来技術ではリチウムの不均一析出で容量が劣化するという課題があった。本発明では、析出溶解を均一化する拘束圧構造を採用することにより、クーロン効率を改善する。これにより全固体リチウムイオン二次電池の実用化に寄与する。,リチウム合金負極を備え、析出溶解を均一化する拘束圧構造を採用することを特徴とする全固体電池。,北斗モータース,木村 修平;高橋 彩;伊藤 美咲,H01M10/052;H01M4/134,審査中
特願2024-100711,2024/03/08,乾式電極成形プロセスを用いた全固体電池,本発明は、乾式電極成形プロセスに関する。従来技術では溶媒系プロセスが電解質を劣化させるという課題があった。本発明では、ロールプレスの線圧条件を段階制御することにより、製造コストを削減する。これにより全固体リチウムイオン二次電池の実用化に寄与する。,乾式電極成形プロセスを備え、ロールプレスの線圧条件を段階制御することを特徴とする全固体電池。,みなと化学工業,山口 直樹;伊藤 花子;木村 隆,B32B37/00;H01M4/04,公開
特願2023-100211,2023/01/08,ペロブスカイト型酸化物電解質及びその製造方法,本発明は、ペロブスカイト型酸化物電解質に関する。従来技術では薄膜化すると機械的強度が不足するという課題があった。本発明では、粒界に非晶質層を導入することにより、粒界抵抗を低減し伝導度を向上する。これにより全固体リチウムイオン二次電池の実用化に寄与する。,ペロブスカイト型酸化物電解質を備え、粒界に非晶質層を導入することを特徴とする全固体電池。,みなと化学工業,高橋 拓也,C04B35/486,登録
特願2019-100875,2019/08/22,電池モジュール筐体及びその製造方法,本発明は、電池モジュール筐体に関する。従来技術ではセル拘束圧の維持と軽量化が両立しないという課題があった。本発明では、弾性部材を介した均一拘束構造とすることにより、体積エネルギー密度を高める。これにより全固体リチウムイオン二次電池の実用化に寄与する。,電池モジュール筐体を備え、弾性部材を介した均一拘束構造とすることを特徴とする全固体電池。,北斗モータース,森 恵,H01M50/20;H01M50/509,拒絶
特願2020-100007,2020/09/17,Li2S-P2S5系ガラスセラミックス及びその製造方法,本発明は、Li2S-P2S5系ガラスセラミックスに関する。従来技術では粒界での抵抗が大きいという課題があった。本発明では、微粒子化と加圧成形条件を制御することにより、室温で高いリチウムイオン伝導度を実現する。これにより全固体リチウムイオン二次電池の実用化に寄与する。,Li2S-P2S5系ガラスセラミックスを備え、微粒子化と加圧成形条件を制御することを特徴とする全固体電池。,燕岳鉱業,佐藤 裕子;林 隆;林 誠,H01B1/06;H01M10/0562,審査中
特願2019-100756,2019/08/16,全固体電池の積層体を用いた全固体電池,本発明は、全固体電池の積層体に関する。従来技術では溶媒系プロセスが電解質を劣化させるという課題があった。本発明では、乾式成膜により無溶媒で電極層を形成することにより、量産タクトを短縮する。これにより全固体リチウムイオン二次電池の実用化に寄与する。,全固体電池の積層体を備え、乾式成膜により無溶媒で電極層を形成することを特徴とする全固体電池。,常盤田精機,中村 望,H01M10/0585,登録
特願2025-100223,2025/02/19,NASICON型リン酸系酸化物及びその製造方法,本発明は、NASICON型リン酸系酸化物に関する。従来技術では焼結温度が高くエネルギーコストが大きいという課題があった。本発明では、テープ成形により薄膜シート化することにより、デンドライト耐性を改善する。これにより全固体リチウムイオン二次電池の実用化に寄与する。,NASICON型リン酸系酸化物を備え、テープ成形により薄膜シート化することを特徴とする全固体電池。,みなと化学工業,林 直樹;伊藤 健一,C04B35/486;H01M10/0562,審査中
特願2016-100138,2016/06/21,硫化物系固体電解質を用いた全固体電池,本発明は、硫化物系固体電解質に関する。従来技術では電極との界面抵抗が増大するという課題があった。本発明では、ガラスセラミックス化の熱処理条件を最適化することにより、充放電サイクル特性を改善する。これにより全固体リチウムイオン二次電池の実用化に寄与する。,硫化物系固体電解質を備え、ガラスセラミックス化の熱処理条件を最適化することを特徴とする全固体電池。,北斗モータース,中村 健一;木村 亮,C01B17/22;H01M10/0562,登録
特願2020-100136,2020/07/01,Li6PS5Cl固体電解質及びその製造方法,本発明は、Li6PS5Cl固体電解質に関する。従来技術ではイオン伝導度が実用水準に届かないという課題があった。本発明では、ハロゲン元素を部分置換した組成とすることにより、充放電サイクル特性を改善する。これにより全固体リチウムイオン二次電池の実用化に寄与する。,Li6PS5Cl固体電解質を備え、ハロゲン元素を部分置換した組成とすることを特徴とする全固体電池。,燕岳鉱業,山田 美咲,H01B1/06;H01M10/0562,登録
特願2017-100394,2017/04/03,ニオブ酸リチウム被覆正極活物質及びその製造方法,本発明は、ニオブ酸リチウム被覆正極活物質に関する。従来技術では複合正極内のイオン伝導経路が不連続になるという課題があった。本発明では、活物質表面に酸化物ナノ被覆層を形成することにより、サイクル後の容量維持率を改善する。これにより全固体リチウムイオン二次電池の実用化に寄与する。,ニオブ酸リチウム被覆正極活物質を備え、活物質表面に酸化物ナノ被覆層を形成することを特徴とする全固体電池。,瀬戸内硝子,山田 大輔;佐藤 由美,H01M10/0562;H01M4/525,登録
特願2024-100898,2024/12/12,NASICON型リン酸系酸化物及びその製造方法,本発明は、NASICON型リン酸系酸化物に関する。従来技術ではリチウムデンドライトが粒界を伝播するという課題があった。本発明では、粒界に非晶質層を導入することにより、薄膜大面積化を容易にする。これにより全固体リチウムイオン二次電池の実用化に寄与する。,NASICON型リン酸系酸化物を備え、粒界に非晶質層を導入することを特徴とする全固体電池。,九曜電子,田中 太郎,H01B1/08,公開
特願2015-100275,2015/06/24,酸化物系固体電解質焼結体及びその製造方法,本発明は、酸化物系固体電解質焼結体に関する。従来技術では焼結温度が高くエネルギーコストが大きいという課題があった。本発明では、ドーパント元素で結晶構造を安定化することにより、低温プロセスでの量産性を高める。これにより全固体リチウムイオン二次電池の実用化に寄与する。,酸化物系固体電解質焼結体を備え、ドーパント元素で結晶構造を安定化することを特徴とする全固体電池。,汐留マテリアル,井上 隆;佐藤 恵;森 大輔,C04B35/486;H01B1/08,拒絶
特願2018-100671,2018/10/06,全固体電池の積層体及びその製造方法,本発明は、全固体電池の積層体に関する。従来技術では積層時に層間に空隙が残り抵抗が増えるという課題があった。本発明では、ロールプレスの線圧条件を段階制御することにより、製造コストを削減する。これにより全固体リチウムイオン二次電池の実用化に寄与する。,全固体電池の積層体を備え、ロールプレスの線圧条件を段階制御することを特徴とする全固体電池。,蒼海自動車,高橋 隆,B32B37/00;H01M10/0585,拒絶
特願2024-100758,2024/12/02,乾式電極成形プロセス及びその製造方法,本発明は、乾式電極成形プロセスに関する。従来技術では積層時に層間に空隙が残り抵抗が増えるという課題があった。本発明では、ロールプレスの線圧条件を段階制御することにより、製造コストを削減する。これにより全固体リチウムイオン二次電池の実用化に寄与する。,乾式電極成形プロセスを備え、ロールプレスの線圧条件を段階制御することを特徴とする全固体電池。,東雲重工業,吉田 花子,B32B37/00;H01M4/04,審査中
特願2017-100299,2017/01/18,ペロブスカイト型酸化物電解質及びその製造方法,本発明は、ペロブスカイト型酸化物電解質に関する。従来技術ではリチウムデンドライトが粒界を伝播するという課題があった。本発明では、粒界に非晶質層を導入することにより、粒界抵抗を低減し伝導度を向上する。これにより全固体リチウムイオン二次電池の実用化に寄与する。,ペロブスカイト型酸化物電解質を備え、粒界に非晶質層を導入することを特徴とする全固体電池。,常盤田精機,加藤 直樹;小林 恵,C04B35/486;H01M10/0562,登録
特願2023-100446,2023/01/10,ニオブ酸リチウム被覆正極活物質及びその製造方法,本発明は、ニオブ酸リチウム被覆正極活物質に関する。従来技術では正極活物質と硫化物電解質の界面で高抵抗層が形成されるという課題があった。本発明では、導電助剤と電解質の配合比を最適化することにより、界面抵抗を低減し出力特性を高める。これにより全固体リチウムイオン二次電池の実用化に寄与する。,ニオブ酸リチウム被覆正極活物質を備え、導電助剤と電解質の配合比を最適化することを特徴とする全固体電池。,みなと化学工業,吉田 隆;佐藤 太郎;伊藤 浩二,H01M10/0562,登録
特願2017-100218,2017/09/27,ガーネット型LLZO酸化物及びその製造方法,本発明は、ガーネット型LLZO酸化物に関する。従来技術では薄膜化すると機械的強度が不足するという課題があった。本発明では、焼結助剤を添加して低温焼結を可能にすることにより、粒界抵抗を低減し伝導度を向上する。これにより全固体リチウムイオン二次電池の実用化に寄与する。,ガーネット型LLZO酸化物を備え、焼結助剤を添加して低温焼結を可能にすることを特徴とする全固体電池。,みなと化学工業,高橋 真一;山口 誠;森 美咲,C04B35/486,登録
特願2023-100652,2023/08/15,加圧焼結積層工程及びその製造方法,本発明は、加圧焼結積層工程に関する。従来技術では溶媒系プロセスが電解質を劣化させるという課題があった。本発明では、ロールプレスの線圧条件を段階制御することにより、量産タクトを短縮する。これにより全固体リチウムイオン二次電池の実用化に寄与する。,加圧焼結積層工程を備え、ロールプレスの線圧条件を段階制御することを特徴とする全固体電池。,白鳳電機産業,井上 健一,B32B37/00;H01M10/0585,審査中
特願2021-100033,2021/06/14,Li6PS5Cl固体電解質を用いた全固体電池,本発明は、Li6PS5Cl固体電解質に関する。従来技術では大気中の水分と反応して硫化水素が発生するという課題があった。本発明では、微粒子化と加圧成形条件を制御することにより、充放電サイクル特性を改善する。これにより全固体リチウムイオン二次電池の実用化に寄与する。,Li6PS5Cl固体電解質を備え、微粒子化と加圧成形条件を制御することを特徴とする全固体電池。,蒼海自動車,山田 浩二;佐藤 恵,H01B1/06,登録
特願2023-100752,2023/11/07,電極シート成形装置及びその製造方法,本発明は、電極シート成形装置に関する。従来技術では大面積化すると均一な加圧が難しいという課題があった。本発明では、ロールプレスの線圧条件を段階制御することにより、層間密着性を高め内部抵抗を低減する。これにより全固体リチウムイオン二次電池の実用化に寄与する。,電極シート成形装置を備え、ロールプレスの線圧条件を段階制御することを特徴とする全固体電池。,若草セラミックス,加藤 裕子,H01M10/0585;H01M4/04,公開
特願2018-100004,2018/04/24,アルジロダイト型硫化物及びその製造方法,本発明は、アルジロダイト型硫化物に関する。従来技術では大気中の水分と反応して硫化水素が発生するという課題があった。本発明では、表面を酸化物系保護層で被覆することにより、充放電サイクル特性を改善する。これにより全固体リチウムイオン二次電池の実用化に寄与する。,アルジロダイト型硫化物を備え、表面を酸化物系保護層で被覆することを特徴とする全固体電池。,汐留マテリアル,小林 健一;佐藤 浩二;森 亮,H01B1/06;H01M10/0562,拒絶
特願2018-100863,2018/04/13,バイポーラ型全固体電池及びその製造方法,本発明は、バイポーラ型全固体電池に関する。従来技術では直列積層時の熱分布が不均一になるという課題があった。本発明では、冷却流路をモジュール内に一体成形することにより、部品点数を削減する。これにより全固体リチウムイオン二次電池の実用化に寄与する。,バイポーラ型全固体電池を備え、冷却流路をモジュール内に一体成形することを特徴とする全固体電池。,菫マテリアルズ,吉田 拓也;鈴木 誠,H01M50/509,登録
特願2020-100477,2020/09/27,複合正極合材を用いた全固体電池,本発明は、複合正極合材に関する。従来技術では複合正極内のイオン伝導経路が不連続になるという課題があった。本発明では、導電助剤と電解質の配合比を最適化することにより、サイクル後の容量維持率を改善する。これにより全固体リチウムイオン二次電池の実用化に寄与する。,複合正極合材を備え、導電助剤と電解質の配合比を最適化することを特徴とする全固体電池。,遠州電池,清水 静香,H01M10/0562;H01M4/525,公開
特願2015-100133,2015/02/09,Li6PS5Cl固体電解質及びその製造方法,本発明は、Li6PS5Cl固体電解質に関する。従来技術では大気中の水分と反応して硫化水素が発生するという課題があった。本発明では、表面を酸化物系保護層で被覆することにより、充放電サイクル特性を改善する。これにより全固体リチウムイオン二次電池の実用化に寄与する。,Li6PS5Cl固体電解質を備え、表面を酸化物系保護層で被覆することを特徴とする全固体電池。,東都工業大学,清水 静香;吉田 直樹;清水 望,H01M10/0562,登録
特願2020-100501,2020/03/01,ニオブ酸リチウム被覆正極活物質を用いた全固体電池,本発明は、ニオブ酸リチウム被覆正極活物質に関する。従来技術では充放電に伴う体積変化で界面が剥離するという課題があった。本発明では、スラリー混練条件を制御し均一分散させることにより、電極内の利用率を向上する。これにより全固体リチウムイオン二次電池の実用化に寄与する。,ニオブ酸リチウム被覆正極活物質を備え、スラリー混練条件を制御し均一分散させることを特徴とする全固体電池。,白鳳電機産業,山本 誠;山口 隆,H01M4/525,登録
特願2020-100908,2020/03/08,リチウム合金負極及びその製造方法,本発明は、リチウム合金負極に関する。従来技術ではリチウムの不均一析出で容量が劣化するという課題があった。本発明では、集電体表面に親リチウム性シード層を設けることにより、粒界抵抗を低減し伝導度を向上する。これにより全固体リチウムイオン二次電池の実用化に寄与する。,リチウム合金負極を備え、集電体表面に親リチウム性シード層を設けることを特徴とする全固体電池。,常盤田精機,伊藤 大輔;加藤 美咲,H01M10/052;H01M4/134,登録
特願2021-100574,2021/05/09,無負極型集電体構造及びその製造方法,本発明は、無負極型集電体構造に関する。従来技術ではリチウムの不均一析出で容量が劣化するという課題があった。本発明では、析出溶解を均一化する拘束圧構造を採用することにより、デンドライト発生を抑制し安全性を高める。これにより全固体リチウムイオン二次電池の実用化に寄与する。,無負極型集電体構造を備え、析出溶解を均一化する拘束圧構造を採用することを特徴とする全固体電池。,東雲重工業,清水 修平;小林 花子;伊藤 亮,H01M4/134;H01M4/38,取下
特願2020-100076,2020/10/17,Li2S-P2S5系ガラスセラミックス及びその製造方法,本発明は、Li2S-P2S5系ガラスセラミックスに関する。従来技術では粒界での抵抗が大きいという課題があった。本発明では、表面を酸化物系保護層で被覆することにより、充放電サイクル特性を改善する。これにより全固体リチウムイオン二次電池の実用化に寄与する。,Li2S-P2S5系ガラスセラミックスを備え、表面を酸化物系保護層で被覆することを特徴とする全固体電池。,白鳳電機産業,伊藤 静香,H01B1/06,登録
特願2024-100957,2024/08/21,NASICON型リン酸系酸化物を用いた全固体電池,本発明は、NASICON型リン酸系酸化物に関する。従来技術では薄膜化すると機械的強度が不足するという課題があった。本発明では、ドーパント元素で結晶構造を安定化することにより、層間密着性を高め内部抵抗を低減する。これにより全固体リチウムイオン二次電池の実用化に寄与する。,NASICON型リン酸系酸化物を備え、ドーパント元素で結晶構造を安定化することを特徴とする全固体電池。,九曜電子,山田 拓也,H01B1/08;H01M10/0562,審査中
特願2024-100714,2024/08/16,電極シート成形装置を用いた全固体電池,本発明は、電極シート成形装置に関する。従来技術では大面積化すると均一な加圧が難しいという課題があった。本発明では、等方加圧により積層界面を密着させることにより、量産タクトを短縮する。これにより全固体リチウムイオン二次電池の実用化に寄与する。,電極シート成形装置を備え、等方加圧により積層界面を密着させることを特徴とする全固体電池。,蒼海自動車,山口 直樹;清水 静香,B32B37/00;H01M10/0585,審査中
特願2022-100149,2022/02/06,アルジロダイト型硫化物及びその製造方法,本発明は、アルジロダイト型硫化物に関する。従来技術では粒界での抵抗が大きいという課題があった。本発明では、微粒子化と加圧成形条件を制御することにより、室温で高いリチウムイオン伝導度を実現する。これにより全固体リチウムイオン二次電池の実用化に寄与する。,アルジロダイト型硫化物を備え、微粒子化と加圧成形条件を制御することを特徴とする全固体電池。,九曜電子,森 浩二,H01B1/06,公開
特願2017-100195,2017/09/21,ペロブスカイト型酸化物電解質を用いた全固体電池,本発明は、ペロブスカイト型酸化物電解質に関する。従来技術では焼結温度が高くエネルギーコストが大きいという課題があった。本発明では、焼結助剤を添加して低温焼結を可能にすることにより、低温プロセスでの量産性を高める。これにより全固体リチウムイオン二次電池の実用化に寄与する。,ペロブスカイト型酸化物電解質を備え、焼結助剤を添加して低温焼結を可能にすることを特徴とする全固体電池。,瀬戸内硝子,中村 裕子,H01B1/08;H01M10/0562,登録
特願2023-100463,2023/05/06,複合正極合材及びその製造方法,本発明は、複合正極合材に関する。従来技術では充放電に伴う体積変化で界面が剥離するという課題があった。本発明では、活物質表面に酸化物ナノ被覆層を形成することにより、電極内の利用率を向上する。これにより全固体リチウムイオン二次電池の実用化に寄与する。,複合正極合材を備え、活物質表面に酸化物ナノ被覆層を形成することを特徴とする全固体電池。,白鳳電機産業,中村 望;伊藤 望,H01M10/0562,公開
特願2017-100442,2017/11/08,NCM系正極と固体電解質の複合体及びその製造方法,本発明は、NCM系正極と固体電解質の複合体に関する。従来技術では充放電に伴う体積変化で界面が剥離するという課題があった。本発明では、スラリー混練条件を制御し均一分散させることにより、電極内の利用率を向上する。これにより全固体リチウムイオン二次電池の実用化に寄与する。,NCM系正極と固体電解質の複合体を備え、スラリー混練条件を制御し均一分散させることを特徴とする全固体電池。,みなと化学工業,佐藤 誠;中村 修平;木村 真一,H01M10/0562;H01M4/525,登録
特願2023-100445,2023/12/20,複合正極合材及びその製造方法,本発明は、複合正極合材に関する。従来技術では複合正極内のイオン伝導経路が不連続になるという課題があった。本発明では、導電助剤と電解質の配合比を最適化することにより、サイクル後の容量維持率を改善する。これにより全固体リチウムイオン二次電池の実用化に寄与する。,複合正極合材を備え、導電助剤と電解質の配合比を最適化することを特徴とする全固体電池。,暁化成,小林 拓也;加藤 望,H01M4/525;H01M4/62,公開
特願2022-100905,2022/09/17,ポリエチレンオキシド系ポリマー電解質及びその製造方法,本発明は、ポリエチレンオキシド系ポリマー電解質に関する。従来技術では機械的強度と柔軟性の両立が難しいという課題があった。本発明では、可塑剤と無機フィラーを複合化することにより、層間密着性を高め内部抵抗を低減する。これにより全固体リチウムイオン二次電池の実用化に寄与する。,ポリエチレンオキシド系ポリマー電解質を備え、可塑剤と無機フィラーを複合化することを特徴とする全固体電池。,九曜電子,森 誠;伊藤 大輔,C08J5/22;H01B1/12,公開
特願2023-100649,2023/10/15,乾式電極成形プロセス及びその製造方法,本発明は、乾式電極成形プロセスに関する。従来技術では大面積化すると均一な加圧が難しいという課題があった。本発明では、ロールプレスの線圧条件を段階制御することにより、層間密着性を高め内部抵抗を低減する。これにより全固体リチウムイオン二次電池の実用化に寄与する。,乾式電極成形プロセスを備え、ロールプレスの線圧条件を段階制御することを特徴とする全固体電池。,白鳳電機産業,井上 大輔,H01M4/04,審査中
特願2023-100567,2023/04/08,無負極型集電体構造を用いた全固体電池,本発明は、無負極型集電体構造に関する。従来技術では負極と電解質の界面で副反応が進行するという課題があった。本発明では、集電体表面に親リチウム性シード層を設けることにより、デンドライト発生を抑制し安全性を高める。これにより全固体リチウムイオン二次電池の実用化に寄与する。,無負極型集電体構造を備え、集電体表面に親リチウム性シード層を設けることを特徴とする全固体電池。,九曜電子,佐藤 美咲;林 太郎;井上 亮,H01M10/052;H01M4/38,公開
特願2016-100117,2016/04/14,Li2S-P2S5系ガラスセラミックスを用いた全固体電池,本発明は、Li2S-P2S5系ガラスセラミックスに関する。従来技術では粒界での抵抗が大きいという課題があった。本発明では、微粒子化と加圧成形条件を制御することにより、充放電サイクル特性を改善する。これにより全固体リチウムイオン二次電池の実用化に寄与する。,Li2S-P2S5系ガラスセラミックスを備え、微粒子化と加圧成形条件を制御することを特徴とする全固体電池。,蒼海自動車,田中 望;吉田 静香;清水 隆,C01B17/22;H01M10/0562,拒絶
特願2018-100843,2018/10/15,拘束圧付与機構を用いた全固体電池,本発明は、拘束圧付与機構に関する。従来技術ではセル拘束圧の維持と軽量化が両立しないという課題があった。本発明では、冷却流路をモジュール内に一体成形することにより、体積エネルギー密度を高める。これにより全固体リチウムイオン二次電池の実用化に寄与する。,拘束圧付与機構を備え、冷却流路をモジュール内に一体成形することを特徴とする全固体電池。,汐留マテリアル,山本 花子;山本 望;田中 彩,H01M50/509,取下
特願2020-100729,2020/07/22,全固体電池の積層体を用いた全固体電池,本発明は、全固体電池の積層体に関する。従来技術では溶媒系プロセスが電解質を劣化させるという課題があった。本発明では、等方加圧により積層界面を密着させることにより、製造コストを削減する。これにより全固体リチウムイオン二次電池の実用化に寄与する。,全固体電池の積層体を備え、等方加圧により積層界面を密着させることを特徴とする全固体電池。,桔梗精密,林 静香,H01M10/0585,登録
特願2021-100722,2021/05/12,加圧焼結積層工程及びその製造方法,本発明は、加圧焼結積層工程に関する。従来技術では溶媒系プロセスが電解質を劣化させるという課題があった。本発明では、等方加圧により積層界面を密着させることにより、量産タクトを短縮する。これにより全固体リチウムイオン二次電池の実用化に寄与する。,加圧焼結積層工程を備え、等方加圧により積層界面を密着させることを特徴とする全固体電池。,蒼海自動車,田中 拓也,H01M10/0585;H01M4/04,登録
特願2015-100077,2015/06/10,Li2S-P2S5系ガラスセラミックス及びその製造方法,本発明は、Li2S-P2S5系ガラスセラミックスに関する。従来技術では電極との界面抵抗が増大するという課題があった。本発明では、ガラスセラミックス化の熱処理条件を最適化することにより、硫化水素の発生量を大幅に抑制する。これにより全固体リチウムイオン二次電池の実用化に寄与する。,Li2S-P2S5系ガラスセラミックスを備え、ガラスセラミックス化の熱処理条件を最適化することを特徴とする全固体電池。,蒼海自動車,伊藤 太郎;吉田 浩二,C01B17/22;H01B1/06,拒絶
特願2020-100220,2020/10/22,NASICON型リン酸系酸化物及びその製造方法,本発明は、NASICON型リン酸系酸化物に関する。従来技術ではリチウムデンドライトが粒界を伝播するという課題があった。本発明では、焼結助剤を添加して低温焼結を可能にすることにより、低温プロセスでの量産性を高める。これにより全固体リチウムイオン二次電池の実用化に寄与する。,NASICON型リン酸系酸化物を備え、焼結助剤を添加して低温焼結を可能にすることを特徴とする全固体電池。,東都工業大学,山田 誠,H01B1/08,登録
特願2020-100194,2020/10/23,酸化物系固体電解質焼結体及びその製造方法,本発明は、酸化物系固体電解質焼結体に関する。従来技術では粒界抵抗がイオン伝導を阻害するという課題があった。本発明では、テープ成形により薄膜シート化することにより、粒界抵抗を低減し伝導度を向上する。これにより全固体リチウムイオン二次電池の実用化に寄与する。,酸化物系固体電解質焼結体を備え、テープ成形により薄膜シート化することを特徴とする全固体電池。,遠州電池,山口 浩二;林 望;森 美咲,H01B1/08;H01M10/0562,公開
特願2019-100120,2019/05/28,アルジロダイト型硫化物を用いた全固体電池,本発明は、アルジロダイト型硫化物に関する。従来技術ではイオン伝導度が実用水準に届かないという課題があった。本発明では、ガラスセラミックス化の熱処理条件を最適化することにより、室温で高いリチウムイオン伝導度を実現する。これにより全固体リチウムイオン二次電池の実用化に寄与する。,アルジロダイト型硫化物を備え、ガラスセラミックス化の熱処理条件を最適化することを特徴とする全固体電池。,九曜電子,渡辺 太郎;清水 隆;中村 彩,C01B17/22;H01B1/06,公開
特願2024-100570,2024/02/20,リチウム金属負極を用いた全固体電池,本発明は、リチウム金属負極に関する。従来技術では負極と電解質の界面で副反応が進行するという課題があった。本発明では、固体電解質との界面に緩衝層を挿入することにより、エネルギー密度を大幅に向上する。これにより全固体リチウムイオン二次電池の実用化に寄与する。,リチウム金属負極を備え、固体電解質との界面に緩衝層を挿入することを特徴とする全固体電池。,高千穂金属,木村 大輔;伊藤 亮;伊藤 望,H01M4/134;H01M4/38,公開
特願2020-100471,2020/09/03,正極-電解質界面被覆層を用いた全固体電池,本発明は、正極-電解質界面被覆層に関する。従来技術では充放電に伴う体積変化で界面が剥離するという課題があった。本発明では、スラリー混練条件を制御し均一分散させることにより、界面抵抗を低減し出力特性を高める。これにより全固体リチウムイオン二次電池の実用化に寄与する。,正極-電解質界面被覆層を備え、スラリー混練条件を制御し均一分散させることを特徴とする全固体電池。,九曜電子,渡辺 隆;木村 彩;井上 静香,H01M10/0562;H01M4/62,審査中
特願2019-100755,2019/07/01,乾式電極成形プロセス及びその製造方法,本発明は、乾式電極成形プロセスに関する。従来技術では大面積化すると均一な加圧が難しいという課題があった。本発明では、等方加圧により積層界面を密着させることにより、量産タクトを短縮する。これにより全固体リチウムイオン二次電池の実用化に寄与する。,乾式電極成形プロセスを備え、等方加圧により積層界面を密着させることを特徴とする全固体電池。,汐留マテリアル,井上 彩;小林 太郎,B32B37/00;H01M4/04,登録
特願2021-100599,2021/04/01,無負極型集電体構造及びその製造方法,本発明は、無負極型集電体構造に関する。従来技術では充電時にデンドライトが成長し短絡に至るという課題があった。本発明では、析出溶解を均一化する拘束圧構造を採用することにより、デンドライト発生を抑制し安全性を高める。これにより全固体リチウムイオン二次電池の実用化に寄与する。,無負極型集電体構造を備え、析出溶解を均一化する拘束圧構造を採用することを特徴とする全固体電池。,高千穂金属,山本 太郎;山口 修平;清水 恵,H01M10/052;H01M4/38,公開
特願2023-100185,2023/04/13,酸化物系固体電解質焼結体及びその製造方法,本発明は、酸化物系固体電解質焼結体に関する。従来技術では薄膜化すると機械的強度が不足するという課題があった。本発明では、ドーパント元素で結晶構造を安定化することにより、粒界抵抗を低減し伝導度を向上する。これにより全固体リチウムイオン二次電池の実用化に寄与する。,酸化物系固体電解質焼結体を備え、ドーパント元素で結晶構造を安定化することを特徴とする全固体電池。,東雲重工業,山口 直樹;山口 修平,C04B35/486,審査中
特願2018-100737,2018/11/17,乾式電極成形プロセス及びその製造方法,本発明は、乾式電極成形プロセスに関する。従来技術では溶媒系プロセスが電解質を劣化させるという課題があった。本発明では、等方加圧により積層界面を密着させることにより、層間密着性を高め内部抵抗を低減する。これにより全固体リチウムイオン二次電池の実用化に寄与する。,乾式電極成形プロセスを備え、等方加圧により積層界面を密着させることを特徴とする全固体電池。,ハンビット電池,井上 誠;鈴木 大輔;渡辺 静香,B32B37/00;H01M4/04,登録
特願2020-100790,2020/08/23,バイポーラ型全固体電池及びその製造方法,本発明は、バイポーラ型全固体電池に関する。従来技術では直列積層時の熱分布が不均一になるという課題があった。本発明では、冷却流路をモジュール内に一体成形することにより、温度分布を均一化し寿命を延ばす。これにより全固体リチウムイオン二次電池の実用化に寄与する。,バイポーラ型全固体電池を備え、冷却流路をモジュール内に一体成形することを特徴とする全固体電池。,蒼海自動車,松本 太郎;森 静香;山田 望,H01M50/20;H01M50/509,拒絶
特願2018-100800,2018/09/11,拘束圧付与機構及びその製造方法,本発明は、拘束圧付与機構に関する。従来技術では端子部の接触抵抗が大きいという課題があった。本発明では、弾性部材を介した均一拘束構造とすることにより、体積エネルギー密度を高める。これにより全固体リチウムイオン二次電池の実用化に寄与する。,拘束圧付与機構を備え、弾性部材を介した均一拘束構造とすることを特徴とする全固体電池。,みなと化学工業,加藤 健一;松本 香織,H01M50/509,登録
特願2020-100268,2020/02/19,酸化物系固体電解質焼結体及びその製造方法,本発明は、酸化物系固体電解質焼結体に関する。従来技術ではリチウムデンドライトが粒界を伝播するという課題があった。本発明では、テープ成形により薄膜シート化することにより、低温プロセスでの量産性を高める。これにより全固体リチウムイオン二次電池の実用化に寄与する。,酸化物系固体電解質焼結体を備え、テープ成形により薄膜シート化することを特徴とする全固体電池。,燕岳鉱業,井上 亮;清水 修平;伊藤 修平,H01B1/08;H01M10/0562,審査中
特願2017-100045,2017/06/08,アルジロダイト型硫化物を用いた全固体電池,本発明は、アルジロダイト型硫化物に関する。従来技術ではイオン伝導度が実用水準に届かないという課題があった。本発明では、ハロゲン元素を部分置換した組成とすることにより、室温で高いリチウムイオン伝導度を実現する。これにより全固体リチウムイオン二次電池の実用化に寄与する。,アルジロダイト型硫化物を備え、ハロゲン元素を部分置換した組成とすることを特徴とする全固体電池。,白鳳電機産業,山田 香織;高橋 大輔,H01B1/06;H01M10/0562,取下
特願2021-100582,2021/07/17,リチウム金属負極を用いた全固体電池,本発明は、リチウム金属負極に関する。従来技術では負極と電解質の界面で副反応が進行するという課題があった。本発明では、固体電解質との界面に緩衝層を挿入することにより、エネルギー密度を大幅に向上する。これにより全固体リチウムイオン二次電池の実用化に寄与する。,リチウム金属負極を備え、固体電解質との界面に緩衝層を挿入することを特徴とする全固体電池。,中央先端科学研究所,山口 浩二;山口 太郎;山田 大輔,H01M4/134;H01M4/38,公開
特願2016-100773,2016/04/22,乾式電極成形プロセス及びその製造方法,本発明は、乾式電極成形プロセスに関する。従来技術では大面積化すると均一な加圧が難しいという課題があった。本発明では、乾式成膜により無溶媒で電極層を形成することにより、層間密着性を高め内部抵抗を低減する。これにより全固体リチウムイオン二次電池の実用化に寄与する。,乾式電極成形プロセスを備え、乾式成膜により無溶媒で電極層を形成することを特徴とする全固体電池。,ハンビット電池,伊藤 彩;加藤 望;中村 太郎,H01M4/04,登録
特願2020-100461,2020/10/18,複合正極合材及びその製造方法,本発明は、複合正極合材に関する。従来技術では正極活物質と硫化物電解質の界面で高抵抗層が形成されるという課題があった。本発明では、活物質表面に酸化物ナノ被覆層を形成することにより、サイクル後の容量維持率を改善する。これにより全固体リチウムイオン二次電池の実用化に寄与する。,複合正極合材を備え、活物質表面に酸化物ナノ被覆層を形成することを特徴とする全固体電池。,琥珀ガス化学,伊藤 亮;山田 裕子,H01M4/525;H01M4/62,審査中
特願2024-100944,2024/11/04,Li2S-P2S5系ガラスセラミックス及びその製造方法,本発明は、Li2S-P2S5系ガラスセラミックスに関する。従来技術では粒界での抵抗が大きいという課題があった。本発明では、ガラスセラミックス化の熱処理条件を最適化することにより、粒界抵抗を低減し伝導度を向上する。これにより全固体リチウムイオン二次電池の実用化に寄与する。,Li2S-P2S5系ガラスセラミックスを備え、ガラスセラミックス化の熱処理条件を最適化することを特徴とする全固体電池。,みなと化学工業,加藤 亮;山田 拓也;山田 浩二,H01B1/06;H01M10/0562,公開
特願2020-100221,2020/09/19,酸化物系固体電解質焼結体及びその製造方法,本発明は、酸化物系固体電解質焼結体に関する。従来技術では焼結温度が高くエネルギーコストが大きいという課題があった。本発明では、テープ成形により薄膜シート化することにより、粒界抵抗を低減し伝導度を向上する。これにより全固体リチウムイオン二次電池の実用化に寄与する。,酸化物系固体電解質焼結体を備え、テープ成形により薄膜シート化することを特徴とする全固体電池。,暁化成,山田 隆,C04B35/486;H01B1/08,拒絶
特願2018-100616,2018/12/14,無負極型集電体構造及びその製造方法,本発明は、無負極型集電体構造に関する。従来技術ではリチウムの不均一析出で容量が劣化するという課題があった。本発明では、析出溶解を均一化する拘束圧構造を採用することにより、エネルギー密度を大幅に向上する。これにより全固体リチウムイオン二次電池の実用化に寄与する。,無負極型集電体構造を備え、析出溶解を均一化する拘束圧構造を採用することを特徴とする全固体電池。,北斗モータース,森 恵;山口 望;清水 真一,H01M10/052;H01M4/134,登録
特願2023-100473,2023/10/04,ニオブ酸リチウム被覆正極活物質及びその製造方法,本発明は、ニオブ酸リチウム被覆正極活物質に関する。従来技術では正極活物質と硫化物電解質の界面で高抵抗層が形成されるという課題があった。本発明では、導電助剤と電解質の配合比を最適化することにより、界面抵抗を低減し出力特性を高める。これにより全固体リチウムイオン二次電池の実用化に寄与する。,ニオブ酸リチウム被覆正極活物質を備え、導電助剤と電解質の配合比を最適化することを特徴とする全固体電池。,蒼海自動車,斎藤 美咲;吉田 太郎,H01M4/525;H01M4/62,登録
特願2017-100717,2017/02/23,全固体電池の積層体を用いた全固体電池,本発明は、全固体電池の積層体に関する。従来技術では積層時に層間に空隙が残り抵抗が増えるという課題があった。本発明では、ロールプレスの線圧条件を段階制御することにより、製造コストを削減する。これにより全固体リチウムイオン二次電池の実用化に寄与する。,全固体電池の積層体を備え、ロールプレスの線圧条件を段階制御することを特徴とする全固体電池。,蒼海自動車,林 裕子,B32B37/00;H01M10/0585,登録
特願2019-100662,2019/06/04,加圧焼結積層工程及びその製造方法,本発明は、加圧焼結積層工程に関する。従来技術では積層時に層間に空隙が残り抵抗が増えるという課題があった。本発明では、ロールプレスの線圧条件を段階制御することにより、製造コストを削減する。これにより全固体リチウムイオン二次電池の実用化に寄与する。,加圧焼結積層工程を備え、ロールプレスの線圧条件を段階制御することを特徴とする全固体電池。,遠州電池,松本 浩二;鈴木 恵,H01M10/0585,登録
特願2015-100175,2015/10/10,アルジロダイト型硫化物及びその製造方法,本発明は、アルジロダイト型硫化物に関する。従来技術では大気中の水分と反応して硫化水素が発生するという課題があった。本発明では、ハロゲン元素を部分置換した組成とすることにより、硫化水素の発生量を大幅に抑制する。これにより全固体リチウムイオン二次電池の実用化に寄与する。,アルジロダイト型硫化物を備え、ハロゲン元素を部分置換した組成とすることを特徴とする全固体電池。,常盤田精機,木村 誠;高橋 誠;高橋 美咲,H01B1/06;H01M10/0562,登録
特願2024-100302,2024/07/26,リチウム塩含有ポリマー膜及びその製造方法,本発明は、リチウム塩含有ポリマー膜に関する。従来技術では室温でのイオン伝導度が低いという課題があった。本発明では、ブロック共重合体で相分離構造を制御することにより、薄膜大面積化を容易にする。これにより全固体リチウムイオン二次電池の実用化に寄与する。,リチウム塩含有ポリマー膜を備え、ブロック共重合体で相分離構造を制御することを特徴とする全固体電池。,みなと化学工業,山本 真一,C08J5/22;H01M10/0565,公開
特願2015-100340,2015/09/10,架橋ゲルポリマー電解質及びその製造方法,本発明は、架橋ゲルポリマー電解質に関する。従来技術では機械的強度と柔軟性の両立が難しいという課題があった。本発明では、可塑剤と無機フィラーを複合化することにより、界面追従性を高める。これにより全固体リチウムイオン二次電池の実用化に寄与する。,架橋ゲルポリマー電解質を備え、可塑剤と無機フィラーを複合化することを特徴とする全固体電池。,蒼海自動車,林 拓也,C08J5/22,拒絶
特願2022-100434,2022/07/01,正極-電解質界面被覆層及びその製造方法,本発明は、正極-電解質界面被覆層に関する。従来技術では複合正極内のイオン伝導経路が不連続になるという課題があった。本発明では、導電助剤と電解質の配合比を最適化することにより、サイクル後の容量維持率を改善する。これにより全固体リチウムイオン二次電池の実用化に寄与する。,正極-電解質界面被覆層を備え、導電助剤と電解質の配合比を最適化することを特徴とする全固体電池。,白鳳電機産業,伊藤 健一,H01M4/525;H01M4/62,公開
特願2023-100634,2023/12/28,無負極型集電体構造及びその製造方法,本発明は、無負極型集電体構造に関する。従来技術ではリチウムの不均一析出で容量が劣化するという課題があった。本発明では、集電体表面に親リチウム性シード層を設けることにより、デンドライト発生を抑制し安全性を高める。これにより全固体リチウムイオン二次電池の実用化に寄与する。,無負極型集電体構造を備え、集電体表面に親リチウム性シード層を設けることを特徴とする全固体電池。,遠州電池,中村 真一,H01M4/134;H01M4/38,公開
特願2015-100368,2015/04/24,架橋ゲルポリマー電解質及びその製造方法,本発明は、架橋ゲルポリマー電解質に関する。従来技術では室温でのイオン伝導度が低いという課題があった。本発明では、可塑剤と無機フィラーを複合化することにより、薄膜大面積化を容易にする。これにより全固体リチウムイオン二次電池の実用化に寄与する。,架橋ゲルポリマー電解質を備え、可塑剤と無機フィラーを複合化することを特徴とする全固体電池。,蒼海自動車,山田 恵;加藤 美咲;渡辺 直樹,H01M10/0565,登録
特願2024-100462,2024/12/03,正極-電解質界面被覆層を用いた全固体電池,本発明は、正極-電解質界面被覆層に関する。従来技術では正極活物質と硫化物電解質の界面で高抵抗層が形成されるという課題があった。本発明では、スラリー混練条件を制御し均一分散させることにより、界面抵抗を低減し出力特性を高める。これにより全固体リチウムイオン二次電池の実用化に寄与する。,正極-電解質界面被覆層を備え、スラリー混練条件を制御し均一分散させることを特徴とする全固体電池。,北斗モータース,山口 修平;清水 恵;森 真一,H01M4/525,公開
特願2021-100531,2021/09/24,リチウム金属負極を用いた全固体電池,本発明は、リチウム金属負極に関する。従来技術ではリチウムの不均一析出で容量が劣化するという課題があった。本発明では、固体電解質との界面に緩衝層を挿入することにより、エネルギー密度を大幅に向上する。これにより全固体リチウムイオン二次電池の実用化に寄与する。,リチウム金属負極を備え、固体電解質との界面に緩衝層を挿入することを特徴とする全固体電池。,北斗モータース,斎藤 浩二;高橋 静香,H01M10/052;H01M4/134,登録
特願2024-100890,2024/10/23,リチウム合金負極及びその製造方法,本発明は、リチウム合金負極に関する。従来技術では充電時にデンドライトが成長し短絡に至るという課題があった。本発明では、固体電解質との界面に緩衝層を挿入することにより、低温プロセスでの量産性を高める。これにより全固体リチウムイオン二次電池の実用化に寄与する。,リチウム合金負極を備え、固体電解質との界面に緩衝層を挿入することを特徴とする全固体電池。,白鳳電機産業,斎藤 花子,H01M10/052;H01M4/134,審査中
特願2020-100063,2020/09/26,Li6PS5Cl固体電解質を用いた全固体電池,本発明は、Li6PS5Cl固体電解質に関する。従来技術ではイオン伝導度が実用水準に届かないという課題があった。本発明では、ガラスセラミックス化の熱処理条件を最適化することにより、硫化水素の発生量を大幅に抑制する。これにより全固体リチウムイオン二次電池の実用化に寄与する。,Li6PS5Cl固体電解質を備え、ガラスセラミックス化の熱処理条件を最適化することを特徴とする全固体電池。,常盤田精機,松本 誠;中村 真一;中村 太郎,C01B17/22;H01B1/06,公開
特願2022-100160,2022/10/12,アルジロダイト型硫化物及びその製造方法,本発明は、アルジロダイト型硫化物に関する。従来技術ではイオン伝導度が実用水準に届かないという課題があった。本発明では、表面を酸化物系保護層で被覆することにより、充放電サイクル特性を改善する。これにより全固体リチウムイオン二次電池の実用化に寄与する。,アルジロダイト型硫化物を備え、表面を酸化物系保護層で被覆することを特徴とする全固体電池。,蒼海自動車,斎藤 花子,H01B1/06;H01M10/0562,公開
特願2021-100249,2021/10/28,NASICON型リン酸系酸化物を用いた全固体電池,本発明は、NASICON型リン酸系酸化物に関する。従来技術では焼結温度が高くエネルギーコストが大きいという課題があった。本発明では、テープ成形により薄膜シート化することにより、デンドライト耐性を改善する。これにより全固体リチウムイオン二次電池の実用化に寄与する。,NASICON型リン酸系酸化物を備え、テープ成形により薄膜シート化することを特徴とする全固体電池。,みなと化学工業,山口 美咲;松本 美咲;清水 直樹,H01B1/08,登録
特願2020-100262,2020/03/08,NASICON型リン酸系酸化物及びその製造方法,本発明は、NASICON型リン酸系酸化物に関する。従来技術では焼結温度が高くエネルギーコストが大きいという課題があった。本発明では、焼結助剤を添加して低温焼結を可能にすることにより、低温プロセスでの量産性を高める。これにより全固体リチウムイオン二次電池の実用化に寄与する。,NASICON型リン酸系酸化物を備え、焼結助剤を添加して低温焼結を可能にすることを特徴とする全固体電池。,瀬戸内硝子,山本 由美,C04B35/486,拒絶
特願2015-100546,2015/02/24,リチウム金属負極を用いた全固体電池,本発明は、リチウム金属負極に関する。従来技術では負極と電解質の界面で副反応が進行するという課題があった。本発明では、析出溶解を均一化する拘束圧構造を採用することにより、クーロン効率を改善する。これにより全固体リチウムイオン二次電池の実用化に寄与する。,リチウム金属負極を備え、析出溶解を均一化する拘束圧構造を採用することを特徴とする全固体電池。,白鳳電機産業,木村 誠;佐藤 直樹;山田 望,H01M10/052;H01M4/38,登録
特願2019-100498,2019/01/17,NCM系正極と固体電解質の複合体を用いた全固体電池,本発明は、NCM系正極と固体電解質の複合体に関する。従来技術では複合正極内のイオン伝導経路が不連続になるという課題があった。本発明では、活物質表面に酸化物ナノ被覆層を形成することにより、電極内の利用率を向上する。これにより全固体リチウムイオン二次電池の実用化に寄与する。,NCM系正極と固体電解質の複合体を備え、活物質表面に酸化物ナノ被覆層を形成することを特徴とする全固体電池。,みなと化学工業,木村 由美,H01M4/525;H01M4/62,審査中
特願2023-100934,2023/06/20,NASICON型リン酸系酸化物及びその製造方法,本発明は、NASICON型リン酸系酸化物に関する。従来技術では薄膜化すると機械的強度が不足するという課題があった。本発明では、粒界に非晶質層を導入することにより、デンドライト耐性を改善する。これにより全固体リチウムイオン二次電池の実用化に寄与する。,NASICON型リン酸系酸化物を備え、粒界に非晶質層を導入することを特徴とする全固体電池。,遠州電池,高橋 大輔;田中 静香;山口 香織,C04B35/486;H01M10/0562,審査中
特願2024-100438,2024/07/23,NCM系正極と固体電解質の複合体を用いた全固体電池,本発明は、NCM系正極と固体電解質の複合体に関する。従来技術では正極活物質と硫化物電解質の界面で高抵抗層が形成されるという課題があった。本発明では、活物質表面に酸化物ナノ被覆層を形成することにより、サイクル後の容量維持率を改善する。これにより全固体リチウムイオン二次電池の実用化に寄与する。,NCM系正極と固体電解質の複合体を備え、活物質表面に酸化物ナノ被覆層を形成することを特徴とする全固体電池。,九曜電子,加藤 亮;松本 静香,H01M4/525,公開
特願2021-100623,2021/07/02,無負極型集電体構造及びその製造方法,本発明は、無負極型集電体構造に関する。従来技術では負極と電解質の界面で副反応が進行するという課題があった。本発明では、析出溶解を均一化する拘束圧構造を採用することにより、デンドライト発生を抑制し安全性を高める。これにより全固体リチウムイオン二次電池の実用化に寄与する。,無負極型集電体構造を備え、析出溶解を均一化する拘束圧構造を採用することを特徴とする全固体電池。,白鳳電機産業,松本 健一,H01M10/052;H01M4/38,登録
特願2022-100647,2022/04/07,電極シート成形装置及びその製造方法,本発明は、電極シート成形装置に関する。従来技術では大面積化すると均一な加圧が難しいという課題があった。本発明では、等方加圧により積層界面を密着させることにより、層間密着性を高め内部抵抗を低減する。これにより全固体リチウムイオン二次電池の実用化に寄与する。,電極シート成形装置を備え、等方加圧により積層界面を密着させることを特徴とする全固体電池。,蒼海自動車,松本 静香,B32B37/00;H01M10/0585,登録
特願2022-100917,2022/07/26,リチウム析出制御層及びその製造方法,本発明は、リチウム析出制御層に関する。従来技術では負極と電解質の界面で副反応が進行するという課題があった。本発明では、固体電解質との界面に緩衝層を挿入することにより、サイクル後の容量維持率を改善する。これにより全固体リチウムイオン二次電池の実用化に寄与する。,リチウム析出制御層を備え、固体電解質との界面に緩衝層を挿入することを特徴とする全固体電池。,蒼海自動車,中村 由美;渡辺 太郎,H01M10/052;H01M4/38,公開
特願2021-100400,2021/07/01,NCM系正極と固体電解質の複合体及びその製造方法,本発明は、NCM系正極と固体電解質の複合体に関する。従来技術では正極活物質と硫化物電解質の界面で高抵抗層が形成されるという課題があった。本発明では、スラリー混練条件を制御し均一分散させることにより、サイクル後の容量維持率を改善する。これにより全固体リチウムイオン二次電池の実用化に寄与する。,NCM系正極と固体電解質の複合体を備え、スラリー混練条件を制御し均一分散させることを特徴とする全固体電池。,蒼海自動車,高橋 拓也;田中 花子,H01M10/0562,登録
特願2018-100696,2018/04/13,電極シート成形装置を用いた全固体電池,本発明は、電極シート成形装置に関する。従来技術では溶媒系プロセスが電解質を劣化させるという課題があった。本発明では、等方加圧により積層界面を密着させることにより、層間密着性を高め内部抵抗を低減する。これにより全固体リチウムイオン二次電池の実用化に寄与する。,電極シート成形装置を備え、等方加圧により積層界面を密着させることを特徴とする全固体電池。,蒼海自動車,井上 恵;山本 修平;鈴木 隆,H01M10/0585;H01M4/04,登録
特願2015-100804,2015/06/28,電池モジュール筐体を用いた全固体電池,本発明は、電池モジュール筐体に関する。従来技術では直列積層時の熱分布が不均一になるという課題があった。本発明では、冷却流路をモジュール内に一体成形することにより、温度分布を均一化し寿命を延ばす。これにより全固体リチウムイオン二次電池の実用化に寄与する。,電池モジュール筐体を備え、冷却流路をモジュール内に一体成形することを特徴とする全固体電池。,九曜電子,田中 望;中村 直樹;渡辺 美咲,H01M10/613;H01M50/20,登録
特願2020-100260,2020/07/26,酸化物系固体電解質焼結体及びその製造方法,本発明は、酸化物系固体電解質焼結体に関する。従来技術では薄膜化すると機械的強度が不足するという課題があった。本発明では、テープ成形により薄膜シート化することにより、デンドライト耐性を改善する。これにより全固体リチウムイオン二次電池の実用化に寄与する。,酸化物系固体電解質焼結体を備え、テープ成形により薄膜シート化することを特徴とする全固体電池。,燕岳鉱業,松本 恵,C04B35/486;H01B1/08,拒絶
特願2021-100508,2021/02/21,正極-電解質界面被覆層及びその製造方法,本発明は、正極-電解質界面被覆層に関する。従来技術では正極活物質と硫化物電解質の界面で高抵抗層が形成されるという課題があった。本発明では、活物質表面に酸化物ナノ被覆層を形成することにより、サイクル後の容量維持率を改善する。これにより全固体リチウムイオン二次電池の実用化に寄与する。,正極-電解質界面被覆層を備え、活物質表面に酸化物ナノ被覆層を形成することを特徴とする全固体電池。,燕岳鉱業,木村 健一,H01M4/525,登録
特願2020-100658,2020/06/26,全固体電池の積層体及びその製造方法,本発明は、全固体電池の積層体に関する。従来技術では大面積化すると均一な加圧が難しいという課題があった。本発明では、ロールプレスの線圧条件を段階制御することにより、製造コストを削減する。これにより全固体リチウムイオン二次電池の実用化に寄与する。,全固体電池の積層体を備え、ロールプレスの線圧条件を段階制御することを特徴とする全固体電池。,遠州電池,中村 裕子;森 浩二,H01M10/0585;H01M4/04,拒絶
特願2015-100651,2015/08/21,電極シート成形装置を用いた全固体電池,本発明は、電極シート成形装置に関する。従来技術では積層時に層間に空隙が残り抵抗が増えるという課題があった。本発明では、乾式成膜により無溶媒で電極層を形成することにより、層間密着性を高め内部抵抗を低減する。これにより全固体リチウムイオン二次電池の実用化に寄与する。,電極シート成形装置を備え、乾式成膜により無溶媒で電極層を形成することを特徴とする全固体電池。,蒼海自動車,森 修平;鈴木 静香,H01M10/0585;H01M4/04,登録
特願2022-100893,2022/07/11,Li2S-P2S5系ガラスセラミックス及びその製造方法,本発明は、Li2S-P2S5系ガラスセラミックスに関する。従来技術では電極との界面抵抗が増大するという課題があった。本発明では、表面を酸化物系保護層で被覆することにより、デンドライト発生を抑制し安全性を高める。これにより全固体リチウムイオン二次電池の実用化に寄与する。,Li2S-P2S5系ガラスセラミックスを備え、表面を酸化物系保護層で被覆することを特徴とする全固体電池。,蒼海自動車,伊藤 直樹;木村 彩;斎藤 太郎,C01B17/22;H01M10/0562,公開
特願2015-100869,2015/03/18,バイポーラ型全固体電池及びその製造方法,本発明は、バイポーラ型全固体電池に関する。従来技術では端子部の接触抵抗が大きいという課題があった。本発明では、バイポーラ集電体で直列接続を内蔵化することにより、温度分布を均一化し寿命を延ばす。これにより全固体リチウムイオン二次電池の実用化に寄与する。,バイポーラ型全固体電池を備え、バイポーラ集電体で直列接続を内蔵化することを特徴とする全固体電池。,九曜電子,木村 大輔;林 望;渡辺 浩二,H01M50/20,拒絶
特願2022-100464,2022/09/08,正極-電解質界面被覆層及びその製造方法,本発明は、正極-電解質界面被覆層に関する。従来技術では複合正極内のイオン伝導経路が不連続になるという課題があった。本発明では、導電助剤と電解質の配合比を最適化することにより、サイクル後の容量維持率を改善する。これにより全固体リチウムイオン二次電池の実用化に寄与する。,正極-電解質界面被覆層を備え、導電助剤と電解質の配合比を最適化することを特徴とする全固体電池。,白鳳電機産業,伊藤 静香,H01M4/62,公開
特願2019-100321,2019/06/13,リチウム塩含有ポリマー膜を用いた全固体電池,本発明は、リチウム塩含有ポリマー膜に関する。従来技術では機械的強度と柔軟性の両立が難しいという課題があった。本発明では、紫外線架橋により三次元網目構造を形成することにより、界面追従性を高める。これにより全固体リチウムイオン二次電池の実用化に寄与する。,リチウム塩含有ポリマー膜を備え、紫外線架橋により三次元網目構造を形成することを特徴とする全固体電池。,蒼海自動車,吉田 恵;小林 健一,C08J5/22;H01M10/0565,登録
特願2021-100715,2021/10/11,全固体電池の積層体及びその製造方法,本発明は、全固体電池の積層体に関する。従来技術では溶媒系プロセスが電解質を劣化させるという課題があった。本発明では、乾式成膜により無溶媒で電極層を形成することにより、量産タクトを短縮する。これにより全固体リチウムイオン二次電池の実用化に寄与する。,全固体電池の積層体を備え、乾式成膜により無溶媒で電極層を形成することを特徴とする全固体電池。,蒼海自動車,佐藤 望;木村 恵,B32B37/00;H01M4/04,拒絶
特願2016-100793,2016/05/08,積層セルパッケージ及びその製造方法,本発明は、積層セルパッケージに関する。従来技術では直列積層時の熱分布が不均一になるという課題があった。本発明では、バイポーラ集電体で直列接続を内蔵化することにより、部品点数を削減する。これにより全固体リチウムイオン二次電池の実用化に寄与する。,積層セルパッケージを備え、バイポーラ集電体で直列接続を内蔵化することを特徴とする全固体電池。,ハンビット電池,林 健一;鈴木 浩二,H01M10/613;H01M50/509,取下
特願2018-100182,2018/02/21,ガーネット型LLZO酸化物及びその製造方法,本発明は、ガーネット型LLZO酸化物に関する。従来技術ではリチウムデンドライトが粒界を伝播するという課題があった。本発明では、焼結助剤を添加して低温焼結を可能にすることにより、低温プロセスでの量産性を高める。これにより全固体リチウムイオン二次電池の実用化に寄与する。,ガーネット型LLZO酸化物を備え、焼結助剤を添加して低温焼結を可能にすることを特徴とする全固体電池。,蒼海自動車,渡辺 望,C04B35/486;H01B1/08,拒絶
特願2017-100328,2017/06/02,リチウム塩含有ポリマー膜及びその製造方法,本発明は、リチウム塩含有ポリマー膜に関する。従来技術では室温でのイオン伝導度が低いという課題があった。本発明では、紫外線架橋により三次元網目構造を形成することにより、柔軟性と伝導度を両立する。これにより全固体リチウムイオン二次電池の実用化に寄与する。,リチウム塩含有ポリマー膜を備え、紫外線架橋により三次元網目構造を形成することを特徴とする全固体電池。,蒼海自動車,高橋 美咲,C08J5/22;H01M10/0565,拒絶
特願2018-100065,2018/07/15,硫化物系固体電解質及びその製造方法,本発明は、硫化物系固体電解質に関する。従来技術では粒界での抵抗が大きいという課題があった。本発明では、ハロゲン元素を部分置換した組成とすることにより、硫化水素の発生量を大幅に抑制する。これにより全固体リチウムイオン二次電池の実用化に寄与する。,硫化物系固体電解質を備え、ハロゲン元素を部分置換した組成とすることを特徴とする全固体電池。,常盤田精機,佐藤 花子,C01B17/22;H01B1/06,登録
特願2024-100884,2024/02/19,無負極型集電体構造及びその製造方法,本発明は、無負極型集電体構造に関する。従来技術では負極と電解質の界面で副反応が進行するという課題があった。本発明では、固体電解質との界面に緩衝層を挿入することにより、充放電サイクル特性を改善する。これにより全固体リチウムイオン二次電池の実用化に寄与する。,無負極型集電体構造を備え、固体電解質との界面に緩衝層を挿入することを特徴とする全固体電池。,みなと化学工業,佐藤 拓也,H01M10/052,審査中
特願2020-100621,2020/09/02,リチウム析出制御層を用いた全固体電池,本発明は、リチウム析出制御層に関する。従来技術では負極と電解質の界面で副反応が進行するという課題があった。本発明では、固体電解質との界面に緩衝層を挿入することにより、デンドライト発生を抑制し安全性を高める。これにより全固体リチウムイオン二次電池の実用化に寄与する。,リチウム析出制御層を備え、固体電解質との界面に緩衝層を挿入することを特徴とする全固体電池。,汐留マテリアル,松本 浩二;高橋 香織,H01M4/38,審査中
特願2025-100542,2025/11/23,リチウム金属負極及びその製造方法,本発明は、リチウム金属負極に関する。従来技術ではリチウムの不均一析出で容量が劣化するという課題があった。本発明では、固体電解質との界面に緩衝層を挿入することにより、エネルギー密度を大幅に向上する。これにより全固体リチウムイオン二次電池の実用化に寄与する。,リチウム金属負極を備え、固体電解質との界面に緩衝層を挿入することを特徴とする全固体電池。,蒼海自動車,渡辺 恵,H01M10/052;H01M4/134,公開
特願2020-100825,2020/12/27,バイポーラ型全固体電池を用いた全固体電池,本発明は、バイポーラ型全固体電池に関する。従来技術では直列積層時の熱分布が不均一になるという課題があった。本発明では、バイポーラ集電体で直列接続を内蔵化することにより、温度分布を均一化し寿命を延ばす。これにより全固体リチウムイオン二次電池の実用化に寄与する。,バイポーラ型全固体電池を備え、バイポーラ集電体で直列接続を内蔵化することを特徴とする全固体電池。,蒼海自動車,伊藤 真一,H01M50/20;H01M50/509,登録
特願2024-100638,2024/02/18,無負極型集電体構造及びその製造方法,本発明は、無負極型集電体構造に関する。従来技術では負極と電解質の界面で副反応が進行するという課題があった。本発明では、析出溶解を均一化する拘束圧構造を採用することにより、クーロン効率を改善する。これにより全固体リチウムイオン二次電池の実用化に寄与する。,無負極型集電体構造を備え、析出溶解を均一化する拘束圧構造を採用することを特徴とする全固体電池。,白鳳電機産業,渡辺 健一;井上 美咲;森 真一,H01M10/052;H01M4/38,審査中
特願2024-100513,2024/10/25,正極-電解質界面被覆層を用いた全固体電池,本発明は、正極-電解質界面被覆層に関する。従来技術では複合正極内のイオン伝導経路が不連続になるという課題があった。本発明では、導電助剤と電解質の配合比を最適化することにより、電極内の利用率を向上する。これにより全固体リチウムイオン二次電池の実用化に寄与する。,正極-電解質界面被覆層を備え、導電助剤と電解質の配合比を最適化することを特徴とする全固体電池。,燕岳鉱業,高橋 裕子;鈴木 健一;渡辺 裕子,H01M10/0562;H01M4/525,公開
特願2016-100106,2016/01/12,アルジロダイト型硫化物及びその製造方法,本発明は、アルジロダイト型硫化物に関する。従来技術では粒界での抵抗が大きいという課題があった。本発明では、ハロゲン元素を部分置換した組成とすることにより、硫化水素の発生量を大幅に抑制する。これにより全固体リチウムイオン二次電池の実用化に寄与する。,アルジロダイト型硫化物を備え、ハロゲン元素を部分置換した組成とすることを特徴とする全固体電池。,蒼海自動車,井上 直樹;山田 花子;加藤 彩,H01M10/0562,登録
特願2017-100203,2017/06/27,ガーネット型LLZO酸化物及びその製造方法,本発明は、ガーネット型LLZO酸化物に関する。従来技術ではリチウムデンドライトが粒界を伝播するという課題があった。本発明では、テープ成形により薄膜シート化することにより、デンドライト耐性を改善する。これにより全固体リチウムイオン二次電池の実用化に寄与する。,ガーネット型LLZO酸化物を備え、テープ成形により薄膜シート化することを特徴とする全固体電池。,みなと化学工業,林 望;鈴木 健一;松本 恵,H01B1/08;H01M10/0562,登録
特願2021-100001,2021/02/26,アルジロダイト型硫化物及びその製造方法,本発明は、アルジロダイト型硫化物に関する。従来技術ではイオン伝導度が実用水準に届かないという課題があった。本発明では、ハロゲン元素を部分置換した組成とすることにより、充放電サイクル特性を改善する。これにより全固体リチウムイオン二次電池の実用化に寄与する。,アルジロダイト型硫化物を備え、ハロゲン元素を部分置換した組成とすることを特徴とする全固体電池。,常盤田精機,加藤 修平,C01B17/22;H01B1/06,登録
特願2021-100753,2021/10/24,電極シート成形装置を用いた全固体電池,本発明は、電極シート成形装置に関する。従来技術では溶媒系プロセスが電解質を劣化させるという課題があった。本発明では、ロールプレスの線圧条件を段階制御することにより、製造コストを削減する。これにより全固体リチウムイオン二次電池の実用化に寄与する。,電極シート成形装置を備え、ロールプレスの線圧条件を段階制御することを特徴とする全固体電池。,蒼海自動車,中村 修平;林 静香;田中 修平,H01M10/0585;H01M4/04,登録
特願2018-100091,2018/06/17,Li6PS5Cl固体電解質及びその製造方法,本発明は、Li6PS5Cl固体電解質に関する。従来技術では粒界での抵抗が大きいという課題があった。本発明では、ガラスセラミックス化の熱処理条件を最適化することにより、室温で高いリチウムイオン伝導度を実現する。これにより全固体リチウムイオン二次電池の実用化に寄与する。,Li6PS5Cl固体電解質を備え、ガラスセラミックス化の熱処理条件を最適化することを特徴とする全固体電池。,みなと化学工業,加藤 香織;高橋 大輔,C01B17/22,登録
特願2023-100536,2023/02/25,リチウム合金負極及びその製造方法,本発明は、リチウム合金負極に関する。従来技術では負極と電解質の界面で副反応が進行するという課題があった。本発明では、固体電解質との界面に緩衝層を挿入することにより、デンドライト発生を抑制し安全性を高める。これにより全固体リチウムイオン二次電池の実用化に寄与する。,リチウム合金負極を備え、固体電解質との界面に緩衝層を挿入することを特徴とする全固体電池。,みなと化学工業,渡辺 静香,H01M4/134;H01M4/38,公開
特願2021-100697,2021/09/24,乾式電極成形プロセス及びその製造方法,本発明は、乾式電極成形プロセスに関する。従来技術では大面積化すると均一な加圧が難しいという課題があった。本発明では、ロールプレスの線圧条件を段階制御することにより、量産タクトを短縮する。これにより全固体リチウムイオン二次電池の実用化に寄与する。,乾式電極成形プロセスを備え、ロールプレスの線圧条件を段階制御することを特徴とする全固体電池。,九曜電子,小林 太郎;井上 真一;鈴木 恵,B32B37/00;H01M4/04,登録
特願2017-100812,2017/09/07,バイポーラ型全固体電池及びその製造方法,本発明は、バイポーラ型全固体電池に関する。従来技術では直列積層時の熱分布が不均一になるという課題があった。本発明では、バイポーラ集電体で直列接続を内蔵化することにより、部品点数を削減する。これにより全固体リチウムイオン二次電池の実用化に寄与する。,バイポーラ型全固体電池を備え、バイポーラ集電体で直列接続を内蔵化することを特徴とする全固体電池。,東都工業大学,渡辺 亮;木村 健一,H01M50/20;H01M50/509,取下
特願2019-100188,2019/12/08,ペロブスカイト型酸化物電解質及びその製造方法,本発明は、ペロブスカイト型酸化物電解質に関する。従来技術では粒界抵抗がイオン伝導を阻害するという課題があった。本発明では、粒界に非晶質層を導入することにより、デンドライト耐性を改善する。これにより全固体リチウムイオン二次電池の実用化に寄与する。,ペロブスカイト型酸化物電解質を備え、粒界に非晶質層を導入することを特徴とする全固体電池。,北斗モータース,林 健一;佐藤 亮,H01B1/08,公開
特願2019-100838,2019/06/24,電池モジュール筐体及びその製造方法,本発明は、電池モジュール筐体に関する。従来技術では直列積層時の熱分布が不均一になるという課題があった。本発明では、弾性部材を介した均一拘束構造とすることにより、部品点数を削減する。これにより全固体リチウムイオン二次電池の実用化に寄与する。,電池モジュール筐体を備え、弾性部材を介した均一拘束構造とすることを特徴とする全固体電池。,蓬莱新能源,松本 裕子,H01M10/613;H01M50/20,登録
特願2022-100202,2022/01/23,酸化物系固体電解質焼結体及びその製造方法,本発明は、酸化物系固体電解質焼結体に関する。従来技術ではリチウムデンドライトが粒界を伝播するという課題があった。本発明では、ドーパント元素で結晶構造を安定化することにより、粒界抵抗を低減し伝導度を向上する。これにより全固体リチウムイオン二次電池の実用化に寄与する。,酸化物系固体電解質焼結体を備え、ドーパント元素で結晶構造を安定化することを特徴とする全固体電池。,蓬莱新能源,山本 静香;高橋 隆;松本 誠,C04B35/486;H01M10/0562,公開
特願2018-100027,2018/03/23,Li2S-P2S5系ガラスセラミックスを用いた全固体電池,本発明は、Li2S-P2S5系ガラスセラミックスに関する。従来技術では大気中の水分と反応して硫化水素が発生するという課題があった。本発明では、表面を酸化物系保護層で被覆することにより、室温で高いリチウムイオン伝導度を実現する。これにより全固体リチウムイオン二次電池の実用化に寄与する。,Li2S-P2S5系ガラスセラミックスを備え、表面を酸化物系保護層で被覆することを特徴とする全固体電池。,九曜電子,小林 修平;山本 誠;山口 誠,C01B17/22;H01M10/0562,登録
特願2020-100734,2020/09/04,乾式電極成形プロセス及びその製造方法,本発明は、乾式電極成形プロセスに関する。従来技術では大面積化すると均一な加圧が難しいという課題があった。本発明では、ロールプレスの線圧条件を段階制御することにより、製造コストを削減する。これにより全固体リチウムイオン二次電池の実用化に寄与する。,乾式電極成形プロセスを備え、ロールプレスの線圧条件を段階制御することを特徴とする全固体電池。,蒼海自動車,中村 花子,B32B37/00,審査中
特願2024-100216,2024/04/13,ペロブスカイト型酸化物電解質を用いた全固体電池,本発明は、ペロブスカイト型酸化物電解質に関する。従来技術では焼結温度が高くエネルギーコストが大きいという課題があった。本発明では、粒界に非晶質層を導入することにより、粒界抵抗を低減し伝導度を向上する。これにより全固体リチウムイオン二次電池の実用化に寄与する。,ペロブスカイト型酸化物電解質を備え、粒界に非晶質層を導入することを特徴とする全固体電池。,常盤田精機,鈴木 裕子;吉田 太郎,H01B1/08;H01M10/0562,公開
特願2016-100119,2016/02/06,アルジロダイト型硫化物及びその製造方法,本発明は、アルジロダイト型硫化物に関する。従来技術では粒界での抵抗が大きいという課題があった。本発明では、ハロゲン元素を部分置換した組成とすることにより、室温で高いリチウムイオン伝導度を実現する。これにより全固体リチウムイオン二次電池の実用化に寄与する。,アルジロダイト型硫化物を備え、ハロゲン元素を部分置換した組成とすることを特徴とする全固体電池。,東雲重工業,山本 静香;渡辺 由美,H01B1/06;H01M10/0562,登録
特願2021-100668,2021/06/09,加圧焼結積層工程及びその製造方法,本発明は、加圧焼結積層工程に関する。従来技術では溶媒系プロセスが電解質を劣化させるという課題があった。本発明では、ロールプレスの線圧条件を段階制御することにより、製造コストを削減する。これにより全固体リチウムイオン二次電池の実用化に寄与する。,加圧焼結積層工程を備え、ロールプレスの線圧条件を段階制御することを特徴とする全固体電池。,白鳳電機産業,小林 修平;山田 隆,H01M10/0585;H01M4/04,登録
特願2015-100002,2015/02/02,硫化物系固体電解質及びその製造方法,本発明は、硫化物系固体電解質に関する。従来技術では大気中の水分と反応して硫化水素が発生するという課題があった。本発明では、ハロゲン元素を部分置換した組成とすることにより、室温で高いリチウムイオン伝導度を実現する。これにより全固体リチウムイオン二次電池の実用化に寄与する。,硫化物系固体電解質を備え、ハロゲン元素を部分置換した組成とすることを特徴とする全固体電池。,九曜電子,加藤 裕子;中村 拓也;斎藤 浩二,H01B1/06;H01M10/0562,拒絶
特願2015-100232,2015/02/04,ガーネット型LLZO酸化物及びその製造方法,本発明は、ガーネット型LLZO酸化物に関する。従来技術では焼結温度が高くエネルギーコストが大きいという課題があった。本発明では、テープ成形により薄膜シート化することにより、デンドライト耐性を改善する。これにより全固体リチウムイオン二次電池の実用化に寄与する。,ガーネット型LLZO酸化物を備え、テープ成形により薄膜シート化することを特徴とする全固体電池。,九曜電子,松本 彩,C04B35/486;H01B1/08,登録
特願2019-100335,2019/07/13,有機無機ハイブリッド電解質膜及びその製造方法,本発明は、有機無機ハイブリッド電解質膜に関する。従来技術では室温でのイオン伝導度が低いという課題があった。本発明では、紫外線架橋により三次元網目構造を形成することにより、柔軟性と伝導度を両立する。これにより全固体リチウムイオン二次電池の実用化に寄与する。,有機無機ハイブリッド電解質膜を備え、紫外線架橋により三次元網目構造を形成することを特徴とする全固体電池。,暁化成,松本 誠;田中 恵;吉田 亮,C08J5/22;H01M10/0565,登録
特願2021-100153,2021/04/21,Li6PS5Cl固体電解質を用いた全固体電池,本発明は、Li6PS5Cl固体電解質に関する。従来技術では粒界での抵抗が大きいという課題があった。本発明では、表面を酸化物系保護層で被覆することにより、充放電サイクル特性を改善する。これにより全固体リチウムイオン二次電池の実用化に寄与する。,Li6PS5Cl固体電解質を備え、表面を酸化物系保護層で被覆することを特徴とする全固体電池。,ハンビット電池,清水 誠;松本 隆,H01B1/06;H01M10/0562,拒絶
特願2018-100604,2018/02/22,リチウム金属負極及びその製造方法,本発明は、リチウム金属負極に関する。従来技術では充電時にデンドライトが成長し短絡に至るという課題があった。本発明では、析出溶解を均一化する拘束圧構造を採用することにより、デンドライト発生を抑制し安全性を高める。これにより全固体リチウムイオン二次電池の実用化に寄与する。,リチウム金属負極を備え、析出溶解を均一化する拘束圧構造を採用することを特徴とする全固体電池。,蒼海自動車,山田 恵;斎藤 望;松本 真一,H01M10/052;H01M4/38,登録
特願2021-100625,2021/09/24,リチウム金属負極及びその製造方法,本発明は、リチウム金属負極に関する。従来技術では充電時にデンドライトが成長し短絡に至るという課題があった。本発明では、析出溶解を均一化する拘束圧構造を採用することにより、クーロン効率を改善する。これにより全固体リチウムイオン二次電池の実用化に寄与する。,リチウム金属負極を備え、析出溶解を均一化する拘束圧構造を採用することを特徴とする全固体電池。,ハンビット電池,高橋 大輔;小林 由美,H01M4/134;H01M4/38,登録
特願2019-100374,2019/03/22,ポリエチレンオキシド系ポリマー電解質及びその製造方法,本発明は、ポリエチレンオキシド系ポリマー電解質に関する。従来技術では電位窓が狭く高電圧正極に適用できないという課題があった。本発明では、可塑剤と無機フィラーを複合化することにより、界面追従性を高める。これにより全固体リチウムイオン二次電池の実用化に寄与する。,ポリエチレンオキシド系ポリマー電解質を備え、可塑剤と無機フィラーを複合化することを特徴とする全固体電池。,燕岳鉱業,清水 直樹,C08J5/22;H01B1/12,公開
特願2021-100584,2021/09/14,リチウム析出制御層及びその製造方法,本発明は、リチウム析出制御層に関する。従来技術ではリチウムの不均一析出で容量が劣化するという課題があった。本発明では、析出溶解を均一化する拘束圧構造を採用することにより、デンドライト発生を抑制し安全性を高める。これにより全固体リチウムイオン二次電池の実用化に寄与する。,リチウム析出制御層を備え、析出溶解を均一化する拘束圧構造を採用することを特徴とする全固体電池。,汐留マテリアル,加藤 浩二,H01M10/052;H01M4/38,公開
特願2019-100768,2019/01/05,全固体電池の積層体を用いた全固体電池,本発明は、全固体電池の積層体に関する。従来技術では溶媒系プロセスが電解質を劣化させるという課題があった。本発明では、等方加圧により積層界面を密着させることにより、量産タクトを短縮する。これにより全固体リチウムイオン二次電池の実用化に寄与する。,全固体電池の積層体を備え、等方加圧により積層界面を密着させることを特徴とする全固体電池。,遠州電池,中村 修平;小林 健一;山田 太郎,H01M4/04,登録
特願2018-100392,2018/12/10,NCM系正極と固体電解質の複合体及びその製造方法,本発明は、NCM系正極と固体電解質の複合体に関する。従来技術では充放電に伴う体積変化で界面が剥離するという課題があった。本発明では、スラリー混練条件を制御し均一分散させることにより、サイクル後の容量維持率を改善する。これにより全固体リチウムイオン二次電池の実用化に寄与する。,NCM系正極と固体電解質の複合体を備え、スラリー混練条件を制御し均一分散させることを特徴とする全固体電池。,遠州電池,伊藤 彩;清水 直樹;山口 由美,H01M10/0562;H01M4/62,登録
特願2020-100646,2020/06/03,電極シート成形装置及びその製造方法,本発明は、電極シート成形装置に関する。従来技術では溶媒系プロセスが電解質を劣化させるという課題があった。本発明では、等方加圧により積層界面を密着させることにより、層間密着性を高め内部抵抗を低減する。これにより全固体リチウムイオン二次電池の実用化に寄与する。,電極シート成形装置を備え、等方加圧により積層界面を密着させることを特徴とする全固体電池。,菫マテリアルズ,渡辺 誠;井上 真一;田中 恵,H01M4/04,登録
特願2017-100866,2017/10/01,拘束圧付与機構及びその製造方法,本発明は、拘束圧付与機構に関する。従来技術では直列積層時の熱分布が不均一になるという課題があった。本発明では、バイポーラ集電体で直列接続を内蔵化することにより、体積エネルギー密度を高める。これにより全固体リチウムイオン二次電池の実用化に寄与する。,拘束圧付与機構を備え、バイポーラ集電体で直列接続を内蔵化することを特徴とする全固体電池。,みなと化学工業,山口 望,H01M10/613;H01M50/509,登録
特願2018-100528,2018/01/28,NCM系正極と固体電解質の複合体を用いた全固体電池,本発明は、NCM系正極と固体電解質の複合体に関する。従来技術では複合正極内のイオン伝導経路が不連続になるという課題があった。本発明では、導電助剤と電解質の配合比を最適化することにより、界面抵抗を低減し出力特性を高める。これにより全固体リチウムイオン二次電池の実用化に寄与する。,NCM系正極と固体電解質の複合体を備え、導電助剤と電解質の配合比を最適化することを特徴とする全固体電池。,九曜電子,高橋 誠,H01M4/525;H01M4/62,登録
特願2020-100747,2020/01/24,電極シート成形装置を用いた全固体電池,本発明は、電極シート成形装置に関する。従来技術では溶媒系プロセスが電解質を劣化させるという課題があった。本発明では、等方加圧により積層界面を密着させることにより、量産タクトを短縮する。これにより全固体リチウムイオン二次電池の実用化に寄与する。,電極シート成形装置を備え、等方加圧により積層界面を密着させることを特徴とする全固体電池。,若草セラミックス,清水 健一,B32B37/00;H01M10/0585,審査中
特願2018-100243,2018/05/01,酸化物系固体電解質焼結体を用いた全固体電池,本発明は、酸化物系固体電解質焼結体に関する。従来技術では粒界抵抗がイオン伝導を阻害するという課題があった。本発明では、テープ成形により薄膜シート化することにより、粒界抵抗を低減し伝導度を向上する。これにより全固体リチウムイオン二次電池の実用化に寄与する。,酸化物系固体電解質焼結体を備え、テープ成形により薄膜シート化することを特徴とする全固体電池。,常盤田精機,山口 望,C04B35/486;H01M10/0562,登録
特願2021-100441,2021/06/17,NCM系正極と固体電解質の複合体を用いた全固体電池,本発明は、NCM系正極と固体電解質の複合体に関する。従来技術では充放電に伴う体積変化で界面が剥離するという課題があった。本発明では、導電助剤と電解質の配合比を最適化することにより、電極内の利用率を向上する。これにより全固体リチウムイオン二次電池の実用化に寄与する。,NCM系正極と固体電解質の複合体を備え、導電助剤と電解質の配合比を最適化することを特徴とする全固体電池。,蒼海自動車,清水 裕子,H01M4/62,登録
特願2021-100653,2021/07/17,全固体電池の積層体及びその製造方法,本発明は、全固体電池の積層体に関する。従来技術では大面積化すると均一な加圧が難しいという課題があった。本発明では、等方加圧により積層界面を密着させることにより、層間密着性を高め内部抵抗を低減する。これにより全固体リチウムイオン二次電池の実用化に寄与する。,全固体電池の積層体を備え、等方加圧により積層界面を密着させることを特徴とする全固体電池。,蓬莱新能源,山田 大輔;木村 望;加藤 隆,B32B37/00;H01M4/04,登録
特願2019-100837,2019/10/27,拘束圧付与機構を用いた全固体電池,本発明は、拘束圧付与機構に関する。従来技術では直列積層時の熱分布が不均一になるという課題があった。本発明では、弾性部材を介した均一拘束構造とすることにより、体積エネルギー密度を高める。これにより全固体リチウムイオン二次電池の実用化に寄与する。,拘束圧付与機構を備え、弾性部材を介した均一拘束構造とすることを特徴とする全固体電池。,汐留マテリアル,木村 誠,H01M50/20;H01M50/509,拒絶
特願2019-100846,2019/07/17,電池モジュール筐体を用いた全固体電池,本発明は、電池モジュール筐体に関する。従来技術ではセル拘束圧の維持と軽量化が両立しないという課題があった。本発明では、冷却流路をモジュール内に一体成形することにより、部品点数を削減する。これにより全固体リチウムイオン二次電池の実用化に寄与する。,電池モジュール筐体を備え、冷却流路をモジュール内に一体成形することを特徴とする全固体電池。,蒼海自動車,山口 望;小林 大輔;松本 拓也,H01M10/613;H01M50/20,登録
特願2024-100530,2024/07/08,NCM系正極と固体電解質の複合体及びその製造方法,本発明は、NCM系正極と固体電解質の複合体に関する。従来技術では充放電に伴う体積変化で界面が剥離するという課題があった。本発明では、スラリー混練条件を制御し均一分散させることにより、サイクル後の容量維持率を改善する。これにより全固体リチウムイオン二次電池の実用化に寄与する。,NCM系正極と固体電解質の複合体を備え、スラリー混練条件を制御し均一分散させることを特徴とする全固体電池。,蒼海自動車,中村 望,H01M10/0562;H01M4/525,公開
特願2017-100813,2017/01/28,電池モジュール筐体を用いた全固体電池,本発明は、電池モジュール筐体に関する。従来技術では直列積層時の熱分布が不均一になるという課題があった。本発明では、冷却流路をモジュール内に一体成形することにより、体積エネルギー密度を高める。これにより全固体リチウムイオン二次電池の実用化に寄与する。,電池モジュール筐体を備え、冷却流路をモジュール内に一体成形することを特徴とする全固体電池。,みなと化学工業,山本 美咲;木村 拓也,H01M10/613;H01M50/20,拒絶
特願2021-100515,2021/04/27,複合正極合材及びその製造方法,本発明は、複合正極合材に関する。従来技術では正極活物質と硫化物電解質の界面で高抵抗層が形成されるという課題があった。本発明では、活物質表面に酸化物ナノ被覆層を形成することにより、サイクル後の容量維持率を改善する。これにより全固体リチウムイオン二次電池の実用化に寄与する。,複合正極合材を備え、活物質表面に酸化物ナノ被覆層を形成することを特徴とする全固体電池。,白鳳電機産業,高橋 大輔;山口 彩;山本 誠,H01M10/0562;H01M4/525,登録
特願2019-100304,2019/04/07,リチウム塩含有ポリマー膜及びその製造方法,本発明は、リチウム塩含有ポリマー膜に関する。従来技術では電位窓が狭く高電圧正極に適用できないという課題があった。本発明では、ブロック共重合体で相分離構造を制御することにより、柔軟性と伝導度を両立する。これにより全固体リチウムイオン二次電池の実用化に寄与する。,リチウム塩含有ポリマー膜を備え、ブロック共重合体で相分離構造を制御することを特徴とする全固体電池。,蒼海自動車,清水 裕子,C08J5/22;H01M10/0565,登録
特願2024-100591,2024/05/28,リチウム析出制御層を用いた全固体電池,本発明は、リチウム析出制御層に関する。従来技術では充電時にデンドライトが成長し短絡に至るという課題があった。本発明では、固体電解質との界面に緩衝層を挿入することにより、クーロン効率を改善する。これにより全固体リチウムイオン二次電池の実用化に寄与する。,リチウム析出制御層を備え、固体電解質との界面に緩衝層を挿入することを特徴とする全固体電池。,桔梗精密,渡辺 亮,H01M4/134,審査中
特願2019-100213,2019/11/21,酸化物系固体電解質焼結体を用いた全固体電池,本発明は、酸化物系固体電解質焼結体に関する。従来技術では焼結温度が高くエネルギーコストが大きいという課題があった。本発明では、ドーパント元素で結晶構造を安定化することにより、低温プロセスでの量産性を高める。これにより全固体リチウムイオン二次電池の実用化に寄与する。,酸化物系固体電解質焼結体を備え、ドーパント元素で結晶構造を安定化することを特徴とする全固体電池。,桔梗精密,山本 拓也;林 亮;森 隆,H01B1/08,登録
特願2016-100315,2016/07/17,有機無機ハイブリッド電解質膜を用いた全固体電池,本発明は、有機無機ハイブリッド電解質膜に関する。従来技術では電位窓が狭く高電圧正極に適用できないという課題があった。本発明では、可塑剤と無機フィラーを複合化することにより、薄膜大面積化を容易にする。これにより全固体リチウムイオン二次電池の実用化に寄与する。,有機無機ハイブリッド電解質膜を備え、可塑剤と無機フィラーを複合化することを特徴とする全固体電池。,九曜電子,鈴木 拓也;清水 亮,H01M10/0565,拒絶
特願2021-100057,2021/05/22,硫化物系固体電解質を用いた全固体電池,本発明は、硫化物系固体電解質に関する。従来技術では電極との界面抵抗が増大するという課題があった。本発明では、ハロゲン元素を部分置換した組成とすることにより、充放電サイクル特性を改善する。これにより全固体リチウムイオン二次電池の実用化に寄与する。,硫化物系固体電解質を備え、ハロゲン元素を部分置換した組成とすることを特徴とする全固体電池。,みなと化学工業,山本 花子;中村 直樹;鈴木 健一,H01M10/0562,公開
特願2020-100406,2020/11/02,複合正極合材及びその製造方法,本発明は、複合正極合材に関する。従来技術では正極活物質と硫化物電解質の界面で高抵抗層が形成されるという課題があった。本発明では、スラリー混練条件を制御し均一分散させることにより、電極内の利用率を向上する。これにより全固体リチウムイオン二次電池の実用化に寄与する。,複合正極合材を備え、スラリー混練条件を制御し均一分散させることを特徴とする全固体電池。,みなと化学工業,吉田 健一,H01M4/525,審査中
特願2016-100108,2016/02/10,硫化物系固体電解質を用いた全固体電池,本発明は、硫化物系固体電解質に関する。従来技術では電極との界面抵抗が増大するという課題があった。本発明では、微粒子化と加圧成形条件を制御することにより、室温で高いリチウムイオン伝導度を実現する。これにより全固体リチウムイオン二次電池の実用化に寄与する。,硫化物系固体電解質を備え、微粒子化と加圧成形条件を制御することを特徴とする全固体電池。,常盤田精機,加藤 望,H01B1/06,拒絶
特願2025-100913,2025/06/12,硫化物系固体電解質及びその製造方法,本発明は、硫化物系固体電解質に関する。従来技術では粒界での抵抗が大きいという課題があった。本発明では、微粒子化と加圧成形条件を制御することにより、薄膜大面積化を容易にする。これにより全固体リチウムイオン二次電池の実用化に寄与する。,硫化物系固体電解質を備え、微粒子化と加圧成形条件を制御することを特徴とする全固体電池。,蒼海自動車,山口 望;渡辺 恵,C01B17/22,公開
特願2020-100926,2020/07/24,酸化物系固体電解質焼結体及びその製造方法,本発明は、酸化物系固体電解質焼結体に関する。従来技術では薄膜化すると機械的強度が不足するという課題があった。本発明では、テープ成形により薄膜シート化することにより、粒界抵抗を低減し伝導度を向上する。これにより全固体リチウムイオン二次電池の実用化に寄与する。,酸化物系固体電解質焼結体を備え、テープ成形により薄膜シート化することを特徴とする全固体電池。,北斗モータース,斎藤 香織;吉田 大輔,C04B35/486;H01B1/08,拒絶
特願2015-100069,2015/01/24,Li6PS5Cl固体電解質を用いた全固体電池,本発明は、Li6PS5Cl固体電解質に関する。従来技術では大気中の水分と反応して硫化水素が発生するという課題があった。本発明では、ガラスセラミックス化の熱処理条件を最適化することにより、硫化水素の発生量を大幅に抑制する。これにより全固体リチウムイオン二次電池の実用化に寄与する。,Li6PS5Cl固体電解質を備え、ガラスセラミックス化の熱処理条件を最適化することを特徴とする全固体電池。,東雲重工業,鈴木 望;清水 美咲,H01M10/0562,拒絶
特願2019-100329,2019/10/24,有機無機ハイブリッド電解質膜及びその製造方法,本発明は、有機無機ハイブリッド電解質膜に関する。従来技術では電位窓が狭く高電圧正極に適用できないという課題があった。本発明では、紫外線架橋により三次元網目構造を形成することにより、薄膜大面積化を容易にする。これにより全固体リチウムイオン二次電池の実用化に寄与する。,有機無機ハイブリッド電解質膜を備え、紫外線架橋により三次元網目構造を形成することを特徴とする全固体電池。,北斗モータース,加藤 修平;清水 恵,C08J5/22;H01B1/12,登録
特願2023-100538,2023/09/24,無負極型集電体構造及びその製造方法,本発明は、無負極型集電体構造に関する。従来技術ではリチウムの不均一析出で容量が劣化するという課題があった。本発明では、集電体表面に親リチウム性シード層を設けることにより、クーロン効率を改善する。これにより全固体リチウムイオン二次電池の実用化に寄与する。,無負極型集電体構造を備え、集電体表面に親リチウム性シード層を設けることを特徴とする全固体電池。,九曜電子,林 修平;高橋 修平,H01M10/052;H01M4/134,審査中
特願2017-100674,2017/06/08,電極シート成形装置及びその製造方法,本発明は、電極シート成形装置に関する。従来技術では溶媒系プロセスが電解質を劣化させるという課題があった。本発明では、ロールプレスの線圧条件を段階制御することにより、量産タクトを短縮する。これにより全固体リチウムイオン二次電池の実用化に寄与する。,電極シート成形装置を備え、ロールプレスの線圧条件を段階制御することを特徴とする全固体電池。,みなと化学工業,清水 静香;高橋 誠,B32B37/00,拒絶
特願2017-100110,2017/11/23,アルジロダイト型硫化物及びその製造方法,本発明は、アルジロダイト型硫化物に関する。従来技術では粒界での抵抗が大きいという課題があった。本発明では、微粒子化と加圧成形条件を制御することにより、硫化水素の発生量を大幅に抑制する。これにより全固体リチウムイオン二次電池の実用化に寄与する。,アルジロダイト型硫化物を備え、微粒子化と加圧成形条件を制御することを特徴とする全固体電池。,中央先端科学研究所,松本 直樹,C01B17/22;H01M10/0562,登録
特願2021-100085,2021/12/18,Li6PS5Cl固体電解質及びその製造方法,本発明は、Li6PS5Cl固体電解質に関する。従来技術ではイオン伝導度が実用水準に届かないという課題があった。本発明では、ガラスセラミックス化の熱処理条件を最適化することにより、硫化水素の発生量を大幅に抑制する。これにより全固体リチウムイオン二次電池の実用化に寄与する。,Li6PS5Cl固体電解質を備え、ガラスセラミックス化の熱処理条件を最適化することを特徴とする全固体電池。,北斗モータース,井上 真一,C01B17/22;H01M10/0562,審査中
特願2023-100648,2023/08/26,電極シート成形装置を用いた全固体電池,本発明は、電極シート成形装置に関する。従来技術では大面積化すると均一な加圧が難しいという課題があった。本発明では、等方加圧により積層界面を密着させることにより、層間密着性を高め内部抵抗を低減する。これにより全固体リチウムイオン二次電池の実用化に寄与する。,電極シート成形装置を備え、等方加圧により積層界面を密着させることを特徴とする全固体電池。,蒼海自動車,清水 静香;加藤 香織,H01M10/0585,審査中
特願2018-100549,2018/02/23,リチウム合金負極を用いた全固体電池,本発明は、リチウム合金負極に関する。従来技術では充電時にデンドライトが成長し短絡に至るという課題があった。本発明では、集電体表面に親リチウム性シード層を設けることにより、デンドライト発生を抑制し安全性を高める。これにより全固体リチウムイオン二次電池の実用化に寄与する。,リチウム合金負極を備え、集電体表面に親リチウム性シード層を設けることを特徴とする全固体電池。,白鳳電機産業,山口 亮;田中 恵,H01M10/052;H01M4/134,取下
特願2018-100280,2018/06/07,ペロブスカイト型酸化物電解質及びその製造方法,本発明は、ペロブスカイト型酸化物電解質に関する。従来技術では粒界抵抗がイオン伝導を阻害するという課題があった。本発明では、ドーパント元素で結晶構造を安定化することにより、粒界抵抗を低減し伝導度を向上する。これにより全固体リチウムイオン二次電池の実用化に寄与する。,ペロブスカイト型酸化物電解質を備え、ドーパント元素で結晶構造を安定化することを特徴とする全固体電池。,汐留マテリアル,林 静香,C04B35/486;H01M10/0562,登録
特願2019-100266,2019/01/16,ペロブスカイト型酸化物電解質及びその製造方法,本発明は、ペロブスカイト型酸化物電解質に関する。従来技術では焼結温度が高くエネルギーコストが大きいという課題があった。本発明では、焼結助剤を添加して低温焼結を可能にすることにより、低温プロセスでの量産性を高める。これにより全固体リチウムイオン二次電池の実用化に寄与する。,ペロブスカイト型酸化物電解質を備え、焼結助剤を添加して低温焼結を可能にすることを特徴とする全固体電池。,蒼海自動車,小林 美咲;伊藤 恵;高橋 健一,H01B1/08,拒絶
特願2022-100740,2022/10/09,加圧焼結積層工程及びその製造方法,本発明は、加圧焼結積層工程に関する。従来技術では溶媒系プロセスが電解質を劣化させるという課題があった。本発明では、等方加圧により積層界面を密着させることにより、層間密着性を高め内部抵抗を低減する。これにより全固体リチウムイオン二次電池の実用化に寄与する。,加圧焼結積層工程を備え、等方加圧により積層界面を密着させることを特徴とする全固体電池。,蒼海自動車,吉田 隆;鈴木 彩;木村 真一,B32B37/00;H01M10/0585,公開
特願2025-100518,2025/11/28,複合正極合材及びその製造方法,本発明は、複合正極合材に関する。従来技術では充放電に伴う体積変化で界面が剥離するという課題があった。本発明では、活物質表面に酸化物ナノ被覆層を形成することにより、サイクル後の容量維持率を改善する。これにより全固体リチウムイオン二次電池の実用化に寄与する。,複合正極合材を備え、活物質表面に酸化物ナノ被覆層を形成することを特徴とする全固体電池。,常盤田精機,斎藤 拓也,H01M10/0562,公開
特願2025-100728,2025/05/07,加圧焼結積層工程及びその製造方法,本発明は、加圧焼結積層工程に関する。従来技術では積層時に層間に空隙が残り抵抗が増えるという課題があった。本発明では、等方加圧により積層界面を密着させることにより、量産タクトを短縮する。これにより全固体リチウムイオン二次電池の実用化に寄与する。,加圧焼結積層工程を備え、等方加圧により積層界面を密着させることを特徴とする全固体電池。,東雲重工業,伊藤 浩二,H01M10/0585,審査中
特願2020-100016,2020/12/22,硫化物系固体電解質及びその製造方法,本発明は、硫化物系固体電解質に関する。従来技術ではイオン伝導度が実用水準に届かないという課題があった。本発明では、ハロゲン元素を部分置換した組成とすることにより、硫化水素の発生量を大幅に抑制する。これにより全固体リチウムイオン二次電池の実用化に寄与する。,硫化物系固体電解質を備え、ハロゲン元素を部分置換した組成とすることを特徴とする全固体電池。,蒼海自動車,加藤 由美;山本 恵;中村 静香,C01B17/22;H01M10/0562,公開
特願2016-100300,2016/08/08,ペロブスカイト型酸化物電解質を用いた全固体電池,本発明は、ペロブスカイト型酸化物電解質に関する。従来技術では薄膜化すると機械的強度が不足するという課題があった。本発明では、焼結助剤を添加して低温焼結を可能にすることにより、デンドライト耐性を改善する。これにより全固体リチウムイオン二次電池の実用化に寄与する。,ペロブスカイト型酸化物電解質を備え、焼結助剤を添加して低温焼結を可能にすることを特徴とする全固体電池。,遠州電池,渡辺 静香;鈴木 静香;佐藤 由美,C04B35/486;H01B1/08,登録
特願2020-100654,2020/07/10,乾式電極成形プロセスを用いた全固体電池,本発明は、乾式電極成形プロセスに関する。従来技術では大面積化すると均一な加圧が難しいという課題があった。本発明では、ロールプレスの線圧条件を段階制御することにより、製造コストを削減する。これにより全固体リチウムイオン二次電池の実用化に寄与する。,乾式電極成形プロセスを備え、ロールプレスの線圧条件を段階制御することを特徴とする全固体電池。,蒼海自動車,高橋 直樹,B32B37/00;H01M4/04,審査中
特願2024-100932,2024/09/26,ガーネット型LLZO酸化物及びその製造方法,本発明は、ガーネット型LLZO酸化物に関する。従来技術では粒界抵抗がイオン伝導を阻害するという課題があった。本発明では、粒界に非晶質層を導入することにより、柔軟性と伝導度を両立する。これにより全固体リチウムイオン二次電池の実用化に寄与する。,ガーネット型LLZO酸化物を備え、粒界に非晶質層を導入することを特徴とする全固体電池。,白鳳電機産業,森 修平;山田 静香,C04B35/486,公開
特願2020-100484,2020/11/19,NCM系正極と固体電解質の複合体及びその製造方法,本発明は、NCM系正極と固体電解質の複合体に関する。従来技術では正極活物質と硫化物電解質の界面で高抵抗層が形成されるという課題があった。本発明では、活物質表面に酸化物ナノ被覆層を形成することにより、サイクル後の容量維持率を改善する。これにより全固体リチウムイオン二次電池の実用化に寄与する。,NCM系正極と固体電解質の複合体を備え、活物質表面に酸化物ナノ被覆層を形成することを特徴とする全固体電池。,燕岳鉱業,山田 太郎;林 花子,H01M10/0562,登録
特願2022-100912,2022/11/15,ニオブ酸リチウム被覆正極活物質を用いた全固体電池,本発明は、ニオブ酸リチウム被覆正極活物質に関する。従来技術では正極活物質と硫化物電解質の界面で高抵抗層が形成されるという課題があった。本発明では、導電助剤と電解質の配合比を最適化することにより、電極内の利用率を向上する。これにより全固体リチウムイオン二次電池の実用化に寄与する。,ニオブ酸リチウム被覆正極活物質を備え、導電助剤と電解質の配合比を最適化することを特徴とする全固体電池。,九曜電子,吉田 花子;山田 浩二;鈴木 浩二,H01M10/0562;H01M4/525,公開
特願2023-100547,2023/04/06,リチウム金属負極及びその製造方法,本発明は、リチウム金属負極に関する。従来技術では充電時にデンドライトが成長し短絡に至るという課題があった。本発明では、析出溶解を均一化する拘束圧構造を採用することにより、クーロン効率を改善する。これにより全固体リチウムイオン二次電池の実用化に寄与する。,リチウム金属負極を備え、析出溶解を均一化する拘束圧構造を採用することを特徴とする全固体電池。,桔梗精密,渡辺 香織;渡辺 直樹,H01M4/38,登録
特願2024-100614,2024/09/04,リチウム析出制御層及びその製造方法,本発明は、リチウム析出制御層に関する。従来技術ではリチウムの不均一析出で容量が劣化するという課題があった。本発明では、集電体表面に親リチウム性シード層を設けることにより、エネルギー密度を大幅に向上する。これにより全固体リチウムイオン二次電池の実用化に寄与する。,リチウム析出制御層を備え、集電体表面に親リチウム性シード層を設けることを特徴とする全固体電池。,遠州電池,渡辺 美咲,H01M10/052;H01M4/134,公開
特願2019-100633,2019/08/14,無負極型集電体構造を用いた全固体電池,本発明は、無負極型集電体構造に関する。従来技術では負極と電解質の界面で副反応が進行するという課題があった。本発明では、固体電解質との界面に緩衝層を挿入することにより、デンドライト発生を抑制し安全性を高める。これにより全固体リチウムイオン二次電池の実用化に寄与する。,無負極型集電体構造を備え、固体電解質との界面に緩衝層を挿入することを特徴とする全固体電池。,常盤田精機,井上 隆;中村 真一;清水 健一,H01M4/134;H01M4/38,登録
特願2018-100818,2018/08/11,電池モジュール筐体及びその製造方法,本発明は、電池モジュール筐体に関する。従来技術ではセル拘束圧の維持と軽量化が両立しないという課題があった。本発明では、冷却流路をモジュール内に一体成形することにより、温度分布を均一化し寿命を延ばす。これにより全固体リチウムイオン二次電池の実用化に寄与する。,電池モジュール筐体を備え、冷却流路をモジュール内に一体成形することを特徴とする全固体電池。,遠州電池,森 太郎;小林 裕子,H01M50/20,取下
特願2019-100639,2019/03/07,無負極型集電体構造を用いた全固体電池,本発明は、無負極型集電体構造に関する。従来技術では負極と電解質の界面で副反応が進行するという課題があった。本発明では、集電体表面に親リチウム性シード層を設けることにより、エネルギー密度を大幅に向上する。これにより全固体リチウムイオン二次電池の実用化に寄与する。,無負極型集電体構造を備え、集電体表面に親リチウム性シード層を設けることを特徴とする全固体電池。,蒼海自動車,山口 修平,H01M4/38,登録
特願2019-100417,2019/01/19,正極-電解質界面被覆層を用いた全固体電池,本発明は、正極-電解質界面被覆層に関する。従来技術では複合正極内のイオン伝導経路が不連続になるという課題があった。本発明では、導電助剤と電解質の配合比を最適化することにより、界面抵抗を低減し出力特性を高める。これにより全固体リチウムイオン二次電池の実用化に寄与する。,正極-電解質界面被覆層を備え、導電助剤と電解質の配合比を最適化することを特徴とする全固体電池。,蒼海自動車,伊藤 静香;井上 美咲;伊藤 拓也,H01M10/0562;H01M4/525,登録
特願2016-100087,2016/08/25,アルジロダイト型硫化物を用いた全固体電池,本発明は、アルジロダイト型硫化物に関する。従来技術では大気中の水分と反応して硫化水素が発生するという課題があった。本発明では、ハロゲン元素を部分置換した組成とすることにより、硫化水素の発生量を大幅に抑制する。これにより全固体リチウムイオン二次電池の実用化に寄与する。,アルジロダイト型硫化物を備え、ハロゲン元素を部分置換した組成とすることを特徴とする全固体電池。,東雲重工業,小林 香織,H01B1/06,登録
特願2020-100781,2020/07/05,全固体電池の積層体及びその製造方法,本発明は、全固体電池の積層体に関する。従来技術では大面積化すると均一な加圧が難しいという課題があった。本発明では、ロールプレスの線圧条件を段階制御することにより、量産タクトを短縮する。これにより全固体リチウムイオン二次電池の実用化に寄与する。,全固体電池の積層体を備え、ロールプレスの線圧条件を段階制御することを特徴とする全固体電池。,葵テクノロジーズ,小林 隆;松本 大輔;林 誠,H01M10/0585,取下
特願2024-100635,2024/06/26,リチウム合金負極及びその製造方法,本発明は、リチウム合金負極に関する。従来技術では負極と電解質の界面で副反応が進行するという課題があった。本発明では、固体電解質との界面に緩衝層を挿入することにより、デンドライト発生を抑制し安全性を高める。これにより全固体リチウムイオン二次電池の実用化に寄与する。,リチウム合金負極を備え、固体電解質との界面に緩衝層を挿入することを特徴とする全固体電池。,暁化成,渡辺 彩;小林 花子,H01M4/134;H01M4/38,審査中
特願2020-100479,2020/05/27,複合正極合材及びその製造方法,本発明は、複合正極合材に関する。従来技術では充放電に伴う体積変化で界面が剥離するという課題があった。本発明では、スラリー混練条件を制御し均一分散させることにより、電極内の利用率を向上する。これにより全固体リチウムイオン二次電池の実用化に寄与する。,複合正極合材を備え、スラリー混練条件を制御し均一分散させることを特徴とする全固体電池。,みなと化学工業,伊藤 修平;佐藤 誠,H01M10/0562;H01M4/62,公開
特願2018-100089,2018/04/11,硫化物系固体電解質及びその製造方法,本発明は、硫化物系固体電解質に関する。従来技術では電極との界面抵抗が増大するという課題があった。本発明では、微粒子化と加圧成形条件を制御することにより、室温で高いリチウムイオン伝導度を実現する。これにより全固体リチウムイオン二次電池の実用化に寄与する。,硫化物系固体電解質を備え、微粒子化と加圧成形条件を制御することを特徴とする全固体電池。,蒼海自動車,松本 美咲;中村 大輔;井上 彩,H01B1/06,登録
特願2020-100186,2020/02/23,ペロブスカイト型酸化物電解質を用いた全固体電池,本発明は、ペロブスカイト型酸化物電解質に関する。従来技術ではリチウムデンドライトが粒界を伝播するという課題があった。本発明では、焼結助剤を添加して低温焼結を可能にすることにより、低温プロセスでの量産性を高める。これにより全固体リチウムイオン二次電池の実用化に寄与する。,ペロブスカイト型酸化物電解質を備え、焼結助剤を添加して低温焼結を可能にすることを特徴とする全固体電池。,蒼海自動車,山本 由美;加藤 誠,C04B35/486;H01B1/08,取下
特願2018-100346,2018/10/02,ポリエチレンオキシド系ポリマー電解質及びその製造方法,本発明は、ポリエチレンオキシド系ポリマー電解質に関する。従来技術では室温でのイオン伝導度が低いという課題があった。本発明では、紫外線架橋により三次元網目構造を形成することにより、薄膜大面積化を容易にする。これにより全固体リチウムイオン二次電池の実用化に寄与する。,ポリエチレンオキシド系ポリマー電解質を備え、紫外線架橋により三次元網目構造を形成することを特徴とする全固体電池。,九曜電子,林 裕子,H01B1/12,拒絶
特願2015-100830,2015/10/16,バイポーラ型全固体電池及びその製造方法,本発明は、バイポーラ型全固体電池に関する。従来技術では端子部の接触抵抗が大きいという課題があった。本発明では、冷却流路をモジュール内に一体成形することにより、体積エネルギー密度を高める。これにより全固体リチウムイオン二次電池の実用化に寄与する。,バイポーラ型全固体電池を備え、冷却流路をモジュール内に一体成形することを特徴とする全固体電池。,みなと化学工業,渡辺 隆,H01M10/613;H01M50/509,登録
特願2015-100042,2015/08/06,Li2S-P2S5系ガラスセラミックスを用いた全固体電池,本発明は、Li2S-P2S5系ガラスセラミックスに関する。従来技術では大気中の水分と反応して硫化水素が発生するという課題があった。本発明では、ハロゲン元素を部分置換した組成とすることにより、充放電サイクル特性を改善する。これにより全固体リチウムイオン二次電池の実用化に寄与する。,Li2S-P2S5系ガラスセラミックスを備え、ハロゲン元素を部分置換した組成とすることを特徴とする全固体電池。,瀬戸内硝子,森 彩,C01B17/22;H01M10/0562,登録
特願2023-100935,2023/10/27,Li6PS5Cl固体電解質及びその製造方法,本発明は、Li6PS5Cl固体電解質に関する。従来技術ではイオン伝導度が実用水準に届かないという課題があった。本発明では、微粒子化と加圧成形条件を制御することにより、充放電サイクル特性を改善する。これにより全固体リチウムイオン二次電池の実用化に寄与する。,Li6PS5Cl固体電解質を備え、微粒子化と加圧成形条件を制御することを特徴とする全固体電池。,若草セラミックス,高橋 恵;清水 恵;森 亮,H01B1/06;H01M10/0562,審査中
特願2019-100040,2019/08/20,Li2S-P2S5系ガラスセラミックス及びその製造方法,本発明は、Li2S-P2S5系ガラスセラミックスに関する。従来技術では大気中の水分と反応して硫化水素が発生するという課題があった。本発明では、ガラスセラミックス化の熱処理条件を最適化することにより、室温で高いリチウムイオン伝導度を実現する。これにより全固体リチウムイオン二次電池の実用化に寄与する。,Li2S-P2S5系ガラスセラミックスを備え、ガラスセラミックス化の熱処理条件を最適化することを特徴とする全固体電池。,高千穂金属,伊藤 彩;鈴木 花子;田中 恵,H01B1/06;H01M10/0562,登録
特願2015-100147,2015/04/19,アルジロダイト型硫化物を用いた全固体電池,本発明は、アルジロダイト型硫化物に関する。従来技術では電極との界面抵抗が増大するという課題があった。本発明では、ハロゲン元素を部分置換した組成とすることにより、硫化水素の発生量を大幅に抑制する。これにより全固体リチウムイオン二次電池の実用化に寄与する。,アルジロダイト型硫化物を備え、ハロゲン元素を部分置換した組成とすることを特徴とする全固体電池。,菫マテリアルズ,中村 恵;中村 彩,C01B17/22;H01M10/0562,登録
特願2015-100081,2015/06/13,硫化物系固体電解質を用いた全固体電池,本発明は、硫化物系固体電解質に関する。従来技術ではイオン伝導度が実用水準に届かないという課題があった。本発明では、微粒子化と加圧成形条件を制御することにより、硫化水素の発生量を大幅に抑制する。これにより全固体リチウムイオン二次電池の実用化に寄与する。,硫化物系固体電解質を備え、微粒子化と加圧成形条件を制御することを特徴とする全固体電池。,高千穂金属,森 香織;高橋 静香;松本 彩,C01B17/22,登録
特願2023-100945,2023/07/04,加圧焼結積層工程を用いた全固体電池,本発明は、加圧焼結積層工程に関する。従来技術では積層時に層間に空隙が残り抵抗が増えるという課題があった。本発明では、等方加圧により積層界面を密着させることにより、量産タクトを短縮する。これにより全固体リチウムイオン二次電池の実用化に寄与する。,加圧焼結積層工程を備え、等方加圧により積層界面を密着させることを特徴とする全固体電池。,九曜電子,小林 健一;加藤 香織;山口 真一,H01M10/0585;H01M4/04,公開
特願2022-100391,2022/05/16,正極-電解質界面被覆層及びその製造方法,本発明は、正極-電解質界面被覆層に関する。従来技術では正極活物質と硫化物電解質の界面で高抵抗層が形成されるという課題があった。本発明では、スラリー混練条件を制御し均一分散させることにより、サイクル後の容量維持率を改善する。これにより全固体リチウムイオン二次電池の実用化に寄与する。,正極-電解質界面被覆層を備え、スラリー混練条件を制御し均一分散させることを特徴とする全固体電池。,蓬莱新能源,井上 修平,H01M4/62,公開
特願2018-100540,2018/04/12,リチウム合金負極を用いた全固体電池,本発明は、リチウム合金負極に関する。従来技術ではリチウムの不均一析出で容量が劣化するという課題があった。本発明では、集電体表面に親リチウム性シード層を設けることにより、デンドライト発生を抑制し安全性を高める。これにより全固体リチウムイオン二次電池の実用化に寄与する。,リチウム合金負極を備え、集電体表面に親リチウム性シード層を設けることを特徴とする全固体電池。,ソルグリーンエナジー,清水 誠;佐藤 健一,H01M4/38,登録
特願2021-100594,2021/04/11,無負極型集電体構造を用いた全固体電池,本発明は、無負極型集電体構造に関する。従来技術では負極と電解質の界面で副反応が進行するという課題があった。本発明では、固体電解質との界面に緩衝層を挿入することにより、デンドライト発生を抑制し安全性を高める。これにより全固体リチウムイオン二次電池の実用化に寄与する。,無負極型集電体構造を備え、固体電解質との界面に緩衝層を挿入することを特徴とする全固体電池。,東都工業大学,高橋 拓也;林 裕子,H01M10/052,審査中
特願2015-100375,2015/08/28,有機無機ハイブリッド電解質膜を用いた全固体電池,本発明は、有機無機ハイブリッド電解質膜に関する。従来技術では機械的強度と柔軟性の両立が難しいという課題があった。本発明では、可塑剤と無機フィラーを複合化することにより、界面追従性を高める。これにより全固体リチウムイオン二次電池の実用化に寄与する。,有機無機ハイブリッド電解質膜を備え、可塑剤と無機フィラーを複合化することを特徴とする全固体電池。,九曜電子,加藤 望;鈴木 由美;高橋 修平,H01B1/12,取下
特願2021-100502,2021/12/26,ニオブ酸リチウム被覆正極活物質及びその製造方法,本発明は、ニオブ酸リチウム被覆正極活物質に関する。従来技術では複合正極内のイオン伝導経路が不連続になるという課題があった。本発明では、導電助剤と電解質の配合比を最適化することにより、界面抵抗を低減し出力特性を高める。これにより全固体リチウムイオン二次電池の実用化に寄与する。,ニオブ酸リチウム被覆正極活物質を備え、導電助剤と電解質の配合比を最適化することを特徴とする全固体電池。,みなと化学工業,斎藤 太郎,H01M10/0562,審査中
特願2018-100726,2018/02/21,全固体電池の積層体を用いた全固体電池,本発明は、全固体電池の積層体に関する。従来技術では大面積化すると均一な加圧が難しいという課題があった。本発明では、等方加圧により積層界面を密着させることにより、製造コストを削減する。これにより全固体リチウムイオン二次電池の実用化に寄与する。,全固体電池の積層体を備え、等方加圧により積層界面を密着させることを特徴とする全固体電池。,北斗モータース,松本 真一;高橋 拓也,H01M10/0585,登録
特願2022-100398,2022/12/26,ニオブ酸リチウム被覆正極活物質及びその製造方法,本発明は、ニオブ酸リチウム被覆正極活物質に関する。従来技術では充放電に伴う体積変化で界面が剥離するという課題があった。本発明では、活物質表面に酸化物ナノ被覆層を形成することにより、界面抵抗を低減し出力特性を高める。これにより全固体リチウムイオン二次電池の実用化に寄与する。,ニオブ酸リチウム被覆正極活物質を備え、活物質表面に酸化物ナノ被覆層を形成することを特徴とする全固体電池。,九曜電子,井上 直樹;斎藤 修平;山田 真一,H01M10/0562;H01M4/62,審査中
特願2020-100524,2020/07/24,ニオブ酸リチウム被覆正極活物質及びその製造方法,本発明は、ニオブ酸リチウム被覆正極活物質に関する。従来技術では複合正極内のイオン伝導経路が不連続になるという課題があった。本発明では、導電助剤と電解質の配合比を最適化することにより、界面抵抗を低減し出力特性を高める。これにより全固体リチウムイオン二次電池の実用化に寄与する。,ニオブ酸リチウム被覆正極活物質を備え、導電助剤と電解質の配合比を最適化することを特徴とする全固体電池。,常盤田精機,伊藤 隆;高橋 彩;山田 由美,H01M10/0562;H01M4/62,拒絶
特願2019-100580,2019/07/03,リチウム析出制御層及びその製造方法,本発明は、リチウム析出制御層に関する。従来技術では充電時にデンドライトが成長し短絡に至るという課題があった。本発明では、集電体表面に親リチウム性シード層を設けることにより、デンドライト発生を抑制し安全性を高める。これにより全固体リチウムイオン二次電池の実用化に寄与する。,リチウム析出制御層を備え、集電体表面に親リチウム性シード層を設けることを特徴とする全固体電池。,白鳳電機産業,山田 拓也;高橋 浩二,H01M10/052;H01M4/134,拒絶
特願2024-100444,2024/01/06,正極-電解質界面被覆層を用いた全固体電池,本発明は、正極-電解質界面被覆層に関する。従来技術では複合正極内のイオン伝導経路が不連続になるという課題があった。本発明では、活物質表面に酸化物ナノ被覆層を形成することにより、界面抵抗を低減し出力特性を高める。これにより全固体リチウムイオン二次電池の実用化に寄与する。,正極-電解質界面被覆層を備え、活物質表面に酸化物ナノ被覆層を形成することを特徴とする全固体電池。,白鳳電機産業,吉田 由美;鈴木 太郎;森 隆,H01M4/62,公開
特願2019-100125,2019/05/04,Li6PS5Cl固体電解質及びその製造方法,本発明は、Li6PS5Cl固体電解質に関する。従来技術では粒界での抵抗が大きいという課題があった。本発明では、ハロゲン元素を部分置換した組成とすることにより、充放電サイクル特性を改善する。これにより全固体リチウムイオン二次電池の実用化に寄与する。,Li6PS5Cl固体電解質を備え、ハロゲン元素を部分置換した組成とすることを特徴とする全固体電池。,九曜電子,山田 香織;中村 美咲;山田 誠,C01B17/22;H01M10/0562,拒絶
特願2022-100630,2022/09/07,リチウム合金負極を用いた全固体電池,本発明は、リチウム合金負極に関する。従来技術ではリチウムの不均一析出で容量が劣化するという課題があった。本発明では、析出溶解を均一化する拘束圧構造を採用することにより、クーロン効率を改善する。これにより全固体リチウムイオン二次電池の実用化に寄与する。,リチウム合金負極を備え、析出溶解を均一化する拘束圧構造を採用することを特徴とする全固体電池。,常盤田精機,中村 大輔,H01M4/134;H01M4/38,公開
特願2021-100636,2021/06/03,リチウム合金負極を用いた全固体電池,本発明は、リチウム合金負極に関する。従来技術ではリチウムの不均一析出で容量が劣化するという課題があった。本発明では、集電体表面に親リチウム性シード層を設けることにより、クーロン効率を改善する。これにより全固体リチウムイオン二次電池の実用化に寄与する。,リチウム合金負極を備え、集電体表面に親リチウム性シード層を設けることを特徴とする全固体電池。,蒼海自動車,山田 太郎;林 太郎,H01M10/052;H01M4/134,登録
特願2017-100819,2017/03/15,拘束圧付与機構を用いた全固体電池,本発明は、拘束圧付与機構に関する。従来技術では直列積層時の熱分布が不均一になるという課題があった。本発明では、冷却流路をモジュール内に一体成形することにより、部品点数を削減する。これにより全固体リチウムイオン二次電池の実用化に寄与する。,拘束圧付与機構を備え、冷却流路をモジュール内に一体成形することを特徴とする全固体電池。,東雲重工業,高橋 由美;山田 亮;高橋 健一,H01M10/613;H01M50/20,登録
特願2020-100287,2020/05/26,ペロブスカイト型酸化物電解質及びその製造方法,本発明は、ペロブスカイト型酸化物電解質に関する。従来技術では焼結温度が高くエネルギーコストが大きいという課題があった。本発明では、テープ成形により薄膜シート化することにより、デンドライト耐性を改善する。これにより全固体リチウムイオン二次電池の実用化に寄与する。,ペロブスカイト型酸化物電解質を備え、テープ成形により薄膜シート化することを特徴とする全固体電池。,遠州電池,斎藤 望;山田 健一,C04B35/486;H01M10/0562,取下
特願2016-100144,2016/02/05,Li6PS5Cl固体電解質を用いた全固体電池,本発明は、Li6PS5Cl固体電解質に関する。従来技術では粒界での抵抗が大きいという課題があった。本発明では、ガラスセラミックス化の熱処理条件を最適化することにより、充放電サイクル特性を改善する。これにより全固体リチウムイオン二次電池の実用化に寄与する。,Li6PS5Cl固体電解質を備え、ガラスセラミックス化の熱処理条件を最適化することを特徴とする全固体電池。,北斗モータース,森 健一;中村 花子,C01B17/22;H01B1/06,登録
特願2018-100872,2018/07/05,拘束圧付与機構及びその製造方法,本発明は、拘束圧付与機構に関する。従来技術では端子部の接触抵抗が大きいという課題があった。本発明では、弾性部材を介した均一拘束構造とすることにより、温度分布を均一化し寿命を延ばす。これにより全固体リチウムイオン二次電池の実用化に寄与する。,拘束圧付与機構を備え、弾性部材を介した均一拘束構造とすることを特徴とする全固体電池。,白鳳電機産業,松本 浩二;中村 亮;高橋 静香,H01M10/613;H01M50/20,登録
特願2022-100931,2022/04/04,バイポーラ型全固体電池及びその製造方法,本発明は、バイポーラ型全固体電池に関する。従来技術ではセル拘束圧の維持と軽量化が両立しないという課題があった。本発明では、バイポーラ集電体で直列接続を内蔵化することにより、サイクル後の容量維持率を改善する。これにより全固体リチウムイオン二次電池の実用化に寄与する。,バイポーラ型全固体電池を備え、バイポーラ集電体で直列接続を内蔵化することを特徴とする全固体電池。,ソルグリーンエナジー,田中 香織;木村 真一,H01M10/613;H01M50/20,公開
特願2020-100511,2020/03/26,NCM系正極と固体電解質の複合体及びその製造方法,本発明は、NCM系正極と固体電解質の複合体に関する。従来技術では充放電に伴う体積変化で界面が剥離するという課題があった。本発明では、導電助剤と電解質の配合比を最適化することにより、電極内の利用率を向上する。これにより全固体リチウムイオン二次電池の実用化に寄与する。,NCM系正極と固体電解質の複合体を備え、導電助剤と電解質の配合比を最適化することを特徴とする全固体電池。,白鳳電機産業,山本 修平,H01M10/0562;H01M4/525,取下
特願2022-100894,2022/07/09,電極シート成形装置を用いた全固体電池,本発明は、電極シート成形装置に関する。従来技術では積層時に層間に空隙が残り抵抗が増えるという課題があった。本発明では、等方加圧により積層界面を密着させることにより、硫化水素の発生量を大幅に抑制する。これにより全固体リチウムイオン二次電池の実用化に寄与する。,電極シート成形装置を備え、等方加圧により積層界面を密着させることを特徴とする全固体電池。,みなと化学工業,林 亮;山本 拓也;清水 花子,B32B37/00;H01M10/0585,拒絶
特願2016-100239,2016/07/23,NASICON型リン酸系酸化物及びその製造方法,本発明は、NASICON型リン酸系酸化物に関する。従来技術では粒界抵抗がイオン伝導を阻害するという課題があった。本発明では、焼結助剤を添加して低温焼結を可能にすることにより、低温プロセスでの量産性を高める。これにより全固体リチウムイオン二次電池の実用化に寄与する。,NASICON型リン酸系酸化物を備え、焼結助剤を添加して低温焼結を可能にすることを特徴とする全固体電池。,九曜電子,山田 拓也;清水 花子,C04B35/486;H01M10/0562,登録
特願2021-100703,2021/06/10,乾式電極成形プロセス及びその製造方法,本発明は、乾式電極成形プロセスに関する。従来技術では大面積化すると均一な加圧が難しいという課題があった。本発明では、等方加圧により積層界面を密着させることにより、量産タクトを短縮する。これにより全固体リチウムイオン二次電池の実用化に寄与する。,乾式電極成形プロセスを備え、等方加圧により積層界面を密着させることを特徴とする全固体電池。,燕岳鉱業,吉田 由美,B32B37/00;H01M10/0585,登録
特願2017-100189,2017/06/09,ガーネット型LLZO酸化物を用いた全固体電池,本発明は、ガーネット型LLZO酸化物に関する。従来技術ではリチウムデンドライトが粒界を伝播するという課題があった。本発明では、粒界に非晶質層を導入することにより、低温プロセスでの量産性を高める。これにより全固体リチウムイオン二次電池の実用化に寄与する。,ガーネット型LLZO酸化物を備え、粒界に非晶質層を導入することを特徴とする全固体電池。,九曜電子,清水 拓也;山田 直樹,H01M10/0562,登録
特願2016-100129,2016/08/26,アルジロダイト型硫化物を用いた全固体電池,本発明は、アルジロダイト型硫化物に関する。従来技術では電極との界面抵抗が増大するという課題があった。本発明では、微粒子化と加圧成形条件を制御することにより、室温で高いリチウムイオン伝導度を実現する。これにより全固体リチウムイオン二次電池の実用化に寄与する。,アルジロダイト型硫化物を備え、微粒子化と加圧成形条件を制御することを特徴とする全固体電池。,白鳳電機産業,林 直樹;山口 香織;山田 望,H01M10/0562,登録
特願2022-100272,2022/04/20,ガーネット型LLZO酸化物及びその製造方法,本発明は、ガーネット型LLZO酸化物に関する。従来技術では焼結温度が高くエネルギーコストが大きいという課題があった。本発明では、テープ成形により薄膜シート化することにより、低温プロセスでの量産性を高める。これにより全固体リチウムイオン二次電池の実用化に寄与する。,ガーネット型LLZO酸化物を備え、テープ成形により薄膜シート化することを特徴とする全固体電池。,若草セラミックス,清水 香織,C04B35/486;H01B1/08,公開
特願2016-100337,2016/02/17,架橋ゲルポリマー電解質及びその製造方法,本発明は、架橋ゲルポリマー電解質に関する。従来技術では室温でのイオン伝導度が低いという課題があった。本発明では、ブロック共重合体で相分離構造を制御することにより、界面追従性を高める。これにより全固体リチウムイオン二次電池の実用化に寄与する。,架橋ゲルポリマー電解質を備え、ブロック共重合体で相分離構造を制御することを特徴とする全固体電池。,みなと化学工業,佐藤 太郎,C08J5/22;H01B1/12,登録
特願2020-100180,2020/09/10,ペロブスカイト型酸化物電解質を用いた全固体電池,本発明は、ペロブスカイト型酸化物電解質に関する。従来技術ではリチウムデンドライトが粒界を伝播するという課題があった。本発明では、ドーパント元素で結晶構造を安定化することにより、デンドライト耐性を改善する。これにより全固体リチウムイオン二次電池の実用化に寄与する。,ペロブスカイト型酸化物電解質を備え、ドーパント元素で結晶構造を安定化することを特徴とする全固体電池。,九曜電子,佐藤 望;高橋 美咲;小林 静香,H01B1/08;H01M10/0562,拒絶
特願2019-100229,2019/04/16,ペロブスカイト型酸化物電解質及びその製造方法,本発明は、ペロブスカイト型酸化物電解質に関する。従来技術では粒界抵抗がイオン伝導を阻害するという課題があった。本発明では、ドーパント元素で結晶構造を安定化することにより、低温プロセスでの量産性を高める。これにより全固体リチウムイオン二次電池の実用化に寄与する。,ペロブスカイト型酸化物電解質を備え、ドーパント元素で結晶構造を安定化することを特徴とする全固体電池。,みなと化学工業,木村 直樹;林 香織;森 美咲,C04B35/486,登録
特願2018-100241,2018/07/14,酸化物系固体電解質焼結体及びその製造方法,本発明は、酸化物系固体電解質焼結体に関する。従来技術では粒界抵抗がイオン伝導を阻害するという課題があった。本発明では、テープ成形により薄膜シート化することにより、粒界抵抗を低減し伝導度を向上する。これにより全固体リチウムイオン二次電池の実用化に寄与する。,酸化物系固体電解質焼結体を備え、テープ成形により薄膜シート化することを特徴とする全固体電池。,遠州電池,井上 裕子;佐藤 太郎;田中 誠,C04B35/486;H01B1/08,拒絶
特願2016-100019,2016/12/02,Li6PS5Cl固体電解質及びその製造方法,本発明は、Li6PS5Cl固体電解質に関する。従来技術ではイオン伝導度が実用水準に届かないという課題があった。本発明では、微粒子化と加圧成形条件を制御することにより、充放電サイクル特性を改善する。これにより全固体リチウムイオン二次電池の実用化に寄与する。,Li6PS5Cl固体電解質を備え、微粒子化と加圧成形条件を制御することを特徴とする全固体電池。,東雲重工業,森 彩;斎藤 修平;松本 花子,C01B17/22;H01B1/06,登録
特願2020-100745,2020/11/12,電極シート成形装置及びその製造方法,本発明は、電極シート成形装置に関する。従来技術では積層時に層間に空隙が残り抵抗が増えるという課題があった。本発明では、乾式成膜により無溶媒で電極層を形成することにより、層間密着性を高め内部抵抗を低減する。これにより全固体リチウムイオン二次電池の実用化に寄与する。,電極シート成形装置を備え、乾式成膜により無溶媒で電極層を形成することを特徴とする全固体電池。,蒼海自動車,吉田 花子,B32B37/00;H01M4/04,公開
特願2021-100886,2021/09/12,積層セルパッケージ及びその製造方法,本発明は、積層セルパッケージに関する。従来技術ではセル拘束圧の維持と軽量化が両立しないという課題があった。本発明では、冷却流路をモジュール内に一体成形することにより、クーロン効率を改善する。これにより全固体リチウムイオン二次電池の実用化に寄与する。,積層セルパッケージを備え、冷却流路をモジュール内に一体成形することを特徴とする全固体電池。,蓬莱新能源,山口 大輔;渡辺 拓也;山口 太郎,H01M50/20;H01M50/509,審査中
特願2025-100947,2025/03/07,リチウム塩含有ポリマー膜及びその製造方法,本発明は、リチウム塩含有ポリマー膜に関する。従来技術では機械的強度と柔軟性の両立が難しいという課題があった。本発明では、可塑剤と無機フィラーを複合化することにより、サイクル後の容量維持率を改善する。これにより全固体リチウムイオン二次電池の実用化に寄与する。,リチウム塩含有ポリマー膜を備え、可塑剤と無機フィラーを複合化することを特徴とする全固体電池。,ソルグリーンエナジー,伊藤 直樹;斎藤 静香;小林 誠,C08J5/22;H01M10/0565,公開
特願2018-100071,2018/10/18,Li6PS5Cl固体電解質及びその製造方法,本発明は、Li6PS5Cl固体電解質に関する。従来技術では粒界での抵抗が大きいという課題があった。本発明では、ガラスセラミックス化の熱処理条件を最適化することにより、室温で高いリチウムイオン伝導度を実現する。これにより全固体リチウムイオン二次電池の実用化に寄与する。,Li6PS5Cl固体電解質を備え、ガラスセラミックス化の熱処理条件を最適化することを特徴とする全固体電池。,北斗モータース,中村 美咲;鈴木 彩,C01B17/22;H01M10/0562,登録
特願2021-100115,2021/03/12,Li2S-P2S5系ガラスセラミックス及びその製造方法,本発明は、Li2S-P2S5系ガラスセラミックスに関する。従来技術では粒界での抵抗が大きいという課題があった。本発明では、ガラスセラミックス化の熱処理条件を最適化することにより、硫化水素の発生量を大幅に抑制する。これにより全固体リチウムイオン二次電池の実用化に寄与する。,Li2S-P2S5系ガラスセラミックスを備え、ガラスセラミックス化の熱処理条件を最適化することを特徴とする全固体電池。,常盤田精機,森 花子;林 花子;山口 亮,C01B17/22;H01M10/0562,取下
特願2018-100177,2018/12/28,ガーネット型LLZO酸化物を用いた全固体電池,本発明は、ガーネット型LLZO酸化物に関する。従来技術では粒界抵抗がイオン伝導を阻害するという課題があった。本発明では、焼結助剤を添加して低温焼結を可能にすることにより、低温プロセスでの量産性を高める。これにより全固体リチウムイオン二次電池の実用化に寄与する。,ガーネット型LLZO酸化物を備え、焼結助剤を添加して低温焼結を可能にすることを特徴とする全固体電池。,常盤田精機,吉田 美咲;木村 大輔;清水 花子,C04B35/486;H01B1/08,登録
特願2018-100365,2018/08/04,有機無機ハイブリッド電解質膜及びその製造方法,本発明は、有機無機ハイブリッド電解質膜に関する。従来技術では電位窓が狭く高電圧正極に適用できないという課題があった。本発明では、紫外線架橋により三次元網目構造を形成することにより、薄膜大面積化を容易にする。これにより全固体リチウムイオン二次電池の実用化に寄与する。,有機無機ハイブリッド電解質膜を備え、紫外線架橋により三次元網目構造を形成することを特徴とする全固体電池。,菫マテリアルズ,山本 香織;佐藤 静香,C08J5/22;H01M10/0565,取下
特願2016-100370,2016/01/25,リチウム塩含有ポリマー膜及びその製造方法,本発明は、リチウム塩含有ポリマー膜に関する。従来技術では室温でのイオン伝導度が低いという課題があった。本発明では、ブロック共重合体で相分離構造を制御することにより、界面追従性を高める。これにより全固体リチウムイオン二次電池の実用化に寄与する。,リチウム塩含有ポリマー膜を備え、ブロック共重合体で相分離構造を制御することを特徴とする全固体電池。,みなと化学工業,山口 恵;山口 浩二;井上 静香,C08J5/22;H01B1/12,取下
特願2015-100336,2015/11/25,リチウム塩含有ポリマー膜を用いた全固体電池,本発明は、リチウム塩含有ポリマー膜に関する。従来技術では室温でのイオン伝導度が低いという課題があった。本発明では、可塑剤と無機フィラーを複合化することにより、柔軟性と伝導度を両立する。これにより全固体リチウムイオン二次電池の実用化に寄与する。,リチウム塩含有ポリマー膜を備え、可塑剤と無機フィラーを複合化することを特徴とする全固体電池。,白鳳電機産業,伊藤 隆;鈴木 美咲;斎藤 裕子,C08J5/22;H01M10/0565,拒絶
特願2017-100140,2017/11/21,Li6PS5Cl固体電解質及びその製造方法,本発明は、Li6PS5Cl固体電解質に関する。従来技術では電極との界面抵抗が増大するという課題があった。本発明では、表面を酸化物系保護層で被覆することにより、室温で高いリチウムイオン伝導度を実現する。これにより全固体リチウムイオン二次電池の実用化に寄与する。,Li6PS5Cl固体電解質を備え、表面を酸化物系保護層で被覆することを特徴とする全固体電池。,暁化成,斎藤 亮;山田 美咲;松本 彩,H01B1/06;H01M10/0562,登録
特願2017-100097,2017/07/05,アルジロダイト型硫化物及びその製造方法,本発明は、アルジロダイト型硫化物に関する。従来技術では電極との界面抵抗が増大するという課題があった。本発明では、ガラスセラミックス化の熱処理条件を最適化することにより、硫化水素の発生量を大幅に抑制する。これにより全固体リチウムイオン二次電池の実用化に寄与する。,アルジロダイト型硫化物を備え、ガラスセラミックス化の熱処理条件を最適化することを特徴とする全固体電池。,東雲重工業,佐藤 修平,C01B17/22;H01B1/06,登録
特願2018-100134,2018/02/26,Li6PS5Cl固体電解質及びその製造方法,本発明は、Li6PS5Cl固体電解質に関する。従来技術では大気中の水分と反応して硫化水素が発生するという課題があった。本発明では、ガラスセラミックス化の熱処理条件を最適化することにより、室温で高いリチウムイオン伝導度を実現する。これにより全固体リチウムイオン二次電池の実用化に寄与する。,Li6PS5Cl固体電解質を備え、ガラスセラミックス化の熱処理条件を最適化することを特徴とする全固体電池。,常盤田精機,渡辺 亮;小林 恵,C01B17/22;H01B1/06,登録
特願2016-100854,2016/12/15,バイポーラ型全固体電池及びその製造方法,本発明は、バイポーラ型全固体電池に関する。従来技術では直列積層時の熱分布が不均一になるという課題があった。本発明では、バイポーラ集電体で直列接続を内蔵化することにより、温度分布を均一化し寿命を延ばす。これにより全固体リチウムイオン二次電池の実用化に寄与する。,バイポーラ型全固体電池を備え、バイポーラ集電体で直列接続を内蔵化することを特徴とする全固体電池。,みなと化学工業,林 亮;渡辺 拓也;伊藤 太郎,H01M50/20;H01M50/509,登録
特願2016-100456,2016/05/28,ニオブ酸リチウム被覆正極活物質を用いた全固体電池,本発明は、ニオブ酸リチウム被覆正極活物質に関する。従来技術では正極活物質と硫化物電解質の界面で高抵抗層が形成されるという課題があった。本発明では、導電助剤と電解質の配合比を最適化することにより、サイクル後の容量維持率を改善する。これにより全固体リチウムイオン二次電池の実用化に寄与する。,ニオブ酸リチウム被覆正極活物質を備え、導電助剤と電解質の配合比を最適化することを特徴とする全固体電池。,蒼海自動車,伊藤 太郎,H01M4/62,取下
特願2020-100080,2020/07/05,Li6PS5Cl固体電解質及びその製造方法,本発明は、Li6PS5Cl固体電解質に関する。従来技術では粒界での抵抗が大きいという課題があった。本発明では、ハロゲン元素を部分置換した組成とすることにより、充放電サイクル特性を改善する。これにより全固体リチウムイオン二次電池の実用化に寄与する。,Li6PS5Cl固体電解質を備え、ハロゲン元素を部分置換した組成とすることを特徴とする全固体電池。,燕岳鉱業,中村 真一;小林 大輔;渡辺 由美,H01B1/06;H01M10/0562,登録
特願2017-100054,2017/12/09,アルジロダイト型硫化物を用いた全固体電池,本発明は、アルジロダイト型硫化物に関する。従来技術では粒界での抵抗が大きいという課題があった。本発明では、ハロゲン元素を部分置換した組成とすることにより、硫化水素の発生量を大幅に抑制する。これにより全固体リチウムイオン二次電池の実用化に寄与する。,アルジロダイト型硫化物を備え、ハロゲン元素を部分置換した組成とすることを特徴とする全固体電池。,蒼海自動車,田中 健一;伊藤 花子;林 望,C01B17/22;H01B1/06,拒絶
特願2021-100489,2021/10/17,ニオブ酸リチウム被覆正極活物質を用いた全固体電池,本発明は、ニオブ酸リチウム被覆正極活物質に関する。従来技術では複合正極内のイオン伝導経路が不連続になるという課題があった。本発明では、活物質表面に酸化物ナノ被覆層を形成することにより、界面抵抗を低減し出力特性を高める。これにより全固体リチウムイオン二次電池の実用化に寄与する。,ニオブ酸リチウム被覆正極活物質を備え、活物質表面に酸化物ナノ被覆層を形成することを特徴とする全固体電池。,汐留マテリアル,鈴木 望;清水 大輔,H01M10/0562,公開
特願2019-100824,2019/09/04,拘束圧付与機構及びその製造方法,本発明は、拘束圧付与機構に関する。従来技術では直列積層時の熱分布が不均一になるという課題があった。本発明では、バイポーラ集電体で直列接続を内蔵化することにより、温度分布を均一化し寿命を延ばす。これにより全固体リチウムイオン二次電池の実用化に寄与する。,拘束圧付与機構を備え、バイポーラ集電体で直列接続を内蔵化することを特徴とする全固体電池。,常盤田精機,吉田 亮;山本 彩,H01M50/509,拒絶
特願2025-100418,2025/08/12,複合正極合材及びその製造方法,本発明は、複合正極合材に関する。従来技術では正極活物質と硫化物電解質の界面で高抵抗層が形成されるという課題があった。本発明では、スラリー混練条件を制御し均一分散させることにより、界面抵抗を低減し出力特性を高める。これにより全固体リチウムイオン二次電池の実用化に寄与する。,複合正極合材を備え、スラリー混練条件を制御し均一分散させることを特徴とする全固体電池。,九曜電子,吉田 真一;伊藤 真一;吉田 大輔,H01M10/0562;H01M4/62,公開
特願2018-100086,2018/04/03,アルジロダイト型硫化物及びその製造方法,本発明は、アルジロダイト型硫化物に関する。従来技術では粒界での抵抗が大きいという課題があった。本発明では、表面を酸化物系保護層で被覆することにより、室温で高いリチウムイオン伝導度を実現する。これにより全固体リチウムイオン二次電池の実用化に寄与する。,アルジロダイト型硫化物を備え、表面を酸化物系保護層で被覆することを特徴とする全固体電池。,白樺電工,伊藤 彩;吉田 静香,H01M10/0562,拒絶
特願2018-100164,2018/09/17,Li6PS5Cl固体電解質及びその製造方法,本発明は、Li6PS5Cl固体電解質に関する。従来技術では電極との界面抵抗が増大するという課題があった。本発明では、表面を酸化物系保護層で被覆することにより、硫化水素の発生量を大幅に抑制する。これにより全固体リチウムイオン二次電池の実用化に寄与する。,Li6PS5Cl固体電解質を備え、表面を酸化物系保護層で被覆することを特徴とする全固体電池。,常盤田精機,清水 花子,C01B17/22;H01B1/06,拒絶
特願2018-100344,2018/01/15,架橋ゲルポリマー電解質及びその製造方法,本発明は、架橋ゲルポリマー電解質に関する。従来技術では電位窓が狭く高電圧正極に適用できないという課題があった。本発明では、ブロック共重合体で相分離構造を制御することにより、薄膜大面積化を容易にする。これにより全固体リチウムイオン二次電池の実用化に寄与する。,架橋ゲルポリマー電解質を備え、ブロック共重合体で相分離構造を制御することを特徴とする全固体電池。,みなと化学工業,森 誠;加藤 香織;井上 健一,C08J5/22,登録
特願2019-100660,2019/04/16,全固体電池の積層体を用いた全固体電池,本発明は、全固体電池の積層体に関する。従来技術では大面積化すると均一な加圧が難しいという課題があった。本発明では、乾式成膜により無溶媒で電極層を形成することにより、層間密着性を高め内部抵抗を低減する。これにより全固体リチウムイオン二次電池の実用化に寄与する。,全固体電池の積層体を備え、乾式成膜により無溶媒で電極層を形成することを特徴とする全固体電池。,蓬莱新能源,吉田 隆,B32B37/00;H01M4/04,登録
特願2020-100264,2020/12/03,NASICON型リン酸系酸化物を用いた全固体電池,本発明は、NASICON型リン酸系酸化物に関する。従来技術では薄膜化すると機械的強度が不足するという課題があった。本発明では、焼結助剤を添加して低温焼結を可能にすることにより、粒界抵抗を低減し伝導度を向上する。これにより全固体リチウムイオン二次電池の実用化に寄与する。,NASICON型リン酸系酸化物を備え、焼結助剤を添加して低温焼結を可能にすることを特徴とする全固体電池。,東都工業大学,清水 真一;佐藤 拓也,C04B35/486;H01B1/08,登録
特願2017-100306,2017/03/14,有機無機ハイブリッド電解質膜を用いた全固体電池,本発明は、有機無機ハイブリッド電解質膜に関する。従来技術では電位窓が狭く高電圧正極に適用できないという課題があった。本発明では、ブロック共重合体で相分離構造を制御することにより、薄膜大面積化を容易にする。これにより全固体リチウムイオン二次電池の実用化に寄与する。,有機無機ハイブリッド電解質膜を備え、ブロック共重合体で相分離構造を制御することを特徴とする全固体電池。,みなと化学工業,山田 直樹,C08J5/22;H01B1/12,拒絶
特願2020-100248,2020/06/27,酸化物系固体電解質焼結体及びその製造方法,本発明は、酸化物系固体電解質焼結体に関する。従来技術では粒界抵抗がイオン伝導を阻害するという課題があった。本発明では、焼結助剤を添加して低温焼結を可能にすることにより、粒界抵抗を低減し伝導度を向上する。これにより全固体リチウムイオン二次電池の実用化に寄与する。,酸化物系固体電解質焼結体を備え、焼結助剤を添加して低温焼結を可能にすることを特徴とする全固体電池。,菫マテリアルズ,加藤 浩二;山田 彩,H01B1/08,拒絶
特願2022-100401,2022/12/28,複合正極合材及びその製造方法,本発明は、複合正極合材に関する。従来技術では正極活物質と硫化物電解質の界面で高抵抗層が形成されるという課題があった。本発明では、スラリー混練条件を制御し均一分散させることにより、サイクル後の容量維持率を改善する。これにより全固体リチウムイオン二次電池の実用化に寄与する。,複合正極合材を備え、スラリー混練条件を制御し均一分散させることを特徴とする全固体電池。,蒼海自動車,小林 美咲;加藤 誠;松本 香織,H01M4/525;H01M4/62,公開
特願2023-100708,2023/04/20,加圧焼結積層工程を用いた全固体電池,本発明は、加圧焼結積層工程に関する。従来技術では積層時に層間に空隙が残り抵抗が増えるという課題があった。本発明では、等方加圧により積層界面を密着させることにより、量産タクトを短縮する。これにより全固体リチウムイオン二次電池の実用化に寄与する。,加圧焼結積層工程を備え、等方加圧により積層界面を密着させることを特徴とする全固体電池。,ハンビット電池,山本 由美;林 隆,H01M4/04,公開
特願2019-100139,2019/01/11,硫化物系固体電解質及びその製造方法,本発明は、硫化物系固体電解質に関する。従来技術では大気中の水分と反応して硫化水素が発生するという課題があった。本発明では、微粒子化と加圧成形条件を制御することにより、室温で高いリチウムイオン伝導度を実現する。これにより全固体リチウムイオン二次電池の実用化に寄与する。,硫化物系固体電解質を備え、微粒子化と加圧成形条件を制御することを特徴とする全固体電池。,九曜電子,渡辺 亮;林 花子,H01B1/06;H01M10/0562,登録
特願2024-100940,2024/04/06,リチウム塩含有ポリマー膜及びその製造方法,本発明は、リチウム塩含有ポリマー膜に関する。従来技術では電位窓が狭く高電圧正極に適用できないという課題があった。本発明では、ブロック共重合体で相分離構造を制御することにより、硫化水素の発生量を大幅に抑制する。これにより全固体リチウムイオン二次電池の実用化に寄与する。,リチウム塩含有ポリマー膜を備え、ブロック共重合体で相分離構造を制御することを特徴とする全固体電池。,常盤田精機,吉田 裕子;山本 恵,C08J5/22;H01M10/0565,公開
特願2021-100497,2021/04/16,複合正極合材及びその製造方法,本発明は、複合正極合材に関する。従来技術では複合正極内のイオン伝導経路が不連続になるという課題があった。本発明では、活物質表面に酸化物ナノ被覆層を形成することにより、電極内の利用率を向上する。これにより全固体リチウムイオン二次電池の実用化に寄与する。,複合正極合材を備え、活物質表面に酸化物ナノ被覆層を形成することを特徴とする全固体電池。,蒼海自動車,伊藤 静香,H01M10/0562;H01M4/62,取下
特願2021-100619,2021/12/11,リチウム合金負極及びその製造方法,本発明は、リチウム合金負極に関する。従来技術では充電時にデンドライトが成長し短絡に至るという課題があった。本発明では、固体電解質との界面に緩衝層を挿入することにより、クーロン効率を改善する。これにより全固体リチウムイオン二次電池の実用化に寄与する。,リチウム合金負極を備え、固体電解質との界面に緩衝層を挿入することを特徴とする全固体電池。,北斗モータース,伊藤 修平,H01M10/052,取下
特願2023-100527,2023/05/04,正極-電解質界面被覆層及びその製造方法,本発明は、正極-電解質界面被覆層に関する。従来技術では充放電に伴う体積変化で界面が剥離するという課題があった。本発明では、活物質表面に酸化物ナノ被覆層を形成することにより、サイクル後の容量維持率を改善する。これにより全固体リチウムイオン二次電池の実用化に寄与する。,正極-電解質界面被覆層を備え、活物質表面に酸化物ナノ被覆層を形成することを特徴とする全固体電池。,瀬戸内硝子,清水 由美;山田 隆,H01M10/0562,登録
特願2016-100428,2016/04/08,ニオブ酸リチウム被覆正極活物質及びその製造方法,本発明は、ニオブ酸リチウム被覆正極活物質に関する。従来技術では充放電に伴う体積変化で界面が剥離するという課題があった。本発明では、導電助剤と電解質の配合比を最適化することにより、サイクル後の容量維持率を改善する。これにより全固体リチウムイオン二次電池の実用化に寄与する。,ニオブ酸リチウム被覆正極活物質を備え、導電助剤と電解質の配合比を最適化することを特徴とする全固体電池。,琥珀ガス化学,加藤 直樹;中村 大輔;清水 健一,H01M10/0562;H01M4/62,登録
特願2022-100146,2022/05/24,硫化物系固体電解質及びその製造方法,本発明は、硫化物系固体電解質に関する。従来技術では粒界での抵抗が大きいという課題があった。本発明では、ガラスセラミックス化の熱処理条件を最適化することにより、充放電サイクル特性を改善する。これにより全固体リチウムイオン二次電池の実用化に寄与する。,硫化物系固体電解質を備え、ガラスセラミックス化の熱処理条件を最適化することを特徴とする全固体電池。,常盤田精機,鈴木 花子,C01B17/22;H01B1/06,登録
特願2021-100128,2021/12/21,アルジロダイト型硫化物及びその製造方法,本発明は、アルジロダイト型硫化物に関する。従来技術ではイオン伝導度が実用水準に届かないという課題があった。本発明では、ガラスセラミックス化の熱処理条件を最適化することにより、硫化水素の発生量を大幅に抑制する。これにより全固体リチウムイオン二次電池の実用化に寄与する。,アルジロダイト型硫化物を備え、ガラスセラミックス化の熱処理条件を最適化することを特徴とする全固体電池。,遠州電池,森 大輔,C01B17/22;H01M10/0562,登録
特願2024-100909,2024/01/09,正極-電解質界面被覆層を用いた全固体電池,本発明は、正極-電解質界面被覆層に関する。従来技術では複合正極内のイオン伝導経路が不連続になるという課題があった。本発明では、導電助剤と電解質の配合比を最適化することにより、界面抵抗を低減し出力特性を高める。これにより全固体リチウムイオン二次電池の実用化に寄与する。,正極-電解質界面被覆層を備え、導電助剤と電解質の配合比を最適化することを特徴とする全固体電池。,蒼海自動車,森 誠;渡辺 修平;伊藤 香織,H01M4/525;H01M4/62,拒絶
特願2023-100943,2023/07/21,バイポーラ型全固体電池及びその製造方法,本発明は、バイポーラ型全固体電池に関する。従来技術では端子部の接触抵抗が大きいという課題があった。本発明では、冷却流路をモジュール内に一体成形することにより、電極内の利用率を向上する。これにより全固体リチウムイオン二次電池の実用化に寄与する。,バイポーラ型全固体電池を備え、冷却流路をモジュール内に一体成形することを特徴とする全固体電池。,白鳳電機産業,清水 修平;木村 彩,H01M50/509,審査中
特願2018-100895,2018/10/28,拘束圧付与機構及びその製造方法,本発明は、拘束圧付与機構に関する。従来技術では直列積層時の熱分布が不均一になるという課題があった。本発明では、バイポーラ集電体で直列接続を内蔵化することにより、温度分布を均一化し寿命を延ばす。これにより全固体リチウムイオン二次電池の実用化に寄与する。,拘束圧付与機構を備え、バイポーラ集電体で直列接続を内蔵化することを特徴とする全固体電池。,白鳳電機産業,森 大輔;山口 花子;木村 彩,H01M10/613;H01M50/20,登録
特願2022-100488,2022/05/26,ニオブ酸リチウム被覆正極活物質及びその製造方法,本発明は、ニオブ酸リチウム被覆正極活物質に関する。従来技術では充放電に伴う体積変化で界面が剥離するという課題があった。本発明では、活物質表面に酸化物ナノ被覆層を形成することにより、界面抵抗を低減し出力特性を高める。これにより全固体リチウムイオン二次電池の実用化に寄与する。,ニオブ酸リチウム被覆正極活物質を備え、活物質表面に酸化物ナノ被覆層を形成することを特徴とする全固体電池。,常盤田精機,鈴木 花子;鈴木 太郎;佐藤 浩二,H01M10/0562;H01M4/525,公開
特願2015-100121,2015/11/25,Li6PS5Cl固体電解質及びその製造方法,本発明は、Li6PS5Cl固体電解質に関する。従来技術では大気中の水分と反応して硫化水素が発生するという課題があった。本発明では、ハロゲン元素を部分置換した組成とすることにより、硫化水素の発生量を大幅に抑制する。これにより全固体リチウムイオン二次電池の実用化に寄与する。,Li6PS5Cl固体電解質を備え、ハロゲン元素を部分置換した組成とすることを特徴とする全固体電池。,九曜電子,山本 健一,C01B17/22;H01B1/06,登録
特願2022-100720,2022/12/10,電極シート成形装置を用いた全固体電池,本発明は、電極シート成形装置に関する。従来技術では大面積化すると均一な加圧が難しいという課題があった。本発明では、等方加圧により積層界面を密着させることにより、量産タクトを短縮する。これにより全固体リチウムイオン二次電池の実用化に寄与する。,電極シート成形装置を備え、等方加圧により積層界面を密着させることを特徴とする全固体電池。,九曜電子,森 静香;田中 拓也;小林 誠,H01M10/0585,審査中
特願2023-100469,2023/01/19,NCM系正極と固体電解質の複合体及びその製造方法,本発明は、NCM系正極と固体電解質の複合体に関する。従来技術では複合正極内のイオン伝導経路が不連続になるという課題があった。本発明では、活物質表面に酸化物ナノ被覆層を形成することにより、サイクル後の容量維持率を改善する。これにより全固体リチウムイオン二次電池の実用化に寄与する。,NCM系正極と固体電解質の複合体を備え、活物質表面に酸化物ナノ被覆層を形成することを特徴とする全固体電池。,九曜電子,吉田 彩;佐藤 亮,H01M10/0562;H01M4/525,審査中
特願2016-100345,2016/09/08,ポリエチレンオキシド系ポリマー電解質を用いた全固体電池,本発明は、ポリエチレンオキシド系ポリマー電解質に関する。従来技術では機械的強度と柔軟性の両立が難しいという課題があった。本発明では、紫外線架橋により三次元網目構造を形成することにより、界面追従性を高める。これにより全固体リチウムイオン二次電池の実用化に寄与する。,ポリエチレンオキシド系ポリマー電解質を備え、紫外線架橋により三次元網目構造を形成することを特徴とする全固体電池。,ハンビット電池,渡辺 誠,H01B1/12;H01M10/0565,取下
特願2022-100677,2022/01/22,加圧焼結積層工程及びその製造方法,本発明は、加圧焼結積層工程に関する。従来技術では大面積化すると均一な加圧が難しいという課題があった。本発明では、等方加圧により積層界面を密着させることにより、製造コストを削減する。これにより全固体リチウムイオン二次電池の実用化に寄与する。,加圧焼結積層工程を備え、等方加圧により積層界面を密着させることを特徴とする全固体電池。,暁化成,林 大輔;加藤 健一;鈴木 恵,B32B37/00;H01M4/04,審査中
特願2017-100247,2017/02/03,ペロブスカイト型酸化物電解質及びその製造方法,本発明は、ペロブスカイト型酸化物電解質に関する。従来技術ではリチウムデンドライトが粒界を伝播するという課題があった。本発明では、テープ成形により薄膜シート化することにより、低温プロセスでの量産性を高める。これにより全固体リチウムイオン二次電池の実用化に寄与する。,ペロブスカイト型酸化物電解質を備え、テープ成形により薄膜シート化することを特徴とする全固体電池。,燕岳鉱業,伊藤 亮,C04B35/486;H01B1/08,登録
特願2022-100168,2022/11/23,アルジロダイト型硫化物を用いた全固体電池,本発明は、アルジロダイト型硫化物に関する。従来技術では電極との界面抵抗が増大するという課題があった。本発明では、ハロゲン元素を部分置換した組成とすることにより、硫化水素の発生量を大幅に抑制する。これにより全固体リチウムイオン二次電池の実用化に寄与する。,アルジロダイト型硫化物を備え、ハロゲン元素を部分置換した組成とすることを特徴とする全固体電池。,蒼海自動車,林 大輔;伊藤 亮,H01B1/06,登録
特願2019-100735,2019/02/15,電極シート成形装置を用いた全固体電池,本発明は、電極シート成形装置に関する。従来技術では大面積化すると均一な加圧が難しいという課題があった。本発明では、乾式成膜により無溶媒で電極層を形成することにより、製造コストを削減する。これにより全固体リチウムイオン二次電池の実用化に寄与する。,電極シート成形装置を備え、乾式成膜により無溶媒で電極層を形成することを特徴とする全固体電池。,九曜電子,井上 美咲,B32B37/00;H01M4/04,登録
特願2017-100352,2017/10/06,架橋ゲルポリマー電解質及びその製造方法,本発明は、架橋ゲルポリマー電解質に関する。従来技術では室温でのイオン伝導度が低いという課題があった。本発明では、ブロック共重合体で相分離構造を制御することにより、柔軟性と伝導度を両立する。これにより全固体リチウムイオン二次電池の実用化に寄与する。,架橋ゲルポリマー電解質を備え、ブロック共重合体で相分離構造を制御することを特徴とする全固体電池。,燕岳鉱業,松本 太郎,H01M10/0565,拒絶
特願2016-100835,2016/12/24,バイポーラ型全固体電池及びその製造方法,本発明は、バイポーラ型全固体電池に関する。従来技術では端子部の接触抵抗が大きいという課題があった。本発明では、弾性部材を介した均一拘束構造とすることにより、部品点数を削減する。これにより全固体リチウムイオン二次電池の実用化に寄与する。,バイポーラ型全固体電池を備え、弾性部材を介した均一拘束構造とすることを特徴とする全固体電池。,みなと化学工業,清水 裕子;清水 真一;林 裕子,H01M50/509,取下
特願2020-100288,2020/06/26,NASICON型リン酸系酸化物を用いた全固体電池,本発明は、NASICON型リン酸系酸化物に関する。従来技術では粒界抵抗がイオン伝導を阻害するという課題があった。本発明では、テープ成形により薄膜シート化することにより、デンドライト耐性を改善する。これにより全固体リチウムイオン二次電池の実用化に寄与する。,NASICON型リン酸系酸化物を備え、テープ成形により薄膜シート化することを特徴とする全固体電池。,みなと化学工業,山本 亮;中村 香織,C04B35/486;H01M10/0562,登録
特願2015-100811,2015/08/15,積層セルパッケージ及びその製造方法,本発明は、積層セルパッケージに関する。従来技術では端子部の接触抵抗が大きいという課題があった。本発明では、弾性部材を介した均一拘束構造とすることにより、温度分布を均一化し寿命を延ばす。これにより全固体リチウムイオン二次電池の実用化に寄与する。,積層セルパッケージを備え、弾性部材を介した均一拘束構造とすることを特徴とする全固体電池。,蒼海自動車,森 恵;高橋 彩,H01M50/20,登録
特願2021-100850,2021/04/13,電池モジュール筐体及びその製造方法,本発明は、電池モジュール筐体に関する。従来技術ではセル拘束圧の維持と軽量化が両立しないという課題があった。本発明では、冷却流路をモジュール内に一体成形することにより、部品点数を削減する。これにより全固体リチウムイオン二次電池の実用化に寄与する。,電池モジュール筐体を備え、冷却流路をモジュール内に一体成形することを特徴とする全固体電池。,瀬戸内硝子,森 恵;林 真一,H01M50/20;H01M50/509,登録
特願2017-100833,2017/02/07,バイポーラ型全固体電池及びその製造方法,本発明は、バイポーラ型全固体電池に関する。従来技術ではセル拘束圧の維持と軽量化が両立しないという課題があった。本発明では、バイポーラ集電体で直列接続を内蔵化することにより、温度分布を均一化し寿命を延ばす。これにより全固体リチウムイオン二次電池の実用化に寄与する。,バイポーラ型全固体電池を備え、バイポーラ集電体で直列接続を内蔵化することを特徴とする全固体電池。,暁化成,林 大輔,H01M10/613;H01M50/20,登録
特願2020-100143,2020/05/01,Li6PS5Cl固体電解質及びその製造方法,本発明は、Li6PS5Cl固体電解質に関する。従来技術では粒界での抵抗が大きいという課題があった。本発明では、微粒子化と加圧成形条件を制御することにより、室温で高いリチウムイオン伝導度を実現する。これにより全固体リチウムイオン二次電池の実用化に寄与する。,Li6PS5Cl固体電解質を備え、微粒子化と加圧成形条件を制御することを特徴とする全固体電池。,燕岳鉱業,加藤 健一;吉田 望;小林 香織,H01M10/0562,審査中
特願2018-100127,2018/09/15,硫化物系固体電解質及びその製造方法,本発明は、硫化物系固体電解質に関する。従来技術ではイオン伝導度が実用水準に届かないという課題があった。本発明では、表面を酸化物系保護層で被覆することにより、充放電サイクル特性を改善する。これにより全固体リチウムイオン二次電池の実用化に寄与する。,硫化物系固体電解質を備え、表面を酸化物系保護層で被覆することを特徴とする全固体電池。,九曜電子,吉田 真一;井上 大輔;鈴木 望,H01M10/0562,取下
特願2022-100094,2022/02/22,硫化物系固体電解質及びその製造方法,本発明は、硫化物系固体電解質に関する。従来技術では電極との界面抵抗が増大するという課題があった。本発明では、微粒子化と加圧成形条件を制御することにより、室温で高いリチウムイオン伝導度を実現する。これにより全固体リチウムイオン二次電池の実用化に寄与する。,硫化物系固体電解質を備え、微粒子化と加圧成形条件を制御することを特徴とする全固体電池。,高千穂金属,田中 太郎;高橋 太郎;井上 恵,H01B1/06;H01M10/0562,公開
特願2019-100852,2019/12/27,電池モジュール筐体を用いた全固体電池,本発明は、電池モジュール筐体に関する。従来技術ではセル拘束圧の維持と軽量化が両立しないという課題があった。本発明では、バイポーラ集電体で直列接続を内蔵化することにより、部品点数を削減する。これにより全固体リチウムイオン二次電池の実用化に寄与する。,電池モジュール筐体を備え、バイポーラ集電体で直列接続を内蔵化することを特徴とする全固体電池。,遠州電池,松本 望;加藤 健一;清水 直樹,H01M10/613,審査中
特願2021-100534,2021/02/23,リチウム合金負極を用いた全固体電池,本発明は、リチウム合金負極に関する。従来技術では負極と電解質の界面で副反応が進行するという課題があった。本発明では、固体電解質との界面に緩衝層を挿入することにより、エネルギー密度を大幅に向上する。これにより全固体リチウムイオン二次電池の実用化に寄与する。,リチウム合金負極を備え、固体電解質との界面に緩衝層を挿入することを特徴とする全固体電池。,みなと化学工業,山口 裕子,H01M4/134;H01M4/38,審査中
特願2016-100009,2016/11/10,硫化物系固体電解質を用いた全固体電池,本発明は、硫化物系固体電解質に関する。従来技術では電極との界面抵抗が増大するという課題があった。本発明では、表面を酸化物系保護層で被覆することにより、室温で高いリチウムイオン伝導度を実現する。これにより全固体リチウムイオン二次電池の実用化に寄与する。,硫化物系固体電解質を備え、表面を酸化物系保護層で被覆することを特徴とする全固体電池。,蒼海自動車,小林 直樹,C01B17/22;H01M10/0562,登録
特願2016-100116,2016/10/05,硫化物系固体電解質及びその製造方法,本発明は、硫化物系固体電解質に関する。従来技術では粒界での抵抗が大きいという課題があった。本発明では、ハロゲン元素を部分置換した組成とすることにより、充放電サイクル特性を改善する。これにより全固体リチウムイオン二次電池の実用化に寄与する。,硫化物系固体電解質を備え、ハロゲン元素を部分置換した組成とすることを特徴とする全固体電池。,東都工業大学,清水 静香,H01B1/06;H01M10/0562,取下
特願2021-100955,2021/03/19,リチウム合金負極及びその製造方法,本発明は、リチウム合金負極に関する。従来技術では負極と電解質の界面で副反応が進行するという課題があった。本発明では、析出溶解を均一化する拘束圧構造を採用することにより、クーロン効率を改善する。これにより全固体リチウムイオン二次電池の実用化に寄与する。,リチウム合金負極を備え、析出溶解を均一化する拘束圧構造を採用することを特徴とする全固体電池。,菫マテリアルズ,加藤 由美;山口 花子,H01M4/38,審査中
特願2018-100112,2018/05/20,硫化物系固体電解質及びその製造方法,本発明は、硫化物系固体電解質に関する。従来技術では粒界での抵抗が大きいという課題があった。本発明では、微粒子化と加圧成形条件を制御することにより、室温で高いリチウムイオン伝導度を実現する。これにより全固体リチウムイオン二次電池の実用化に寄与する。,硫化物系固体電解質を備え、微粒子化と加圧成形条件を制御することを特徴とする全固体電池。,蒼海自動車,高橋 花子;高橋 隆,C01B17/22;H01M10/0562,登録
特願2025-100936,2025/03/27,リチウム合金負極を用いた全固体電池,本発明は、リチウム合金負極に関する。従来技術では負極と電解質の界面で副反応が進行するという課題があった。本発明では、固体電解質との界面に緩衝層を挿入することにより、部品点数を削減する。これにより全固体リチウムイオン二次電池の実用化に寄与する。,リチウム合金負極を備え、固体電解質との界面に緩衝層を挿入することを特徴とする全固体電池。,東雲重工業,高橋 亮,H01M10/052;H01M4/38,拒絶
特願2019-100859,2019/04/07,積層セルパッケージ及びその製造方法,本発明は、積層セルパッケージに関する。従来技術では直列積層時の熱分布が不均一になるという課題があった。本発明では、バイポーラ集電体で直列接続を内蔵化することにより、温度分布を均一化し寿命を延ばす。これにより全固体リチウムイオン二次電池の実用化に寄与する。,積層セルパッケージを備え、バイポーラ集電体で直列接続を内蔵化することを特徴とする全固体電池。,燕岳鉱業,渡辺 隆;吉田 由美;山本 裕子,H01M10/613,公開
特願2019-100055,2019/07/05,アルジロダイト型硫化物及びその製造方法,本発明は、アルジロダイト型硫化物に関する。従来技術では電極との界面抵抗が増大するという課題があった。本発明では、ガラスセラミックス化の熱処理条件を最適化することにより、充放電サイクル特性を改善する。これにより全固体リチウムイオン二次電池の実用化に寄与する。,アルジロダイト型硫化物を備え、ガラスセラミックス化の熱処理条件を最適化することを特徴とする全固体電池。,若草セラミックス,伊藤 彩,H01B1/06,拒絶
特願2022-100409,2022/09/19,複合正極合材及びその製造方法,本発明は、複合正極合材に関する。従来技術では複合正極内のイオン伝導経路が不連続になるという課題があった。本発明では、導電助剤と電解質の配合比を最適化することにより、界面抵抗を低減し出力特性を高める。これにより全固体リチウムイオン二次電池の実用化に寄与する。,複合正極合材を備え、導電助剤と電解質の配合比を最適化することを特徴とする全固体電池。,常盤田精機,山田 美咲;山口 真一,H01M10/0562;H01M4/525,審査中
特願2021-100395,2021/05/27,NCM系正極と固体電解質の複合体及びその製造方法,本発明は、NCM系正極と固体電解質の複合体に関する。従来技術では充放電に伴う体積変化で界面が剥離するという課題があった。本発明では、スラリー混練条件を制御し均一分散させることにより、サイクル後の容量維持率を改善する。これにより全固体リチウムイオン二次電池の実用化に寄与する。,NCM系正極と固体電解質の複合体を備え、スラリー混練条件を制御し均一分散させることを特徴とする全固体電池。,白鳳電機産業,渡辺 亮;伊藤 誠,H01M4/62,公開
特願2021-100238,2021/09/21,酸化物系固体電解質焼結体及びその製造方法,本発明は、酸化物系固体電解質焼結体に関する。従来技術では粒界抵抗がイオン伝導を阻害するという課題があった。本発明では、焼結助剤を添加して低温焼結を可能にすることにより、粒界抵抗を低減し伝導度を向上する。これにより全固体リチウムイオン二次電池の実用化に寄与する。,酸化物系固体電解質焼結体を備え、焼結助剤を添加して低温焼結を可能にすることを特徴とする全固体電池。,ソルグリーンエナジー,高橋 裕子;木村 花子;高橋 健一,C04B35/486;H01M10/0562,登録
特願2021-100682,2021/10/05,全固体電池の積層体及びその製造方法,本発明は、全固体電池の積層体に関する。従来技術では溶媒系プロセスが電解質を劣化させるという課題があった。本発明では、ロールプレスの線圧条件を段階制御することにより、製造コストを削減する。これにより全固体リチウムイオン二次電池の実用化に寄与する。,全固体電池の積層体を備え、ロールプレスの線圧条件を段階制御することを特徴とする全固体電池。,東雲重工業,渡辺 亮;鈴木 彩,B32B37/00,審査中
特願2015-100341,2015/08/05,有機無機ハイブリッド電解質膜及びその製造方法,本発明は、有機無機ハイブリッド電解質膜に関する。従来技術では電位窓が狭く高電圧正極に適用できないという課題があった。本発明では、ブロック共重合体で相分離構造を制御することにより、柔軟性と伝導度を両立する。これにより全固体リチウムイオン二次電池の実用化に寄与する。,有機無機ハイブリッド電解質膜を備え、ブロック共重合体で相分離構造を制御することを特徴とする全固体電池。,葵テクノロジーズ,鈴木 彩;佐藤 修平;山本 彩,C08J5/22;H01B1/12,拒絶
特願2019-100721,2019/07/26,加圧焼結積層工程及びその製造方法,本発明は、加圧焼結積層工程に関する。従来技術では溶媒系プロセスが電解質を劣化させるという課題があった。本発明では、ロールプレスの線圧条件を段階制御することにより、製造コストを削減する。これにより全固体リチウムイオン二次電池の実用化に寄与する。,加圧焼結積層工程を備え、ロールプレスの線圧条件を段階制御することを特徴とする全固体電池。,北斗モータース,伊藤 花子;木村 由美;森 誠,H01M10/0585;H01M4/04,公開
特願2017-100233,2017/09/25,NASICON型リン酸系酸化物及びその製造方法,本発明は、NASICON型リン酸系酸化物に関する。従来技術ではリチウムデンドライトが粒界を伝播するという課題があった。本発明では、ドーパント元素で結晶構造を安定化することにより、デンドライト耐性を改善する。これにより全固体リチウムイオン二次電池の実用化に寄与する。,NASICON型リン酸系酸化物を備え、ドーパント元素で結晶構造を安定化することを特徴とする全固体電池。,蒼海自動車,加藤 花子;清水 恵,C04B35/486;H01B1/08,登録
特願2018-100512,2018/06/26,ニオブ酸リチウム被覆正極活物質及びその製造方法,本発明は、ニオブ酸リチウム被覆正極活物質に関する。従来技術では充放電に伴う体積変化で界面が剥離するという課題があった。本発明では、活物質表面に酸化物ナノ被覆層を形成することにより、電極内の利用率を向上する。これにより全固体リチウムイオン二次電池の実用化に寄与する。,ニオブ酸リチウム被覆正極活物質を備え、活物質表面に酸化物ナノ被覆層を形成することを特徴とする全固体電池。,白鳳電機産業,中村 望;吉田 大輔,H01M10/0562;H01M4/525,拒絶
特願2020-100560,2020/10/26,無負極型集電体構造及びその製造方法,本発明は、無負極型集電体構造に関する。従来技術では負極と電解質の界面で副反応が進行するという課題があった。本発明では、集電体表面に親リチウム性シード層を設けることにより、デンドライト発生を抑制し安全性を高める。これにより全固体リチウムイオン二次電池の実用化に寄与する。,無負極型集電体構造を備え、集電体表面に親リチウム性シード層を設けることを特徴とする全固体電池。,白鳳電機産業,小林 静香,H01M4/134;H01M4/38,拒絶
特願2016-100691,2016/06/13,全固体電池の積層体及びその製造方法,本発明は、全固体電池の積層体に関する。従来技術では大面積化すると均一な加圧が難しいという課題があった。本発明では、等方加圧により積層界面を密着させることにより、製造コストを削減する。これにより全固体リチウムイオン二次電池の実用化に寄与する。,全固体電池の積層体を備え、等方加圧により積層界面を密着させることを特徴とする全固体電池。,遠州電池,山本 望;渡辺 直樹,B32B37/00;H01M4/04,登録
特願2018-100794,2018/12/10,バイポーラ型全固体電池及びその製造方法,本発明は、バイポーラ型全固体電池に関する。従来技術では端子部の接触抵抗が大きいという課題があった。本発明では、バイポーラ集電体で直列接続を内蔵化することにより、温度分布を均一化し寿命を延ばす。これにより全固体リチウムイオン二次電池の実用化に寄与する。,バイポーラ型全固体電池を備え、バイポーラ集電体で直列接続を内蔵化することを特徴とする全固体電池。,東雲重工業,鈴木 静香;吉田 香織;木村 真一,H01M50/20,登録
特願2021-100543,2021/04/20,リチウム合金負極を用いた全固体電池,本発明は、リチウム合金負極に関する。従来技術では充電時にデンドライトが成長し短絡に至るという課題があった。本発明では、集電体表面に親リチウム性シード層を設けることにより、クーロン効率を改善する。これにより全固体リチウムイオン二次電池の実用化に寄与する。,リチウム合金負極を備え、集電体表面に親リチウム性シード層を設けることを特徴とする全固体電池。,九曜電子,鈴木 拓也,H01M10/052;H01M4/38,登録
特願2021-100231,2021/07/03,ガーネット型LLZO酸化物を用いた全固体電池,本発明は、ガーネット型LLZO酸化物に関する。従来技術では薄膜化すると機械的強度が不足するという課題があった。本発明では、ドーパント元素で結晶構造を安定化することにより、デンドライト耐性を改善する。これにより全固体リチウムイオン二次電池の実用化に寄与する。,ガーネット型LLZO酸化物を備え、ドーパント元素で結晶構造を安定化することを特徴とする全固体電池。,蒼海自動車,渡辺 太郎,C04B35/486,登録
特願2020-100643,2020/06/22,リチウム合金負極及びその製造方法,本発明は、リチウム合金負極に関する。従来技術では負極と電解質の界面で副反応が進行するという課題があった。本発明では、析出溶解を均一化する拘束圧構造を採用することにより、クーロン効率を改善する。これにより全固体リチウムイオン二次電池の実用化に寄与する。,リチウム合金負極を備え、析出溶解を均一化する拘束圧構造を採用することを特徴とする全固体電池。,蒼海自動車,吉田 直樹;山本 修平,H01M4/134;H01M4/38,審査中
特願2018-100179,2018/12/08,ペロブスカイト型酸化物電解質及びその製造方法,本発明は、ペロブスカイト型酸化物電解質に関する。従来技術では薄膜化すると機械的強度が不足するという課題があった。本発明では、ドーパント元素で結晶構造を安定化することにより、粒界抵抗を低減し伝導度を向上する。これにより全固体リチウムイオン二次電池の実用化に寄与する。,ペロブスカイト型酸化物電解質を備え、ドーパント元素で結晶構造を安定化することを特徴とする全固体電池。,ハンビット電池,吉田 美咲;中村 望;山本 直樹,C04B35/486;H01B1/08,拒絶
特願2021-100421,2021/02/08,複合正極合材及びその製造方法,本発明は、複合正極合材に関する。従来技術では複合正極内のイオン伝導経路が不連続になるという課題があった。本発明では、活物質表面に酸化物ナノ被覆層を形成することにより、界面抵抗を低減し出力特性を高める。これにより全固体リチウムイオン二次電池の実用化に寄与する。,複合正極合材を備え、活物質表面に酸化物ナノ被覆層を形成することを特徴とする全固体電池。,白鳳電機産業,佐藤 直樹;斎藤 太郎,H01M10/0562;H01M4/62,登録
特願2024-100595,2024/10/08,無負極型集電体構造及びその製造方法,本発明は、無負極型集電体構造に関する。従来技術ではリチウムの不均一析出で容量が劣化するという課題があった。本発明では、固体電解質との界面に緩衝層を挿入することにより、デンドライト発生を抑制し安全性を高める。これにより全固体リチウムイオン二次電池の実用化に寄与する。,無負極型集電体構造を備え、固体電解質との界面に緩衝層を挿入することを特徴とする全固体電池。,北斗モータース,小林 拓也;井上 拓也,H01M10/052,審査中
特願2018-100056,2018/10/01,Li2S-P2S5系ガラスセラミックス及びその製造方法,本発明は、Li2S-P2S5系ガラスセラミックスに関する。従来技術では粒界での抵抗が大きいという課題があった。本発明では、ハロゲン元素を部分置換した組成とすることにより、室温で高いリチウムイオン伝導度を実現する。これにより全固体リチウムイオン二次電池の実用化に寄与する。,Li2S-P2S5系ガラスセラミックスを備え、ハロゲン元素を部分置換した組成とすることを特徴とする全固体電池。,常盤田精機,山口 修平;山本 彩;伊藤 香織,C01B17/22;H01M10/0562,拒絶
特願2020-100174,2020/09/07,アルジロダイト型硫化物を用いた全固体電池,本発明は、アルジロダイト型硫化物に関する。従来技術ではイオン伝導度が実用水準に届かないという課題があった。本発明では、表面を酸化物系保護層で被覆することにより、硫化水素の発生量を大幅に抑制する。これにより全固体リチウムイオン二次電池の実用化に寄与する。,アルジロダイト型硫化物を備え、表面を酸化物系保護層で被覆することを特徴とする全固体電池。,常盤田精機,山本 由美;清水 美咲,H01M10/0562,審査中
特願2022-100503,2022/06/14,ニオブ酸リチウム被覆正極活物質及びその製造方法,本発明は、ニオブ酸リチウム被覆正極活物質に関する。従来技術では複合正極内のイオン伝導経路が不連続になるという課題があった。本発明では、活物質表面に酸化物ナノ被覆層を形成することにより、サイクル後の容量維持率を改善する。これにより全固体リチウムイオン二次電池の実用化に寄与する。,ニオブ酸リチウム被覆正極活物質を備え、活物質表面に酸化物ナノ被覆層を形成することを特徴とする全固体電池。,九曜電子,山田 香織,H01M4/525;H01M4/62,公開
特願2022-100472,2022/04/12,NCM系正極と固体電解質の複合体及びその製造方法,本発明は、NCM系正極と固体電解質の複合体に関する。従来技術では複合正極内のイオン伝導経路が不連続になるという課題があった。本発明では、スラリー混練条件を制御し均一分散させることにより、界面抵抗を低減し出力特性を高める。これにより全固体リチウムイオン二次電池の実用化に寄与する。,NCM系正極と固体電解質の複合体を備え、スラリー混練条件を制御し均一分散させることを特徴とする全固体電池。,東都工業大学,小林 浩二;高橋 由美;加藤 隆,H01M4/525;H01M4/62,審査中
特願2018-100820,2018/03/26,バイポーラ型全固体電池及びその製造方法,本発明は、バイポーラ型全固体電池に関する。従来技術ではセル拘束圧の維持と軽量化が両立しないという課題があった。本発明では、弾性部材を介した均一拘束構造とすることにより、温度分布を均一化し寿命を延ばす。これにより全固体リチウムイオン二次電池の実用化に寄与する。,バイポーラ型全固体電池を備え、弾性部材を介した均一拘束構造とすることを特徴とする全固体電池。,蓬莱新能源,伊藤 望,H01M50/20;H01M50/509,拒絶
特願2015-100325,2015/03/13,ポリエチレンオキシド系ポリマー電解質及びその製造方法,本発明は、ポリエチレンオキシド系ポリマー電解質に関する。従来技術では機械的強度と柔軟性の両立が難しいという課題があった。本発明では、可塑剤と無機フィラーを複合化することにより、界面追従性を高める。これにより全固体リチウムイオン二次電池の実用化に寄与する。,ポリエチレンオキシド系ポリマー電解質を備え、可塑剤と無機フィラーを複合化することを特徴とする全固体電池。,蒼海自動車,小林 拓也;伊藤 健一,C08J5/22;H01M10/0565,拒絶
特願2020-100641,2020/12/24,リチウム合金負極及びその製造方法,本発明は、リチウム合金負極に関する。従来技術ではリチウムの不均一析出で容量が劣化するという課題があった。本発明では、固体電解質との界面に緩衝層を挿入することにより、エネルギー密度を大幅に向上する。これにより全固体リチウムイオン二次電池の実用化に寄与する。,リチウム合金負極を備え、固体電解質との界面に緩衝層を挿入することを特徴とする全固体電池。,蒼海自動車,斎藤 望;斎藤 香織,H01M10/052;H01M4/38,拒絶
特願2017-100123,2017/11/14,Li2S-P2S5系ガラスセラミックスを用いた全固体電池,本発明は、Li2S-P2S5系ガラスセラミックスに関する。従来技術では大気中の水分と反応して硫化水素が発生するという課題があった。本発明では、微粒子化と加圧成形条件を制御することにより、硫化水素の発生量を大幅に抑制する。これにより全固体リチウムイオン二次電池の実用化に寄与する。,Li2S-P2S5系ガラスセラミックスを備え、微粒子化と加圧成形条件を制御することを特徴とする全固体電池。,白鳳電機産業,吉田 真一;田中 静香;清水 浩二,H01B1/06;H01M10/0562,登録
特願2019-100070,2019/02/12,硫化物系固体電解質及びその製造方法,本発明は、硫化物系固体電解質に関する。従来技術では大気中の水分と反応して硫化水素が発生するという課題があった。本発明では、微粒子化と加圧成形条件を制御することにより、室温で高いリチウムイオン伝導度を実現する。これにより全固体リチウムイオン二次電池の実用化に寄与する。,硫化物系固体電解質を備え、微粒子化と加圧成形条件を制御することを特徴とする全固体電池。,九曜電子,渡辺 彩;斎藤 香織,H01B1/06,登録
特願2023-100389,2023/11/17,複合正極合材及びその製造方法,本発明は、複合正極合材に関する。従来技術では複合正極内のイオン伝導経路が不連続になるという課題があった。本発明では、導電助剤と電解質の配合比を最適化することにより、界面抵抗を低減し出力特性を高める。これにより全固体リチウムイオン二次電池の実用化に寄与する。,複合正極合材を備え、導電助剤と電解質の配合比を最適化することを特徴とする全固体電池。,蒼海自動車,松本 太郎;木村 浩二,H01M4/525,登録
特願2018-100881,2018/04/13,架橋ゲルポリマー電解質及びその製造方法,本発明は、架橋ゲルポリマー電解質に関する。従来技術では機械的強度と柔軟性の両立が難しいという課題があった。本発明では、紫外線架橋により三次元網目構造を形成することにより、低温プロセスでの量産性を高める。これにより全固体リチウムイオン二次電池の実用化に寄与する。,架橋ゲルポリマー電解質を備え、紫外線架橋により三次元網目構造を形成することを特徴とする全固体電池。,蒼海自動車,斎藤 花子;木村 浩二,C08J5/22;H01B1/12,拒絶
特願2025-100424,2025/05/10,NCM系正極と固体電解質の複合体及びその製造方法,本発明は、NCM系正極と固体電解質の複合体に関する。従来技術では正極活物質と硫化物電解質の界面で高抵抗層が形成されるという課題があった。本発明では、スラリー混練条件を制御し均一分散させることにより、界面抵抗を低減し出力特性を高める。これにより全固体リチウムイオン二次電池の実用化に寄与する。,NCM系正極と固体電解質の複合体を備え、スラリー混練条件を制御し均一分散させることを特徴とする全固体電池。,ハンビット電池,斎藤 美咲;小林 恵,H01M10/0562;H01M4/525,公開
特願2018-100101,2018/02/12,アルジロダイト型硫化物及びその製造方法,本発明は、アルジロダイト型硫化物に関する。従来技術では粒界での抵抗が大きいという課題があった。本発明では、微粒子化と加圧成形条件を制御することにより、充放電サイクル特性を改善する。これにより全固体リチウムイオン二次電池の実用化に寄与する。,アルジロダイト型硫化物を備え、微粒子化と加圧成形条件を制御することを特徴とする全固体電池。,東都工業大学,井上 直樹;高橋 浩二,C01B17/22;H01M10/0562,登録
特願2018-100860,2018/08/27,拘束圧付与機構及びその製造方法,本発明は、拘束圧付与機構に関する。従来技術では直列積層時の熱分布が不均一になるという課題があった。本発明では、弾性部材を介した均一拘束構造とすることにより、温度分布を均一化し寿命を延ばす。これにより全固体リチウムイオン二次電池の実用化に寄与する。,拘束圧付与機構を備え、弾性部材を介した均一拘束構造とすることを特徴とする全固体電池。,白鳳電機産業,伊藤 拓也;渡辺 望;加藤 拓也,H01M10/613;H01M50/509,取下
特願2018-100035,2018/12/28,硫化物系固体電解質及びその製造方法,本発明は、硫化物系固体電解質に関する。従来技術では粒界での抵抗が大きいという課題があった。本発明では、微粒子化と加圧成形条件を制御することにより、充放電サイクル特性を改善する。これにより全固体リチウムイオン二次電池の実用化に寄与する。,硫化物系固体電解質を備え、微粒子化と加圧成形条件を制御することを特徴とする全固体電池。,みなと化学工業,松本 静香,C01B17/22;H01M10/0562,登録
特願2016-100369,2016/07/26,ポリエチレンオキシド系ポリマー電解質を用いた全固体電池,本発明は、ポリエチレンオキシド系ポリマー電解質に関する。従来技術では機械的強度と柔軟性の両立が難しいという課題があった。本発明では、紫外線架橋により三次元網目構造を形成することにより、柔軟性と伝導度を両立する。これにより全固体リチウムイオン二次電池の実用化に寄与する。,ポリエチレンオキシド系ポリマー電解質を備え、紫外線架橋により三次元網目構造を形成することを特徴とする全固体電池。,燕岳鉱業,清水 彩,H01B1/12,登録
特願2025-100552,2025/09/27,リチウム金属負極を用いた全固体電池,本発明は、リチウム金属負極に関する。従来技術では負極と電解質の界面で副反応が進行するという課題があった。本発明では、集電体表面に親リチウム性シード層を設けることにより、デンドライト発生を抑制し安全性を高める。これにより全固体リチウムイオン二次電池の実用化に寄与する。,リチウム金属負極を備え、集電体表面に親リチウム性シード層を設けることを特徴とする全固体電池。,白鳳電機産業,鈴木 望;高橋 直樹;鈴木 拓也,H01M10/052,公開
特願2021-100617,2021/04/05,リチウム合金負極及びその製造方法,本発明は、リチウム合金負極に関する。従来技術では負極と電解質の界面で副反応が進行するという課題があった。本発明では、固体電解質との界面に緩衝層を挿入することにより、デンドライト発生を抑制し安全性を高める。これにより全固体リチウムイオン二次電池の実用化に寄与する。,リチウム合金負極を備え、固体電解質との界面に緩衝層を挿入することを特徴とする全固体電池。,白鳳電機産業,森 大輔;山口 望;鈴木 由美,H01M10/052;H01M4/38,審査中
特願2023-100608,2023/05/12,リチウム合金負極及びその製造方法,本発明は、リチウム合金負極に関する。従来技術ではリチウムの不均一析出で容量が劣化するという課題があった。本発明では、析出溶解を均一化する拘束圧構造を採用することにより、デンドライト発生を抑制し安全性を高める。これにより全固体リチウムイオン二次電池の実用化に寄与する。,リチウム合金負極を備え、析出溶解を均一化する拘束圧構造を採用することを特徴とする全固体電池。,白鳳電機産業,吉田 隆;林 修平,H01M10/052;H01M4/134,公開
特願2017-100701,2017/09/08,加圧焼結積層工程及びその製造方法,本発明は、加圧焼結積層工程に関する。従来技術では大面積化すると均一な加圧が難しいという課題があった。本発明では、等方加圧により積層界面を密着させることにより、製造コストを削減する。これにより全固体リチウムイオン二次電池の実用化に寄与する。,加圧焼結積層工程を備え、等方加圧により積層界面を密着させることを特徴とする全固体電池。,燕岳鉱業,田中 亮;中村 香織,B32B37/00;H01M4/04,登録
特願2022-100298,2022/01/14,ガーネット型LLZO酸化物及びその製造方法,本発明は、ガーネット型LLZO酸化物に関する。従来技術では薄膜化すると機械的強度が不足するという課題があった。本発明では、焼結助剤を添加して低温焼結を可能にすることにより、低温プロセスでの量産性を高める。これにより全固体リチウムイオン二次電池の実用化に寄与する。,ガーネット型LLZO酸化物を備え、焼結助剤を添加して低温焼結を可能にすることを特徴とする全固体電池。,燕岳鉱業,山口 望;中村 拓也;斎藤 真一,C04B35/486;H01M10/0562,公開
特願2021-100516,2021/11/21,正極-電解質界面被覆層を用いた全固体電池,本発明は、正極-電解質界面被覆層に関する。従来技術では複合正極内のイオン伝導経路が不連続になるという課題があった。本発明では、導電助剤と電解質の配合比を最適化することにより、界面抵抗を低減し出力特性を高める。これにより全固体リチウムイオン二次電池の実用化に寄与する。,正極-電解質界面被覆層を備え、導電助剤と電解質の配合比を最適化することを特徴とする全固体電池。,東都工業大学,山田 拓也,H01M10/0562;H01M4/62,審査中
特願2024-100925,2024/06/23,無負極型集電体構造及びその製造方法,本発明は、無負極型集電体構造に関する。従来技術では充電時にデンドライトが成長し短絡に至るという課題があった。本発明では、集電体表面に親リチウム性シード層を設けることにより、界面追従性を高める。これにより全固体リチウムイオン二次電池の実用化に寄与する。,無負極型集電体構造を備え、集電体表面に親リチウム性シード層を設けることを特徴とする全固体電池。,蓬莱新能源,加藤 太郎;山本 恵;鈴木 隆,H01M10/052;H01M4/38,公開
特願2022-100588,2022/06/08,リチウム析出制御層を用いた全固体電池,本発明は、リチウム析出制御層に関する。従来技術では充電時にデンドライトが成長し短絡に至るという課題があった。本発明では、集電体表面に親リチウム性シード層を設けることにより、クーロン効率を改善する。これにより全固体リチウムイオン二次電池の実用化に寄与する。,リチウム析出制御層を備え、集電体表面に親リチウム性シード層を設けることを特徴とする全固体電池。,東雲重工業,斎藤 健一;山口 望;林 花子,H01M4/134;H01M4/38,登録
特願2021-100258,2021/05/10,ペロブスカイト型酸化物電解質を用いた全固体電池,本発明は、ペロブスカイト型酸化物電解質に関する。従来技術では薄膜化すると機械的強度が不足するという課題があった。本発明では、粒界に非晶質層を導入することにより、粒界抵抗を低減し伝導度を向上する。これにより全固体リチウムイオン二次電池の実用化に寄与する。,ペロブスカイト型酸化物電解質を備え、粒界に非晶質層を導入することを特徴とする全固体電池。,常盤田精機,清水 静香;佐藤 大輔;田中 香織,C04B35/486;H01M10/0562,登録
特願2015-100167,2015/03/28,Li6PS5Cl固体電解質及びその製造方法,本発明は、Li6PS5Cl固体電解質に関する。従来技術ではイオン伝導度が実用水準に届かないという課題があった。本発明では、表面を酸化物系保護層で被覆することにより、硫化水素の発生量を大幅に抑制する。これにより全固体リチウムイオン二次電池の実用化に寄与する。,Li6PS5Cl固体電解質を備え、表面を酸化物系保護層で被覆することを特徴とする全固体電池。,九曜電子,高橋 拓也;木村 望,H01B1/06;H01M10/0562,拒絶
特願2021-100597,2021/03/21,リチウム析出制御層を用いた全固体電池,本発明は、リチウム析出制御層に関する。従来技術では負極と電解質の界面で副反応が進行するという課題があった。本発明では、析出溶解を均一化する拘束圧構造を採用することにより、デンドライト発生を抑制し安全性を高める。これにより全固体リチウムイオン二次電池の実用化に寄与する。,リチウム析出制御層を備え、析出溶解を均一化する拘束圧構造を採用することを特徴とする全固体電池。,白鳳電機産業,斎藤 直樹,H01M10/052,審査中
特願2024-100911,2024/09/14,乾式電極成形プロセス及びその製造方法,本発明は、乾式電極成形プロセスに関する。従来技術では積層時に層間に空隙が残り抵抗が増えるという課題があった。本発明では、ロールプレスの線圧条件を段階制御することにより、温度分布を均一化し寿命を延ばす。これにより全固体リチウムイオン二次電池の実用化に寄与する。,乾式電極成形プロセスを備え、ロールプレスの線圧条件を段階制御することを特徴とする全固体電池。,桔梗精密,山田 美咲;鈴木 拓也;田中 修平,H01M10/0585;H01M4/04,審査中
特願2019-100426,2019/08/24,NCM系正極と固体電解質の複合体を用いた全固体電池,本発明は、NCM系正極と固体電解質の複合体に関する。従来技術では充放電に伴う体積変化で界面が剥離するという課題があった。本発明では、導電助剤と電解質の配合比を最適化することにより、界面抵抗を低減し出力特性を高める。これにより全固体リチウムイオン二次電池の実用化に寄与する。,NCM系正極と固体電解質の複合体を備え、導電助剤と電解質の配合比を最適化することを特徴とする全固体電池。,蒼海自動車,林 望;高橋 美咲;佐藤 亮,H01M10/0562;H01M4/525,拒絶
特願2023-100921,2023/04/01,積層セルパッケージを用いた全固体電池,本発明は、積層セルパッケージに関する。従来技術ではセル拘束圧の維持と軽量化が両立しないという課題があった。本発明では、弾性部材を介した均一拘束構造とすることにより、室温で高いリチウムイオン伝導度を実現する。これにより全固体リチウムイオン二次電池の実用化に寄与する。,積層セルパッケージを備え、弾性部材を介した均一拘束構造とすることを特徴とする全固体電池。,燕岳鉱業,井上 誠;小林 裕子;加藤 大輔,H01M50/20,登録
特願2019-100022,2019/05/09,Li2S-P2S5系ガラスセラミックス及びその製造方法,本発明は、Li2S-P2S5系ガラスセラミックスに関する。従来技術では大気中の水分と反応して硫化水素が発生するという課題があった。本発明では、微粒子化と加圧成形条件を制御することにより、室温で高いリチウムイオン伝導度を実現する。これにより全固体リチウムイオン二次電池の実用化に寄与する。,Li2S-P2S5系ガラスセラミックスを備え、微粒子化と加圧成形条件を制御することを特徴とする全固体電池。,暁化成,木村 望;松本 拓也,C01B17/22,登録
特願2023-100897,2023/02/17,積層セルパッケージを用いた全固体電池,本発明は、積層セルパッケージに関する。従来技術では直列積層時の熱分布が不均一になるという課題があった。本発明では、弾性部材を介した均一拘束構造とすることにより、クーロン効率を改善する。これにより全固体リチウムイオン二次電池の実用化に寄与する。,積層セルパッケージを備え、弾性部材を介した均一拘束構造とすることを特徴とする全固体電池。,みなと化学工業,木村 健一;清水 彩;中村 彩,H01M10/613;H01M50/509,公開
特願2022-100899,2022/02/23,ペロブスカイト型酸化物電解質及びその製造方法,本発明は、ペロブスカイト型酸化物電解質に関する。従来技術では焼結温度が高くエネルギーコストが大きいという課題があった。本発明では、焼結助剤を添加して低温焼結を可能にすることにより、製造コストを削減する。これにより全固体リチウムイオン二次電池の実用化に寄与する。,ペロブスカイト型酸化物電解質を備え、焼結助剤を添加して低温焼結を可能にすることを特徴とする全固体電池。,燕岳鉱業,伊藤 太郎;木村 花子;鈴木 真一,H01B1/08,公開
特願2015-100338,2015/04/16,リチウム塩含有ポリマー膜及びその製造方法,本発明は、リチウム塩含有ポリマー膜に関する。従来技術では電位窓が狭く高電圧正極に適用できないという課題があった。本発明では、紫外線架橋により三次元網目構造を形成することにより、薄膜大面積化を容易にする。これにより全固体リチウムイオン二次電池の実用化に寄与する。,リチウム塩含有ポリマー膜を備え、紫外線架橋により三次元網目構造を形成することを特徴とする全固体電池。,暁化成,吉田 花子;鈴木 亮;清水 香織,C08J5/22,拒絶
特願2025-100601,2025/08/23,リチウム合金負極及びその製造方法,本発明は、リチウム合金負極に関する。従来技術では充電時にデンドライトが成長し短絡に至るという課題があった。本発明では、析出溶解を均一化する拘束圧構造を採用することにより、クーロン効率を改善する。これにより全固体リチウムイオン二次電池の実用化に寄与する。,リチウム合金負極を備え、析出溶解を均一化する拘束圧構造を採用することを特徴とする全固体電池。,白鳳電機産業,高橋 太郎;渡辺 亮;井上 真一,H01M10/052;H01M4/38,拒絶
特願2016-100823,2016/03/08,電池モジュール筐体及びその製造方法,本発明は、電池モジュール筐体に関する。従来技術では端子部の接触抵抗が大きいという課題があった。本発明では、弾性部材を介した均一拘束構造とすることにより、体積エネルギー密度を高める。これにより全固体リチウムイオン二次電池の実用化に寄与する。,電池モジュール筐体を備え、弾性部材を介した均一拘束構造とすることを特徴とする全固体電池。,蒼海自動車,山田 花子,H01M50/20,登録
特願2020-100563,2020/04/11,無負極型集電体構造及びその製造方法,本発明は、無負極型集電体構造に関する。従来技術では充電時にデンドライトが成長し短絡に至るという課題があった。本発明では、析出溶解を均一化する拘束圧構造を採用することにより、クーロン効率を改善する。これにより全固体リチウムイオン二次電池の実用化に寄与する。,無負極型集電体構造を備え、析出溶解を均一化する拘束圧構造を採用することを特徴とする全固体電池。,蒼海自動車,松本 亮;山田 由美;渡辺 恵,H01M10/052;H01M4/134,登録
特願2019-100250,2019/08/04,ガーネット型LLZO酸化物及びその製造方法,本発明は、ガーネット型LLZO酸化物に関する。従来技術ではリチウムデンドライトが粒界を伝播するという課題があった。本発明では、テープ成形により薄膜シート化することにより、粒界抵抗を低減し伝導度を向上する。これにより全固体リチウムイオン二次電池の実用化に寄与する。,ガーネット型LLZO酸化物を備え、テープ成形により薄膜シート化することを特徴とする全固体電池。,常盤田精機,高橋 望;鈴木 亮,C04B35/486,登録
特願2017-100950,2017/11/06,Li6PS5Cl固体電解質及びその製造方法,本発明は、Li6PS5Cl固体電解質に関する。従来技術では電極との界面抵抗が増大するという課題があった。本発明では、ガラスセラミックス化の熱処理条件を最適化することにより、エネルギー密度を大幅に向上する。これにより全固体リチウムイオン二次電池の実用化に寄与する。,Li6PS5Cl固体電解質を備え、ガラスセラミックス化の熱処理条件を最適化することを特徴とする全固体電池。,九曜電子,清水 香織;斎藤 真一,C01B17/22;H01M10/0562,取下
特願2025-100507,2025/08/01,複合正極合材を用いた全固体電池,本発明は、複合正極合材に関する。従来技術では複合正極内のイオン伝導経路が不連続になるという課題があった。本発明では、導電助剤と電解質の配合比を最適化することにより、界面抵抗を低減し出力特性を高める。これにより全固体リチウムイオン二次電池の実用化に寄与する。,複合正極合材を備え、導電助剤と電解質の配合比を最適化することを特徴とする全固体電池。,ハンビット電池,加藤 恵;山田 太郎;加藤 太郎,H01M4/525,公開
特願2023-100757,2023/05/12,加圧焼結積層工程及びその製造方法,本発明は、加圧焼結積層工程に関する。従来技術では大面積化すると均一な加圧が難しいという課題があった。本発明では、ロールプレスの線圧条件を段階制御することにより、量産タクトを短縮する。これにより全固体リチウムイオン二次電池の実用化に寄与する。,加圧焼結積層工程を備え、ロールプレスの線圧条件を段階制御することを特徴とする全固体電池。,桔梗精密,伊藤 大輔,H01M10/0585;H01M4/04,審査中
特願2017-100313,2017/08/07,ポリエチレンオキシド系ポリマー電解質及びその製造方法,本発明は、ポリエチレンオキシド系ポリマー電解質に関する。従来技術では電位窓が狭く高電圧正極に適用できないという課題があった。本発明では、可塑剤と無機フィラーを複合化することにより、薄膜大面積化を容易にする。これにより全固体リチウムイオン二次電池の実用化に寄与する。,ポリエチレンオキシド系ポリマー電解質を備え、可塑剤と無機フィラーを複合化することを特徴とする全固体電池。,汐留マテリアル,斎藤 健一;吉田 浩二,H01B1/12;H01M10/0565,登録
特願2018-100958,2018/06/04,架橋ゲルポリマー電解質及びその製造方法,本発明は、架橋ゲルポリマー電解質に関する。従来技術では機械的強度と柔軟性の両立が難しいという課題があった。本発明では、可塑剤と無機フィラーを複合化することにより、デンドライト発生を抑制し安全性を高める。これにより全固体リチウムイオン二次電池の実用化に寄与する。,架橋ゲルポリマー電解質を備え、可塑剤と無機フィラーを複合化することを特徴とする全固体電池。,九曜電子,加藤 亮;木村 美咲;森 隆,C08J5/22,登録
特願2025-100923,2025/05/09,積層セルパッケージ及びその製造方法,本発明は、積層セルパッケージに関する。従来技術では直列積層時の熱分布が不均一になるという課題があった。本発明では、バイポーラ集電体で直列接続を内蔵化することにより、サイクル後の容量維持率を改善する。これにより全固体リチウムイオン二次電池の実用化に寄与する。,積層セルパッケージを備え、バイポーラ集電体で直列接続を内蔵化することを特徴とする全固体電池。,みなと化学工業,小林 大輔;清水 浩二,H01M10/613;H01M50/20,登録
特願2023-100699,2023/11/24,乾式電極成形プロセスを用いた全固体電池,本発明は、乾式電極成形プロセスに関する。従来技術では積層時に層間に空隙が残り抵抗が増えるという課題があった。本発明では、乾式成膜により無溶媒で電極層を形成することにより、製造コストを削減する。これにより全固体リチウムイオン二次電池の実用化に寄与する。,乾式電極成形プロセスを備え、乾式成膜により無溶媒で電極層を形成することを特徴とする全固体電池。,常盤田精機,高橋 誠,B32B37/00;H01M4/04,審査中
特願2023-100578,2023/05/11,リチウム金属負極及びその製造方法,本発明は、リチウム金属負極に関する。従来技術では充電時にデンドライトが成長し短絡に至るという課題があった。本発明では、析出溶解を均一化する拘束圧構造を採用することにより、デンドライト発生を抑制し安全性を高める。これにより全固体リチウムイオン二次電池の実用化に寄与する。,リチウム金属負極を備え、析出溶解を均一化する拘束圧構造を採用することを特徴とする全固体電池。,白鳳電機産業,佐藤 拓也;中村 浩二,H01M4/134,登録
特願2021-100109,2021/02/10,Li6PS5Cl固体電解質及びその製造方法,本発明は、Li6PS5Cl固体電解質に関する。従来技術ではイオン伝導度が実用水準に届かないという課題があった。本発明では、ハロゲン元素を部分置換した組成とすることにより、硫化水素の発生量を大幅に抑制する。これにより全固体リチウムイオン二次電池の実用化に寄与する。,Li6PS5Cl固体電解質を備え、ハロゲン元素を部分置換した組成とすることを特徴とする全固体電池。,九曜電子,高橋 彩;林 隆,C01B17/22;H01M10/0562,登録
特願2017-100579,2017/12/19,リチウム析出制御層を用いた全固体電池,本発明は、リチウム析出制御層に関する。従来技術ではリチウムの不均一析出で容量が劣化するという課題があった。本発明では、析出溶解を均一化する拘束圧構造を採用することにより、デンドライト発生を抑制し安全性を高める。これにより全固体リチウムイオン二次電池の実用化に寄与する。,リチウム析出制御層を備え、析出溶解を均一化する拘束圧構造を採用することを特徴とする全固体電池。,葵テクノロジーズ,田中 静香;中村 拓也;渡辺 裕子,H01M10/052,登録
特願2025-100892,2025/03/26,ニオブ酸リチウム被覆正極活物質及びその製造方法,本発明は、ニオブ酸リチウム被覆正極活物質に関する。従来技術では正極活物質と硫化物電解質の界面で高抵抗層が形成されるという課題があった。本発明では、導電助剤と電解質の配合比を最適化することにより、室温で高いリチウムイオン伝導度を実現する。これにより全固体リチウムイオン二次電池の実用化に寄与する。,ニオブ酸リチウム被覆正極活物質を備え、導電助剤と電解質の配合比を最適化することを特徴とする全固体電池。,みなと化学工業,佐藤 美咲,H01M10/0562;H01M4/62,公開
特願2022-100403,2022/04/04,ニオブ酸リチウム被覆正極活物質及びその製造方法,本発明は、ニオブ酸リチウム被覆正極活物質に関する。従来技術では正極活物質と硫化物電解質の界面で高抵抗層が形成されるという課題があった。本発明では、導電助剤と電解質の配合比を最適化することにより、電極内の利用率を向上する。これにより全固体リチウムイオン二次電池の実用化に寄与する。,ニオブ酸リチウム被覆正極活物質を備え、導電助剤と電解質の配合比を最適化することを特徴とする全固体電池。,蓬莱新能源,井上 香織;佐藤 亮,H01M10/0562;H01M4/525,審査中
特願2019-100265,2019/04/20,酸化物系固体電解質焼結体及びその製造方法,本発明は、酸化物系固体電解質焼結体に関する。従来技術では薄膜化すると機械的強度が不足するという課題があった。本発明では、ドーパント元素で結晶構造を安定化することにより、デンドライト耐性を改善する。これにより全固体リチウムイオン二次電池の実用化に寄与する。,酸化物系固体電解質焼結体を備え、ドーパント元素で結晶構造を安定化することを特徴とする全固体電池。,白鳳電機産業,山口 隆,H01M10/0562,公開
特願2019-100376,2019/05/09,ポリエチレンオキシド系ポリマー電解質及びその製造方法,本発明は、ポリエチレンオキシド系ポリマー電解質に関する。従来技術では機械的強度と柔軟性の両立が難しいという課題があった。本発明では、可塑剤と無機フィラーを複合化することにより、柔軟性と伝導度を両立する。これにより全固体リチウムイオン二次電池の実用化に寄与する。,ポリエチレンオキシド系ポリマー電解質を備え、可塑剤と無機フィラーを複合化することを特徴とする全固体電池。,ソルグリーンエナジー,鈴木 亮;伊藤 真一;井上 静香,H01B1/12,登録
特願2024-100918,2024/02/28,有機無機ハイブリッド電解質膜を用いた全固体電池,本発明は、有機無機ハイブリッド電解質膜に関する。従来技術では電位窓が狭く高電圧正極に適用できないという課題があった。本発明では、可塑剤と無機フィラーを複合化することにより、クーロン効率を改善する。これにより全固体リチウムイオン二次電池の実用化に寄与する。,有機無機ハイブリッド電解質膜を備え、可塑剤と無機フィラーを複合化することを特徴とする全固体電池。,九曜電子,松本 大輔,C08J5/22;H01M10/0565,審査中
特願2022-100017,2022/08/17,Li2S-P2S5系ガラスセラミックス及びその製造方法,本発明は、Li2S-P2S5系ガラスセラミックスに関する。従来技術ではイオン伝導度が実用水準に届かないという課題があった。本発明では、ガラスセラミックス化の熱処理条件を最適化することにより、室温で高いリチウムイオン伝導度を実現する。これにより全固体リチウムイオン二次電池の実用化に寄与する。,Li2S-P2S5系ガラスセラミックスを備え、ガラスセラミックス化の熱処理条件を最適化することを特徴とする全固体電池。,みなと化学工業,鈴木 望;山田 由美,H01B1/06;H01M10/0562,公開
特願2020-100631,2020/03/19,リチウム合金負極及びその製造方法,本発明は、リチウム合金負極に関する。従来技術では負極と電解質の界面で副反応が進行するという課題があった。本発明では、固体電解質との界面に緩衝層を挿入することにより、デンドライト発生を抑制し安全性を高める。これにより全固体リチウムイオン二次電池の実用化に寄与する。,リチウム合金負極を備え、固体電解質との界面に緩衝層を挿入することを特徴とする全固体電池。,蒼海自動車,林 亮;佐藤 健一;伊藤 香織,H01M4/134;H01M4/38,拒絶
特願2018-100031,2018/05/14,Li6PS5Cl固体電解質及びその製造方法,本発明は、Li6PS5Cl固体電解質に関する。従来技術では粒界での抵抗が大きいという課題があった。本発明では、ガラスセラミックス化の熱処理条件を最適化することにより、充放電サイクル特性を改善する。これにより全固体リチウムイオン二次電池の実用化に寄与する。,Li6PS5Cl固体電解質を備え、ガラスセラミックス化の熱処理条件を最適化することを特徴とする全固体電池。,みなと化学工業,小林 裕子;中村 花子,H01M10/0562,取下
特願2018-100628,2018/07/14,リチウム合金負極及びその製造方法,本発明は、リチウム合金負極に関する。従来技術では充電時にデンドライトが成長し短絡に至るという課題があった。本発明では、析出溶解を均一化する拘束圧構造を採用することにより、エネルギー密度を大幅に向上する。これにより全固体リチウムイオン二次電池の実用化に寄与する。,リチウム合金負極を備え、析出溶解を均一化する拘束圧構造を採用することを特徴とする全固体電池。,蒼海自動車,山口 静香,H01M10/052;H01M4/38,登録
特願2020-100883,2020/11/18,無負極型集電体構造及びその製造方法,本発明は、無負極型集電体構造に関する。従来技術では充電時にデンドライトが成長し短絡に至るという課題があった。本発明では、固体電解質との界面に緩衝層を挿入することにより、充放電サイクル特性を改善する。これにより全固体リチウムイオン二次電池の実用化に寄与する。,無負極型集電体構造を備え、固体電解質との界面に緩衝層を挿入することを特徴とする全固体電池。,ハンビット電池,鈴木 由美;小林 浩二;中村 恵,H01M4/134;H01M4/38,審査中
特願2020-100214,2020/02/25,ガーネット型LLZO酸化物及びその製造方法,本発明は、ガーネット型LLZO酸化物に関する。従来技術では焼結温度が高くエネルギーコストが大きいという課題があった。本発明では、ドーパント元素で結晶構造を安定化することにより、デンドライト耐性を改善する。これにより全固体リチウムイオン二次電池の実用化に寄与する。,ガーネット型LLZO酸化物を備え、ドーパント元素で結晶構造を安定化することを特徴とする全固体電池。,白鳳電機産業,林 浩二;山本 直樹,C04B35/486,取下
特願2020-100209,2020/10/25,NASICON型リン酸系酸化物及びその製造方法,本発明は、NASICON型リン酸系酸化物に関する。従来技術ではリチウムデンドライトが粒界を伝播するという課題があった。本発明では、ドーパント元素で結晶構造を安定化することにより、粒界抵抗を低減し伝導度を向上する。これにより全固体リチウムイオン二次電池の実用化に寄与する。,NASICON型リン酸系酸化物を備え、ドーパント元素で結晶構造を安定化することを特徴とする全固体電池。,蒼海自動車,田中 健一;斎藤 裕子;木村 真一,H01B1/08;H01M10/0562,拒絶
特願2017-100102,2017/11/24,Li6PS5Cl固体電解質を用いた全固体電池,本発明は、Li6PS5Cl固体電解質に関する。従来技術では大気中の水分と反応して硫化水素が発生するという課題があった。本発明では、表面を酸化物系保護層で被覆することにより、硫化水素の発生量を大幅に抑制する。これにより全固体リチウムイオン二次電池の実用化に寄与する。,Li6PS5Cl固体電解質を備え、表面を酸化物系保護層で被覆することを特徴とする全固体電池。,みなと化学工業,山田 静香;小林 太郎,C01B17/22;H01M10/0562,登録
特願2017-100482,2017/07/12,複合正極合材及びその製造方法,本発明は、複合正極合材に関する。従来技術では複合正極内のイオン伝導経路が不連続になるという課題があった。本発明では、導電助剤と電解質の配合比を最適化することにより、界面抵抗を低減し出力特性を高める。これにより全固体リチウムイオン二次電池の実用化に寄与する。,複合正極合材を備え、導電助剤と電解質の配合比を最適化することを特徴とする全固体電池。,遠州電池,山本 太郎;伊藤 亮,H01M4/62,登録
特願2021-100509,2021/01/13,ニオブ酸リチウム被覆正極活物質及びその製造方法,本発明は、ニオブ酸リチウム被覆正極活物質に関する。従来技術では正極活物質と硫化物電解質の界面で高抵抗層が形成されるという課題があった。本発明では、導電助剤と電解質の配合比を最適化することにより、電極内の利用率を向上する。これにより全固体リチウムイオン二次電池の実用化に寄与する。,ニオブ酸リチウム被覆正極活物質を備え、導電助剤と電解質の配合比を最適化することを特徴とする全固体電池。,みなと化学工業,井上 修平;伊藤 亮;渡辺 浩二,H01M10/0562;H01M4/525,審査中
特願2017-100184,2017/03/07,ガーネット型LLZO酸化物及びその製造方法,本発明は、ガーネット型LLZO酸化物に関する。従来技術では薄膜化すると機械的強度が不足するという課題があった。本発明では、焼結助剤を添加して低温焼結を可能にすることにより、デンドライト耐性を改善する。これにより全固体リチウムイオン二次電池の実用化に寄与する。,ガーネット型LLZO酸化物を備え、焼結助剤を添加して低温焼結を可能にすることを特徴とする全固体電池。,若草セラミックス,吉田 拓也;山田 真一;吉田 誠,C04B35/486,取下
特願2018-100088,2018/02/12,Li2S-P2S5系ガラスセラミックス及びその製造方法,本発明は、Li2S-P2S5系ガラスセラミックスに関する。従来技術では電極との界面抵抗が増大するという課題があった。本発明では、ハロゲン元素を部分置換した組成とすることにより、室温で高いリチウムイオン伝導度を実現する。これにより全固体リチウムイオン二次電池の実用化に寄与する。,Li2S-P2S5系ガラスセラミックスを備え、ハロゲン元素を部分置換した組成とすることを特徴とする全固体電池。,葵テクノロジーズ,小林 美咲;山口 修平;清水 由美,H01M10/0562,拒絶
特願2018-100873,2018/11/14,積層セルパッケージを用いた全固体電池,本発明は、積層セルパッケージに関する。従来技術では直列積層時の熱分布が不均一になるという課題があった。本発明では、弾性部材を介した均一拘束構造とすることにより、部品点数を削減する。これにより全固体リチウムイオン二次電池の実用化に寄与する。,積層セルパッケージを備え、弾性部材を介した均一拘束構造とすることを特徴とする全固体電池。,蒼海自動車,小林 美咲,H01M10/613;H01M50/509,登録
特願2015-100349,2015/10/17,架橋ゲルポリマー電解質及びその製造方法,本発明は、架橋ゲルポリマー電解質に関する。従来技術では電位窓が狭く高電圧正極に適用できないという課題があった。本発明では、紫外線架橋により三次元網目構造を形成することにより、薄膜大面積化を容易にする。これにより全固体リチウムイオン二次電池の実用化に寄与する。,架橋ゲルポリマー電解質を備え、紫外線架橋により三次元網目構造を形成することを特徴とする全固体電池。,葵テクノロジーズ,加藤 真一;林 隆,C08J5/22;H01M10/0565,取下
特願2022-100572,2022/07/08,無負極型集電体構造及びその製造方法,本発明は、無負極型集電体構造に関する。従来技術では充電時にデンドライトが成長し短絡に至るという課題があった。本発明では、固体電解質との界面に緩衝層を挿入することにより、デンドライト発生を抑制し安全性を高める。これにより全固体リチウムイオン二次電池の実用化に寄与する。,無負極型集電体構造を備え、固体電解質との界面に緩衝層を挿入することを特徴とする全固体電池。,遠州電池,斎藤 直樹;高橋 大輔;田中 望,H01M4/38,公開
特願2020-100816,2020/01/24,バイポーラ型全固体電池を用いた全固体電池,本発明は、バイポーラ型全固体電池に関する。従来技術では端子部の接触抵抗が大きいという課題があった。本発明では、弾性部材を介した均一拘束構造とすることにより、温度分布を均一化し寿命を延ばす。これにより全固体リチウムイオン二次電池の実用化に寄与する。,バイポーラ型全固体電池を備え、弾性部材を介した均一拘束構造とすることを特徴とする全固体電池。,白鳳電機産業,山口 太郎,H01M50/20,登録
特願2019-100163,2019/01/11,Li6PS5Cl固体電解質及びその製造方法,本発明は、Li6PS5Cl固体電解質に関する。従来技術では粒界での抵抗が大きいという課題があった。本発明では、ガラスセラミックス化の熱処理条件を最適化することにより、室温で高いリチウムイオン伝導度を実現する。これにより全固体リチウムイオン二次電池の実用化に寄与する。,Li6PS5Cl固体電解質を備え、ガラスセラミックス化の熱処理条件を最適化することを特徴とする全固体電池。,九曜電子,高橋 亮,C01B17/22,登録
特願2020-100693,2020/12/07,電極シート成形装置を用いた全固体電池,本発明は、電極シート成形装置に関する。従来技術では大面積化すると均一な加圧が難しいという課題があった。本発明では、等方加圧により積層界面を密着させることにより、層間密着性を高め内部抵抗を低減する。これにより全固体リチウムイオン二次電池の実用化に寄与する。,電極シート成形装置を備え、等方加圧により積層界面を密着させることを特徴とする全固体電池。,蒼海自動車,斎藤 修平;佐藤 拓也,H01M10/0585,登録
特願2016-100066,2016/06/03,硫化物系固体電解質を用いた全固体電池,本発明は、硫化物系固体電解質に関する。従来技術では粒界での抵抗が大きいという課題があった。本発明では、ガラスセラミックス化の熱処理条件を最適化することにより、室温で高いリチウムイオン伝導度を実現する。これにより全固体リチウムイオン二次電池の実用化に寄与する。,硫化物系固体電解質を備え、ガラスセラミックス化の熱処理条件を最適化することを特徴とする全固体電池。,白鳳電機産業,松本 真一;森 拓也;松本 恵,C01B17/22;H01M10/0562,拒絶
特願2015-100842,2015/12/09,拘束圧付与機構及びその製造方法,本発明は、拘束圧付与機構に関する。従来技術では直列積層時の熱分布が不均一になるという課題があった。本発明では、弾性部材を介した均一拘束構造とすることにより、温度分布を均一化し寿命を延ばす。これにより全固体リチウムイオン二次電池の実用化に寄与する。,拘束圧付与機構を備え、弾性部材を介した均一拘束構造とすることを特徴とする全固体電池。,蒼海自動車,井上 裕子;渡辺 太郎,H01M10/613;H01M50/509,登録
特願2019-100178,2019/06/06,NASICON型リン酸系酸化物及びその製造方法,本発明は、NASICON型リン酸系酸化物に関する。従来技術ではリチウムデンドライトが粒界を伝播するという課題があった。本発明では、ドーパント元素で結晶構造を安定化することにより、デンドライト耐性を改善する。これにより全固体リチウムイオン二次電池の実用化に寄与する。,NASICON型リン酸系酸化物を備え、ドーパント元素で結晶構造を安定化することを特徴とする全固体電池。,北斗モータース,斎藤 恵;山本 望;鈴木 直樹,C04B35/486;H01M10/0562,拒絶
特願2023-100455,2023/10/06,NCM系正極と固体電解質の複合体及びその製造方法,本発明は、NCM系正極と固体電解質の複合体に関する。従来技術では複合正極内のイオン伝導経路が不連続になるという課題があった。本発明では、スラリー混練条件を制御し均一分散させることにより、電極内の利用率を向上する。これにより全固体リチウムイオン二次電池の実用化に寄与する。,NCM系正極と固体電解質の複合体を備え、スラリー混練条件を制御し均一分散させることを特徴とする全固体電池。,白鳳電機産業,斎藤 修平,H01M4/525,審査中
特願2015-100334,2015/11/17,有機無機ハイブリッド電解質膜及びその製造方法,本発明は、有機無機ハイブリッド電解質膜に関する。従来技術では機械的強度と柔軟性の両立が難しいという課題があった。本発明では、紫外線架橋により三次元網目構造を形成することにより、界面追従性を高める。これにより全固体リチウムイオン二次電池の実用化に寄与する。,有機無機ハイブリッド電解質膜を備え、紫外線架橋により三次元網目構造を形成することを特徴とする全固体電池。,中央先端科学研究所,井上 真一,C08J5/22;H01M10/0565,登録
特願2025-100907,2025/01/12,ガーネット型LLZO酸化物及びその製造方法,本発明は、ガーネット型LLZO酸化物に関する。従来技術では焼結温度が高くエネルギーコストが大きいという課題があった。本発明では、テープ成形により薄膜シート化することにより、製造コストを削減する。これにより全固体リチウムイオン二次電池の実用化に寄与する。,ガーネット型LLZO酸化物を備え、テープ成形により薄膜シート化することを特徴とする全固体電池。,蒼海自動車,木村 裕子;鈴木 彩,H01B1/08;H01M10/0562,審査中
特願2016-100141,2016/06/21,Li2S-P2S5系ガラスセラミックスを用いた全固体電池,本発明は、Li2S-P2S5系ガラスセラミックスに関する。従来技術では大気中の水分と反応して硫化水素が発生するという課題があった。本発明では、ハロゲン元素を部分置換した組成とすることにより、充放電サイクル特性を改善する。これにより全固体リチウムイオン二次電池の実用化に寄与する。,Li2S-P2S5系ガラスセラミックスを備え、ハロゲン元素を部分置換した組成とすることを特徴とする全固体電池。,北斗モータース,渡辺 静香,C01B17/22;H01B1/06,登録
特願2017-100161,2017/02/22,硫化物系固体電解質及びその製造方法,本発明は、硫化物系固体電解質に関する。従来技術では大気中の水分と反応して硫化水素が発生するという課題があった。本発明では、表面を酸化物系保護層で被覆することにより、充放電サイクル特性を改善する。これにより全固体リチウムイオン二次電池の実用化に寄与する。,硫化物系固体電解質を備え、表面を酸化物系保護層で被覆することを特徴とする全固体電池。,みなと化学工業,林 花子;田中 香織,C01B17/22;H01B1/06,拒絶
特願2020-100750,2020/12/28,乾式電極成形プロセスを用いた全固体電池,本発明は、乾式電極成形プロセスに関する。従来技術では積層時に層間に空隙が残り抵抗が増えるという課題があった。本発明では、ロールプレスの線圧条件を段階制御することにより、製造コストを削減する。これにより全固体リチウムイオン二次電池の実用化に寄与する。,乾式電極成形プロセスを備え、ロールプレスの線圧条件を段階制御することを特徴とする全固体電池。,白鳳電機産業,高橋 隆;林 誠,H01M4/04,審査中
特願2023-100237,2023/06/01,酸化物系固体電解質焼結体を用いた全固体電池,本発明は、酸化物系固体電解質焼結体に関する。従来技術では薄膜化すると機械的強度が不足するという課題があった。本発明では、テープ成形により薄膜シート化することにより、デンドライト耐性を改善する。これにより全固体リチウムイオン二次電池の実用化に寄与する。,酸化物系固体電解質焼結体を備え、テープ成形により薄膜シート化することを特徴とする全固体電池。,蒼海自動車,鈴木 亮;伊藤 大輔;吉田 健一,H01B1/08,公開
特願2017-100217,2017/04/15,酸化物系固体電解質焼結体及びその製造方法,本発明は、酸化物系固体電解質焼結体に関する。従来技術ではリチウムデンドライトが粒界を伝播するという課題があった。本発明では、テープ成形により薄膜シート化することにより、粒界抵抗を低減し伝導度を向上する。これにより全固体リチウムイオン二次電池の実用化に寄与する。,酸化物系固体電解質焼結体を備え、テープ成形により薄膜シート化することを特徴とする全固体電池。,白鳳電機産業,加藤 由美;木村 香織;清水 直樹,H01B1/08;H01M10/0562,登録
特願2022-100096,2022/10/27,硫化物系固体電解質を用いた全固体電池,本発明は、硫化物系固体電解質に関する。従来技術では粒界での抵抗が大きいという課題があった。本発明では、微粒子化と加圧成形条件を制御することにより、室温で高いリチウムイオン伝導度を実現する。これにより全固体リチウムイオン二次電池の実用化に寄与する。,硫化物系固体電解質を備え、微粒子化と加圧成形条件を制御することを特徴とする全固体電池。,白鳳電機産業,高橋 美咲,C01B17/22;H01B1/06,審査中
特願2016-100294,2016/12/25,ペロブスカイト型酸化物電解質を用いた全固体電池,本発明は、ペロブスカイト型酸化物電解質に関する。従来技術では薄膜化すると機械的強度が不足するという課題があった。本発明では、ドーパント元素で結晶構造を安定化することにより、粒界抵抗を低減し伝導度を向上する。これにより全固体リチウムイオン二次電池の実用化に寄与する。,ペロブスカイト型酸化物電解質を備え、ドーパント元素で結晶構造を安定化することを特徴とする全固体電池。,蒼海自動車,林 直樹;山本 美咲;渡辺 太郎,C04B35/486;H01M10/0562,登録
特願2023-100412,2023/01/01,NCM系正極と固体電解質の複合体及びその製造方法,本発明は、NCM系正極と固体電解質の複合体に関する。従来技術では複合正極内のイオン伝導経路が不連続になるという課題があった。本発明では、導電助剤と電解質の配合比を最適化することにより、電極内の利用率を向上する。これにより全固体リチウムイオン二次電池の実用化に寄与する。,NCM系正極と固体電解質の複合体を備え、導電助剤と電解質の配合比を最適化することを特徴とする全固体電池。,菫マテリアルズ,斎藤 直樹,H01M4/525,審査中
特願2023-100447,2023/07/09,複合正極合材を用いた全固体電池,本発明は、複合正極合材に関する。従来技術では充放電に伴う体積変化で界面が剥離するという課題があった。本発明では、スラリー混練条件を制御し均一分散させることにより、サイクル後の容量維持率を改善する。これにより全固体リチウムイオン二次電池の実用化に寄与する。,複合正極合材を備え、スラリー混練条件を制御し均一分散させることを特徴とする全固体電池。,燕岳鉱業,中村 太郎;中村 亮,H01M4/62,登録
特願2020-100475,2020/04/15,正極-電解質界面被覆層及びその製造方法,本発明は、正極-電解質界面被覆層に関する。従来技術では正極活物質と硫化物電解質の界面で高抵抗層が形成されるという課題があった。本発明では、スラリー混練条件を制御し均一分散させることにより、電極内の利用率を向上する。これにより全固体リチウムイオン二次電池の実用化に寄与する。,正極-電解質界面被覆層を備え、スラリー混練条件を制御し均一分散させることを特徴とする全固体電池。,白鳳電機産業,鈴木 裕子,H01M4/525;H01M4/62,登録
特願2024-100558,2024/04/03,無負極型集電体構造を用いた全固体電池,本発明は、無負極型集電体構造に関する。従来技術では充電時にデンドライトが成長し短絡に至るという課題があった。本発明では、固体電解質との界面に緩衝層を挿入することにより、クーロン効率を改善する。これにより全固体リチウムイオン二次電池の実用化に寄与する。,無負極型集電体構造を備え、固体電解質との界面に緩衝層を挿入することを特徴とする全固体電池。,桔梗精密,斎藤 静香,H01M4/134;H01M4/38,公開
特願2020-100539,2020/10/15,リチウム析出制御層及びその製造方法,本発明は、リチウム析出制御層に関する。従来技術では充電時にデンドライトが成長し短絡に至るという課題があった。本発明では、固体電解質との界面に緩衝層を挿入することにより、エネルギー密度を大幅に向上する。これにより全固体リチウムイオン二次電池の実用化に寄与する。,リチウム析出制御層を備え、固体電解質との界面に緩衝層を挿入することを特徴とする全固体電池。,高千穂金属,山本 拓也,H01M10/052;H01M4/38,登録
特願2022-100505,2022/03/26,NCM系正極と固体電解質の複合体及びその製造方法,本発明は、NCM系正極と固体電解質の複合体に関する。従来技術では複合正極内のイオン伝導経路が不連続になるという課題があった。本発明では、活物質表面に酸化物ナノ被覆層を形成することにより、界面抵抗を低減し出力特性を高める。これにより全固体リチウムイオン二次電池の実用化に寄与する。,NCM系正極と固体電解質の複合体を備え、活物質表面に酸化物ナノ被覆層を形成することを特徴とする全固体電池。,九曜電子,加藤 花子;清水 誠;田中 美咲,H01M4/525;H01M4/62,登録
特願2016-100806,2016/09/15,積層セルパッケージ及びその製造方法,本発明は、積層セルパッケージに関する。従来技術ではセル拘束圧の維持と軽量化が両立しないという課題があった。本発明では、冷却流路をモジュール内に一体成形することにより、体積エネルギー密度を高める。これにより全固体リチウムイオン二次電池の実用化に寄与する。,積層セルパッケージを備え、冷却流路をモジュール内に一体成形することを特徴とする全固体電池。,北斗モータース,山口 直樹,H01M10/613;H01M50/20,登録
特願2016-100356,2016/06/17,有機無機ハイブリッド電解質膜及びその製造方法,本発明は、有機無機ハイブリッド電解質膜に関する。従来技術では電位窓が狭く高電圧正極に適用できないという課題があった。本発明では、可塑剤と無機フィラーを複合化することにより、薄膜大面積化を容易にする。これにより全固体リチウムイオン二次電池の実用化に寄与する。,有機無機ハイブリッド電解質膜を備え、可塑剤と無機フィラーを複合化することを特徴とする全固体電池。,白鳳電機産業,吉田 隆;鈴木 望;小林 大輔,H01B1/12;H01M10/0565,登録
特願2018-100878,2018/04/18,積層セルパッケージ及びその製造方法,本発明は、積層セルパッケージに関する。従来技術では直列積層時の熱分布が不均一になるという課題があった。本発明では、バイポーラ集電体で直列接続を内蔵化することにより、体積エネルギー密度を高める。これにより全固体リチウムイオン二次電池の実用化に寄与する。,積層セルパッケージを備え、バイポーラ集電体で直列接続を内蔵化することを特徴とする全固体電池。,常盤田精機,高橋 浩二;中村 香織,H01M10/613;H01M50/509,拒絶
特願2021-100142,2021/07/19,Li2S-P2S5系ガラスセラミックス及びその製造方法,本発明は、Li2S-P2S5系ガラスセラミックスに関する。従来技術では粒界での抵抗が大きいという課題があった。本発明では、微粒子化と加圧成形条件を制御することにより、室温で高いリチウムイオン伝導度を実現する。これにより全固体リチウムイオン二次電池の実用化に寄与する。,Li2S-P2S5系ガラスセラミックスを備え、微粒子化と加圧成形条件を制御することを特徴とする全固体電池。,瀬戸内硝子,清水 健一,C01B17/22;H01B1/06,公開
特願2015-100092,2015/12/23,硫化物系固体電解質及びその製造方法,本発明は、硫化物系固体電解質に関する。従来技術では大気中の水分と反応して硫化水素が発生するという課題があった。本発明では、ガラスセラミックス化の熱処理条件を最適化することにより、室温で高いリチウムイオン伝導度を実現する。これにより全固体リチウムイオン二次電池の実用化に寄与する。,硫化物系固体電解質を備え、ガラスセラミックス化の熱処理条件を最適化することを特徴とする全固体電池。,白鳳電機産業,高橋 隆,H01B1/06;H01M10/0562,登録
特願2021-100075,2021/01/19,硫化物系固体電解質を用いた全固体電池,本発明は、硫化物系固体電解質に関する。従来技術では電極との界面抵抗が増大するという課題があった。本発明では、微粒子化と加圧成形条件を制御することにより、室温で高いリチウムイオン伝導度を実現する。これにより全固体リチウムイオン二次電池の実用化に寄与する。,硫化物系固体電解質を備え、微粒子化と加圧成形条件を制御することを特徴とする全固体電池。,常盤田精機,佐藤 花子;中村 香織,H01M10/0562,拒絶
特願2021-100592,2021/03/10,リチウム析出制御層及びその製造方法,本発明は、リチウム析出制御層に関する。従来技術では充電時にデンドライトが成長し短絡に至るという課題があった。本発明では、固体電解質との界面に緩衝層を挿入することにより、デンドライト発生を抑制し安全性を高める。これにより全固体リチウムイオン二次電池の実用化に寄与する。,リチウム析出制御層を備え、固体電解質との界面に緩衝層を挿入することを特徴とする全固体電池。,みなと化学工業,井上 拓也,H01M4/134;H01M4/38,公開
特願2018-100197,2018/06/01,ペロブスカイト型酸化物電解質及びその製造方法,本発明は、ペロブスカイト型酸化物電解質に関する。従来技術ではリチウムデンドライトが粒界を伝播するという課題があった。本発明では、粒界に非晶質層を導入することにより、低温プロセスでの量産性を高める。これにより全固体リチウムイオン二次電池の実用化に寄与する。,ペロブスカイト型酸化物電解質を備え、粒界に非晶質層を導入することを特徴とする全固体電池。,蒼海自動車,森 健一;森 誠;山口 亮,H01B1/08;H01M10/0562,取下
特願2021-100771,2021/02/09,電極シート成形装置を用いた全固体電池,本発明は、電極シート成形装置に関する。従来技術では溶媒系プロセスが電解質を劣化させるという課題があった。本発明では、乾式成膜により無溶媒で電極層を形成することにより、量産タクトを短縮する。これにより全固体リチウムイオン二次電池の実用化に寄与する。,電極シート成形装置を備え、乾式成膜により無溶媒で電極層を形成することを特徴とする全固体電池。,遠州電池,山田 修平;伊藤 由美,H01M10/0585;H01M4/04,取下
特願2017-100312,2017/06/05,架橋ゲルポリマー電解質を用いた全固体電池,本発明は、架橋ゲルポリマー電解質に関する。従来技術では室温でのイオン伝導度が低いという課題があった。本発明では、ブロック共重合体で相分離構造を制御することにより、柔軟性と伝導度を両立する。これにより全固体リチウムイオン二次電池の実用化に寄与する。,架橋ゲルポリマー電解質を備え、ブロック共重合体で相分離構造を制御することを特徴とする全固体電池。,白鳳電機産業,林 浩二,C08J5/22;H01M10/0565,登録
特願2019-100744,2019/04/28,電極シート成形装置を用いた全固体電池,本発明は、電極シート成形装置に関する。従来技術では大面積化すると均一な加圧が難しいという課題があった。本発明では、乾式成膜により無溶媒で電極層を形成することにより、製造コストを削減する。これにより全固体リチウムイオン二次電池の実用化に寄与する。,電極シート成形装置を備え、乾式成膜により無溶媒で電極層を形成することを特徴とする全固体電池。,蒼海自動車,高橋 望;佐藤 大輔;田中 花子,H01M10/0585;H01M4/04,取下
特願2018-100688,2018/08/24,乾式電極成形プロセス及びその製造方法,本発明は、乾式電極成形プロセスに関する。従来技術では大面積化すると均一な加圧が難しいという課題があった。本発明では、乾式成膜により無溶媒で電極層を形成することにより、製造コストを削減する。これにより全固体リチウムイオン二次電池の実用化に寄与する。,乾式電極成形プロセスを備え、乾式成膜により無溶媒で電極層を形成することを特徴とする全固体電池。,九曜電子,加藤 健一;斎藤 隆,B32B37/00;H01M10/0585,登録
特願2016-100029,2016/12/19,Li2S-P2S5系ガラスセラミックス及びその製造方法,本発明は、Li2S-P2S5系ガラスセラミックスに関する。従来技術では電極との界面抵抗が増大するという課題があった。本発明では、微粒子化と加圧成形条件を制御することにより、室温で高いリチウムイオン伝導度を実現する。これにより全固体リチウムイオン二次電池の実用化に寄与する。,Li2S-P2S5系ガラスセラミックスを備え、微粒子化と加圧成形条件を制御することを特徴とする全固体電池。,みなと化学工業,山口 亮;佐藤 彩,C01B17/22;H01M10/0562,登録
特願2021-100764,2021/05/02,乾式電極成形プロセス及びその製造方法,本発明は、乾式電極成形プロセスに関する。従来技術では積層時に層間に空隙が残り抵抗が増えるという課題があった。本発明では、ロールプレスの線圧条件を段階制御することにより、層間密着性を高め内部抵抗を低減する。これにより全固体リチウムイオン二次電池の実用化に寄与する。,乾式電極成形プロセスを備え、ロールプレスの線圧条件を段階制御することを特徴とする全固体電池。,九曜電子,井上 香織,B32B37/00;H01M4/04,審査中
特願2019-100122,2019/08/24,硫化物系固体電解質及びその製造方法,本発明は、硫化物系固体電解質に関する。従来技術では粒界での抵抗が大きいという課題があった。本発明では、ガラスセラミックス化の熱処理条件を最適化することにより、充放電サイクル特性を改善する。これにより全固体リチウムイオン二次電池の実用化に寄与する。,硫化物系固体電解質を備え、ガラスセラミックス化の熱処理条件を最適化することを特徴とする全固体電池。,白鳳電機産業,森 花子,H01B1/06,審査中
特願2015-100372,2015/07/02,有機無機ハイブリッド電解質膜を用いた全固体電池,本発明は、有機無機ハイブリッド電解質膜に関する。従来技術では機械的強度と柔軟性の両立が難しいという課題があった。本発明では、ブロック共重合体で相分離構造を制御することにより、薄膜大面積化を容易にする。これにより全固体リチウムイオン二次電池の実用化に寄与する。,有機無機ハイブリッド電解質膜を備え、ブロック共重合体で相分離構造を制御することを特徴とする全固体電池。,蒼海自動車,森 太郎;中村 拓也,H01M10/0565,取下
特願2020-100279,2020/10/16,ペロブスカイト型酸化物電解質を用いた全固体電池,本発明は、ペロブスカイト型酸化物電解質に関する。従来技術では薄膜化すると機械的強度が不足するという課題があった。本発明では、ドーパント元素で結晶構造を安定化することにより、低温プロセスでの量産性を高める。これにより全固体リチウムイオン二次電池の実用化に寄与する。,ペロブスカイト型酸化物電解質を備え、ドーパント元素で結晶構造を安定化することを特徴とする全固体電池。,ハンビット電池,佐藤 香織;渡辺 拓也,C04B35/486;H01B1/08,公開
特願2021-100427,2021/08/10,正極-電解質界面被覆層及びその製造方法,本発明は、正極-電解質界面被覆層に関する。従来技術では充放電に伴う体積変化で界面が剥離するという課題があった。本発明では、導電助剤と電解質の配合比を最適化することにより、サイクル後の容量維持率を改善する。これにより全固体リチウムイオン二次電池の実用化に寄与する。,正極-電解質界面被覆層を備え、導電助剤と電解質の配合比を最適化することを特徴とする全固体電池。,蒼海自動車,木村 太郎;山口 望;田中 誠,H01M10/0562;H01M4/62,公開
特願2021-100005,2021/11/14,Li6PS5Cl固体電解質及びその製造方法,本発明は、Li6PS5Cl固体電解質に関する。従来技術では粒界での抵抗が大きいという課題があった。本発明では、ハロゲン元素を部分置換した組成とすることにより、硫化水素の発生量を大幅に抑制する。これにより全固体リチウムイオン二次電池の実用化に寄与する。,Li6PS5Cl固体電解質を備え、ハロゲン元素を部分置換した組成とすることを特徴とする全固体電池。,高千穂金属,山本 望;中村 亮;清水 隆,H01B1/06,登録
特願2021-100113,2021/08/12,Li6PS5Cl固体電解質及びその製造方法,本発明は、Li6PS5Cl固体電解質に関する。従来技術ではイオン伝導度が実用水準に届かないという課題があった。本発明では、ハロゲン元素を部分置換した組成とすることにより、硫化水素の発生量を大幅に抑制する。これにより全固体リチウムイオン二次電池の実用化に寄与する。,Li6PS5Cl固体電解質を備え、ハロゲン元素を部分置換した組成とすることを特徴とする全固体電池。,中央先端科学研究所,鈴木 拓也,H01B1/06;H01M10/0562,公開
特願2019-100038,2019/11/27,Li6PS5Cl固体電解質及びその製造方法,本発明は、Li6PS5Cl固体電解質に関する。従来技術では電極との界面抵抗が増大するという課題があった。本発明では、微粒子化と加圧成形条件を制御することにより、充放電サイクル特性を改善する。これにより全固体リチウムイオン二次電池の実用化に寄与する。,Li6PS5Cl固体電解質を備え、微粒子化と加圧成形条件を制御することを特徴とする全固体電池。,白鳳電機産業,井上 浩二,H01B1/06;H01M10/0562,登録
特願2020-100906,2020/02/25,加圧焼結積層工程を用いた全固体電池,本発明は、加圧焼結積層工程に関する。従来技術では積層時に層間に空隙が残り抵抗が増えるという課題があった。本発明では、ロールプレスの線圧条件を段階制御することにより、硫化水素の発生量を大幅に抑制する。これにより全固体リチウムイオン二次電池の実用化に寄与する。,加圧焼結積層工程を備え、ロールプレスの線圧条件を段階制御することを特徴とする全固体電池。,蒼海自動車,山田 静香;渡辺 美咲;小林 直樹,B32B37/00;H01M4/04,登録
特願2020-100946,2020/07/10,拘束圧付与機構及びその製造方法,本発明は、拘束圧付与機構に関する。従来技術では直列積層時の熱分布が不均一になるという課題があった。本発明では、弾性部材を介した均一拘束構造とすることにより、部品点数を削減する。これにより全固体リチウムイオン二次電池の実用化に寄与する。,拘束圧付与機構を備え、弾性部材を介した均一拘束構造とすることを特徴とする全固体電池。,東雲重工業,吉田 恵;清水 修平;伊藤 裕子,H01M10/613;H01M50/20,登録
特願2019-100686,2019/12/18,加圧焼結積層工程及びその製造方法,本発明は、加圧焼結積層工程に関する。従来技術では積層時に層間に空隙が残り抵抗が増えるという課題があった。本発明では、乾式成膜により無溶媒で電極層を形成することにより、量産タクトを短縮する。これにより全固体リチウムイオン二次電池の実用化に寄与する。,加圧焼結積層工程を備え、乾式成膜により無溶媒で電極層を形成することを特徴とする全固体電池。,九曜電子,佐藤 恵;清水 望;木村 真一,B32B37/00;H01M4/04,取下
特願2015-100303,2015/06/11,ポリエチレンオキシド系ポリマー電解質を用いた全固体電池,本発明は、ポリエチレンオキシド系ポリマー電解質に関する。従来技術では室温でのイオン伝導度が低いという課題があった。本発明では、紫外線架橋により三次元網目構造を形成することにより、柔軟性と伝導度を両立する。これにより全固体リチウムイオン二次電池の実用化に寄与する。,ポリエチレンオキシド系ポリマー電解質を備え、紫外線架橋により三次元網目構造を形成することを特徴とする全固体電池。,遠州電池,田中 太郎,C08J5/22;H01B1/12,登録
特願2019-100698,2019/07/08,乾式電極成形プロセス及びその製造方法,本発明は、乾式電極成形プロセスに関する。従来技術では溶媒系プロセスが電解質を劣化させるという課題があった。本発明では、乾式成膜により無溶媒で電極層を形成することにより、製造コストを削減する。これにより全固体リチウムイオン二次電池の実用化に寄与する。,乾式電極成形プロセスを備え、乾式成膜により無溶媒で電極層を形成することを特徴とする全固体電池。,東雲重工業,木村 香織;山田 由美,B32B37/00;H01M4/04,登録
特願2023-100525,2023/02/14,NCM系正極と固体電解質の複合体を用いた全固体電池,本発明は、NCM系正極と固体電解質の複合体に関する。従来技術では複合正極内のイオン伝導経路が不連続になるという課題があった。本発明では、導電助剤と電解質の配合比を最適化することにより、界面抵抗を低減し出力特性を高める。これにより全固体リチウムイオン二次電池の実用化に寄与する。,NCM系正極と固体電解質の複合体を備え、導電助剤と電解質の配合比を最適化することを特徴とする全固体電池。,若草セラミックス,吉田 由美,H01M10/0562;H01M4/62,審査中
特願2017-100257,2017/09/14,酸化物系固体電解質焼結体及びその製造方法,本発明は、酸化物系固体電解質焼結体に関する。従来技術では薄膜化すると機械的強度が不足するという課題があった。本発明では、テープ成形により薄膜シート化することにより、粒界抵抗を低減し伝導度を向上する。これにより全固体リチウムイオン二次電池の実用化に寄与する。,酸化物系固体電解質焼結体を備え、テープ成形により薄膜シート化することを特徴とする全固体電池。,みなと化学工業,山田 香織;渡辺 静香;田中 恵,C04B35/486,取下
特願2019-100770,2019/01/08,乾式電極成形プロセス及びその製造方法,本発明は、乾式電極成形プロセスに関する。従来技術では溶媒系プロセスが電解質を劣化させるという課題があった。本発明では、乾式成膜により無溶媒で電極層を形成することにより、量産タクトを短縮する。これにより全固体リチウムイオン二次電池の実用化に寄与する。,乾式電極成形プロセスを備え、乾式成膜により無溶媒で電極層を形成することを特徴とする全固体電池。,燕岳鉱業,清水 恵;林 静香,B32B37/00;H01M4/04,登録
特願2023-100159,2023/05/23,硫化物系固体電解質を用いた全固体電池,本発明は、硫化物系固体電解質に関する。従来技術では粒界での抵抗が大きいという課題があった。本発明では、ガラスセラミックス化の熱処理条件を最適化することにより、室温で高いリチウムイオン伝導度を実現する。これにより全固体リチウムイオン二次電池の実用化に寄与する。,硫化物系固体電解質を備え、ガラスセラミックス化の熱処理条件を最適化することを特徴とする全固体電池。,白樺電工,松本 亮;松本 直樹;佐藤 彩,H01B1/06,審査中
特願2016-100828,2016/04/02,電池モジュール筐体を用いた全固体電池,本発明は、電池モジュール筐体に関する。従来技術では端子部の接触抵抗が大きいという課題があった。本発明では、冷却流路をモジュール内に一体成形することにより、部品点数を削減する。これにより全固体リチウムイオン二次電池の実用化に寄与する。,電池モジュール筐体を備え、冷却流路をモジュール内に一体成形することを特徴とする全固体電池。,白鳳電機産業,吉田 恵;渡辺 太郎;中村 浩二,H01M50/20,登録
特願2015-100362,2015/03/08,架橋ゲルポリマー電解質及びその製造方法,本発明は、架橋ゲルポリマー電解質に関する。従来技術では電位窓が狭く高電圧正極に適用できないという課題があった。本発明では、可塑剤と無機フィラーを複合化することにより、柔軟性と伝導度を両立する。これにより全固体リチウムイオン二次電池の実用化に寄与する。,架橋ゲルポリマー電解質を備え、可塑剤と無機フィラーを複合化することを特徴とする全固体電池。,蒼海自動車,佐藤 美咲;清水 由美,C08J5/22;H01B1/12,登録
特願2019-100867,2019/12/10,積層セルパッケージを用いた全固体電池,本発明は、積層セルパッケージに関する。従来技術ではセル拘束圧の維持と軽量化が両立しないという課題があった。本発明では、冷却流路をモジュール内に一体成形することにより、温度分布を均一化し寿命を延ばす。これにより全固体リチウムイオン二次電池の実用化に寄与する。,積層セルパッケージを備え、冷却流路をモジュール内に一体成形することを特徴とする全固体電池。,蒼海自動車,森 浩二;山田 直樹;斎藤 浩二,H01M50/509,登録
特願2022-100887,2022/09/21,ニオブ酸リチウム被覆正極活物質及びその製造方法,本発明は、ニオブ酸リチウム被覆正極活物質に関する。従来技術では複合正極内のイオン伝導経路が不連続になるという課題があった。本発明では、スラリー混練条件を制御し均一分散させることにより、界面抵抗を低減し出力特性を高める。これにより全固体リチウムイオン二次電池の実用化に寄与する。,ニオブ酸リチウム被覆正極活物質を備え、スラリー混練条件を制御し均一分散させることを特徴とする全固体電池。,みなと化学工業,松本 修平;田中 香織,H01M10/0562;H01M4/62,公開
特願2020-100103,2020/03/15,アルジロダイト型硫化物及びその製造方法,本発明は、アルジロダイト型硫化物に関する。従来技術では電極との界面抵抗が増大するという課題があった。本発明では、ガラスセラミックス化の熱処理条件を最適化することにより、充放電サイクル特性を改善する。これにより全固体リチウムイオン二次電池の実用化に寄与する。,アルジロダイト型硫化物を備え、ガラスセラミックス化の熱処理条件を最適化することを特徴とする全固体電池。,常盤田精機,山口 美咲;木村 由美,C01B17/22;H01B1/06,拒絶
特願2019-100679,2019/09/28,全固体電池の積層体及びその製造方法,本発明は、全固体電池の積層体に関する。従来技術では溶媒系プロセスが電解質を劣化させるという課題があった。本発明では、等方加圧により積層界面を密着させることにより、製造コストを削減する。これにより全固体リチウムイオン二次電池の実用化に寄与する。,全固体電池の積層体を備え、等方加圧により積層界面を密着させることを特徴とする全固体電池。,白鳳電機産業,加藤 由美;斎藤 直樹;森 健一,B32B37/00,審査中
特願2022-100439,2022/05/28,NCM系正極と固体電解質の複合体及びその製造方法,本発明は、NCM系正極と固体電解質の複合体に関する。従来技術では充放電に伴う体積変化で界面が剥離するという課題があった。本発明では、導電助剤と電解質の配合比を最適化することにより、電極内の利用率を向上する。これにより全固体リチウムイオン二次電池の実用化に寄与する。,NCM系正極と固体電解質の複合体を備え、導電助剤と電解質の配合比を最適化することを特徴とする全固体電池。,東都工業大学,井上 花子;森 亮,H01M10/0562;H01M4/525,審査中
特願2022-100480,2022/02/09,NCM系正極と固体電解質の複合体を用いた全固体電池,本発明は、NCM系正極と固体電解質の複合体に関する。従来技術では正極活物質と硫化物電解質の界面で高抵抗層が形成されるという課題があった。本発明では、活物質表面に酸化物ナノ被覆層を形成することにより、サイクル後の容量維持率を改善する。これにより全固体リチウムイオン二次電池の実用化に寄与する。,NCM系正極と固体電解質の複合体を備え、活物質表面に酸化物ナノ被覆層を形成することを特徴とする全固体電池。,瀬戸内硝子,小林 裕子,H01M4/62,審査中
特願2025-100494,2025/12/26,ニオブ酸リチウム被覆正極活物質及びその製造方法,本発明は、ニオブ酸リチウム被覆正極活物質に関する。従来技術では充放電に伴う体積変化で界面が剥離するという課題があった。本発明では、活物質表面に酸化物ナノ被覆層を形成することにより、界面抵抗を低減し出力特性を高める。これにより全固体リチウムイオン二次電池の実用化に寄与する。,ニオブ酸リチウム被覆正極活物質を備え、活物質表面に酸化物ナノ被覆層を形成することを特徴とする全固体電池。,白鳳電機産業,井上 恵;山本 彩;田中 香織,H01M4/525;H01M4/62,公開
特願2016-100388,2016/07/11,正極-電解質界面被覆層及びその製造方法,本発明は、正極-電解質界面被覆層に関する。従来技術では充放電に伴う体積変化で界面が剥離するという課題があった。本発明では、活物質表面に酸化物ナノ被覆層を形成することにより、界面抵抗を低減し出力特性を高める。これにより全固体リチウムイオン二次電池の実用化に寄与する。,正極-電解質界面被覆層を備え、活物質表面に酸化物ナノ被覆層を形成することを特徴とする全固体電池。,燕岳鉱業,斎藤 浩二;加藤 隆,H01M10/0562;H01M4/525,登録
特願2021-100673,2021/05/24,電極シート成形装置及びその製造方法,本発明は、電極シート成形装置に関する。従来技術では溶媒系プロセスが電解質を劣化させるという課題があった。本発明では、乾式成膜により無溶媒で電極層を形成することにより、製造コストを削減する。これにより全固体リチウムイオン二次電池の実用化に寄与する。,電極シート成形装置を備え、乾式成膜により無溶媒で電極層を形成することを特徴とする全固体電池。,若草セラミックス,井上 隆,B32B37/00;H01M10/0585,公開
特願2023-100529,2023/11/11,複合正極合材及びその製造方法,本発明は、複合正極合材に関する。従来技術では正極活物質と硫化物電解質の界面で高抵抗層が形成されるという課題があった。本発明では、スラリー混練条件を制御し均一分散させることにより、界面抵抗を低減し出力特性を高める。これにより全固体リチウムイオン二次電池の実用化に寄与する。,複合正極合材を備え、スラリー混練条件を制御し均一分散させることを特徴とする全固体電池。,蒼海自動車,吉田 拓也;鈴木 亮;山田 美咲,H01M4/525;H01M4/62,公開
特願2019-100099,2019/02/19,Li6PS5Cl固体電解質を用いた全固体電池,本発明は、Li6PS5Cl固体電解質に関する。従来技術ではイオン伝導度が実用水準に届かないという課題があった。本発明では、ハロゲン元素を部分置換した組成とすることにより、硫化水素の発生量を大幅に抑制する。これにより全固体リチウムイオン二次電池の実用化に寄与する。,Li6PS5Cl固体電解質を備え、ハロゲン元素を部分置換した組成とすることを特徴とする全固体電池。,琥珀ガス化学,清水 健一,H01B1/06,審査中
特願2024-100759,2024/11/11,全固体電池の積層体を用いた全固体電池,本発明は、全固体電池の積層体に関する。従来技術では溶媒系プロセスが電解質を劣化させるという課題があった。本発明では、ロールプレスの線圧条件を段階制御することにより、製造コストを削減する。これにより全固体リチウムイオン二次電池の実用化に寄与する。,全固体電池の積層体を備え、ロールプレスの線圧条件を段階制御することを特徴とする全固体電池。,桔梗精密,山口 浩二;加藤 望,B32B37/00;H01M4/04,登録
特願2022-100624,2022/03/17,リチウム金属負極を用いた全固体電池,本発明は、リチウム金属負極に関する。従来技術では充電時にデンドライトが成長し短絡に至るという課題があった。本発明では、集電体表面に親リチウム性シード層を設けることにより、デンドライト発生を抑制し安全性を高める。これにより全固体リチウムイオン二次電池の実用化に寄与する。,リチウム金属負極を備え、集電体表面に親リチウム性シード層を設けることを特徴とする全固体電池。,白鳳電機産業,中村 修平;伊藤 美咲,H01M4/134;H01M4/38,公開
特願2025-100919,2025/04/19,アルジロダイト型硫化物及びその製造方法,本発明は、アルジロダイト型硫化物に関する。従来技術では大気中の水分と反応して硫化水素が発生するという課題があった。本発明では、表面を酸化物系保護層で被覆することにより、製造コストを削減する。これにより全固体リチウムイオン二次電池の実用化に寄与する。,アルジロダイト型硫化物を備え、表面を酸化物系保護層で被覆することを特徴とする全固体電池。,みなと化学工業,清水 拓也;佐藤 彩,H01B1/06;H01M10/0562,審査中
特願2017-100544,2017/02/21,リチウム金属負極及びその製造方法,本発明は、リチウム金属負極に関する。従来技術ではリチウムの不均一析出で容量が劣化するという課題があった。本発明では、析出溶解を均一化する拘束圧構造を採用することにより、クーロン効率を改善する。これにより全固体リチウムイオン二次電池の実用化に寄与する。,リチウム金属負極を備え、析出溶解を均一化する拘束圧構造を採用することを特徴とする全固体電池。,みなと化学工業,渡辺 真一,H01M4/38,登録
